x0,x1,x2,x3,x4,x5,y
0.2,0.2,10.0,100.0,10.0,0.08319,0.00087996
0.2,0.2,10.0,100.0,10.0,0.7834,0.0087996
0.2,0.2,10.0,100.0,10.0,0.84094,0.0096796
0.2,0.2,10.0,100.0,10.0,0.88892,0.01056
0.2,0.2,10.0,100.0,10.0,0.92659,0.01144
0.2,0.2,10.0,100.0,10.0,0.95147,0.012319
0.2,0.2,10.0,100.0,10.0,0.97208,0.013199
0.2,0.2,10.0,100.0,10.0,0.98681,0.014079
0.2,0.2,10.0,100.0,10.0,0.99075,0.014959
0.2,0.2,10.0,100.0,10.0,0.9947,0.015839
0.2,0.2,10.0,100.0,10.0,0.99864,0.016719
0.2,0.2,10.0,100.0,10.0,0.16618,0.0017599
0.2,0.2,10.0,100.0,10.0,1.0026,0.017599
0.2,0.2,10.0,100.0,10.0,0.24853,0.0026399
0.2,0.2,10.0,100.0,10.0,0.33002,0.0035199
0.2,0.2,10.0,100.0,10.0,0.41041,0.0043998
0.2,0.2,10.0,100.0,10.0,0.48937,0.0052798
0.2,0.2,10.0,100.0,10.0,0.56684,0.0061597
0.2,0.2,10.0,100.0,10.0,0.64224,0.0070397
0.2,0.2,10.0,100.0,10.0,0.71518,0.0079197
0.2,0.2,10.0,1000.0,10.0,0.14412,0.00015262
0.2,0.2,10.0,1000.0,10.0,0.98357,0.0015262
0.2,0.2,10.0,1000.0,10.0,0.99207,0.0016788
0.2,0.2,10.0,1000.0,10.0,1.0006,0.0018314
0.2,0.2,10.0,1000.0,10.0,1.0083,0.0019841
0.2,0.2,10.0,1000.0,10.0,1.0154,0.0021367
0.2,0.2,10.0,1000.0,10.0,1.0231,0.0022893
0.2,0.2,10.0,1000.0,10.0,1.0307,0.0024419
0.2,0.2,10.0,1000.0,10.0,1.0382,0.0025945
0.2,0.2,10.0,1000.0,10.0,1.0454,0.0027472
0.2,0.2,10.0,1000.0,10.0,1.0525,0.0028998
0.2,0.2,10.0,1000.0,10.0,0.28675,0.00030524
0.2,0.2,10.0,1000.0,10.0,1.0592,0.0030524
0.2,0.2,10.0,1000.0,10.0,0.4266,0.00045786
0.2,0.2,10.0,1000.0,10.0,0.56189,0.00061048
0.2,0.2,10.0,1000.0,10.0,0.6911,0.0007631
0.2,0.2,10.0,1000.0,10.0,0.804,0.00091572
0.2,0.2,10.0,1000.0,10.0,0.88666,0.0010683
0.2,0.2,10.0,1000.0,10.0,0.94317,0.001221
0.2,0.2,10.0,1000.0,10.0,0.97507,0.0013736
0.2,0.2,10.0,200.0,10.0,0.087751,0.0004641
0.2,0.2,10.0,200.0,10.0,0.81636,0.004641
0.2,0.2,10.0,200.0,10.0,0.87141,0.0051051
0.2,0.2,10.0,200.0,10.0,0.91545,0.0055692
0.2,0.2,10.0,200.0,10.0,0.94524,0.0060333
0.2,0.2,10.0,200.0,10.0,0.97302,0.0064974
0.2,0.2,10.0,200.0,10.0,0.97968,0.0069615
0.2,0.2,10.0,200.0,10.0,0.98575,0.0074256
0.2,0.2,10.0,200.0,10.0,0.99183,0.0078897
0.2,0.2,10.0,200.0,10.0,0.9979,0.0083538
0.2,0.2,10.0,200.0,10.0,1.0029,0.0088179
0.2,0.2,10.0,200.0,10.0,0.17525,0.0009282
0.2,0.2,10.0,200.0,10.0,1.0067,0.009282
0.2,0.2,10.0,200.0,10.0,0.26201,0.0013923
0.2,0.2,10.0,200.0,10.0,0.34775,0.0018564
0.2,0.2,10.0,200.0,10.0,0.43229,0.0023205
0.2,0.2,10.0,200.0,10.0,0.51511,0.0027846
0.2,0.2,10.0,200.0,10.0,0.59625,0.0032487
0.2,0.2,10.0,200.0,10.0,0.67474,0.0037128
0.2,0.2,10.0,200.0,10.0,0.75016,0.0041769
0.2,0.2,10.0,300.0,10.0,0.10994,0.0003877
0.2,0.2,10.0,300.0,10.0,0.93388,0.003877
0.2,0.2,10.0,300.0,10.0,0.96344,0.0042647
0.2,0.2,10.0,300.0,10.0,0.98719,0.0046524
0.2,0.2,10.0,300.0,10.0,0.99206,0.0050401
0.2,0.2,10.0,300.0,10.0,0.99692,0.0054278
0.2,0.2,10.0,300.0,10.0,1.0018,0.0058155
0.2,0.2,10.0,300.0,10.0,1.0068,0.0062032
0.2,0.2,10.0,300.0,10.0,1.0127,0.0065909
0.2,0.2,10.0,300.0,10.0,1.0188,0.0069786
0.2,0.2,10.0,300.0,10.0,1.0243,0.0073663
0.2,0.2,10.0,300.0,10.0,0.21926,0.0007754
0.2,0.2,10.0,300.0,10.0,1.0294,0.007754
0.2,0.2,10.0,300.0,10.0,0.32723,0.0011631
0.2,0.2,10.0,300.0,10.0,0.43328,0.0015508
0.2,0.2,10.0,300.0,10.0,0.53692,0.0019385
0.2,0.2,10.0,300.0,10.0,0.63735,0.0023262
0.2,0.2,10.0,300.0,10.0,0.73328,0.0027139
0.2,0.2,10.0,300.0,10.0,0.81779,0.0031016
0.2,0.2,10.0,300.0,10.0,0.88436,0.0034893
0.2,0.2,10.0,500.0,10.0,0.14331,0.00030335
0.2,0.2,10.0,500.0,10.0,0.99194,0.0030335
0.2,0.2,10.0,500.0,10.0,0.99893,0.0033368
0.2,0.2,10.0,500.0,10.0,1.0041,0.0036401
0.2,0.2,10.0,500.0,10.0,1.0111,0.0039435
0.2,0.2,10.0,500.0,10.0,1.0191,0.0042468
0.2,0.2,10.0,500.0,10.0,1.0271,0.0045502
0.2,0.2,10.0,500.0,10.0,1.0345,0.0048535
0.2,0.2,10.0,500.0,10.0,1.0405,0.0051569
0.2,0.2,10.0,500.0,10.0,1.0463,0.0054602
0.2,0.2,10.0,500.0,10.0,1.0525,0.0057636
0.2,0.2,10.0,500.0,10.0,0.28513,0.00060669
0.2,0.2,10.0,500.0,10.0,1.0585,0.0060669
0.2,0.2,10.0,500.0,10.0,0.42404,0.00091004
0.2,0.2,10.0,500.0,10.0,0.55881,0.0012134
0.2,0.2,10.0,500.0,10.0,0.68774,0.0015167
0.2,0.2,10.0,500.0,10.0,0.80348,0.0018201
0.2,0.2,10.0,500.0,10.0,0.88901,0.0021234
0.2,0.2,10.0,500.0,10.0,0.94207,0.0024268
0.2,0.2,10.0,500.0,10.0,0.96701,0.0027301
0.2,0.2,10.0,700.0,10.0,0.1342,0.00020297
0.2,0.2,10.0,700.0,10.0,0.9767,0.0020297
0.2,0.2,10.0,700.0,10.0,0.98583,0.0022326
0.2,0.2,10.0,700.0,10.0,0.99496,0.0024356
0.2,0.2,10.0,700.0,10.0,1.0039,0.0026386
0.2,0.2,10.0,700.0,10.0,1.0103,0.0028415
0.2,0.2,10.0,700.0,10.0,1.0176,0.0030445
0.2,0.2,10.0,700.0,10.0,1.025,0.0032475
0.2,0.2,10.0,700.0,10.0,1.0323,0.0034504
0.2,0.2,10.0,700.0,10.0,1.0394,0.0036534
0.2,0.2,10.0,700.0,10.0,1.0458,0.0038564
0.2,0.2,10.0,700.0,10.0,0.26732,0.00040593
0.2,0.2,10.0,700.0,10.0,1.0513,0.0040593
0.2,0.2,10.0,700.0,10.0,0.3978,0.0006089
0.2,0.2,10.0,700.0,10.0,0.52523,0.00081186
0.2,0.2,10.0,700.0,10.0,0.64756,0.0010148
0.2,0.2,10.0,700.0,10.0,0.76168,0.0012178
0.2,0.2,10.0,700.0,10.0,0.85438,0.0014208
0.2,0.2,10.0,700.0,10.0,0.91655,0.0016237
0.2,0.2,10.0,700.0,10.0,0.96756,0.0018267
0.2,0.2,20.0,100.0,10.0,0.075329,0.00079681
0.2,0.2,20.0,100.0,10.0,0.71632,0.0079681
0.2,0.2,20.0,100.0,10.0,0.77636,0.0087649
0.2,0.2,20.0,100.0,10.0,0.82839,0.0095617
0.2,0.2,20.0,100.0,10.0,0.87179,0.010359
0.2,0.2,20.0,100.0,10.0,0.90775,0.011155
0.2,0.2,20.0,100.0,10.0,0.93472,0.011952
0.2,0.2,20.0,100.0,10.0,0.95463,0.012749
0.2,0.2,20.0,100.0,10.0,0.96367,0.013546
0.2,0.2,20.0,100.0,10.0,0.97271,0.014343
0.2,0.2,20.0,100.0,10.0,0.98174,0.015139
0.2,0.2,20.0,100.0,10.0,0.15054,0.0015936
0.2,0.2,20.0,100.0,10.0,0.99078,0.015936
0.2,0.2,20.0,100.0,10.0,0.22516,0.0023904
0.2,0.2,20.0,100.0,10.0,0.29916,0.0031872
0.2,0.2,20.0,100.0,10.0,0.37212,0.0039841
0.2,0.2,20.0,100.0,10.0,0.44408,0.0047809
0.2,0.2,20.0,100.0,10.0,0.51469,0.0055777
0.2,0.2,20.0,100.0,10.0,0.58383,0.0063745
0.2,0.2,20.0,100.0,10.0,0.65138,0.0071713
0.2,0.2,20.0,1000.0,10.0,0.13162,0.00013927
0.2,0.2,20.0,1000.0,10.0,0.97839,0.0013927
0.2,0.2,20.0,1000.0,10.0,0.98353,0.001532
0.2,0.2,20.0,1000.0,10.0,0.98811,0.0016713
0.2,0.2,20.0,1000.0,10.0,0.9927,0.0018106
0.2,0.2,20.0,1000.0,10.0,0.99654,0.0019498
0.2,0.2,20.0,1000.0,10.0,0.99841,0.0020891
0.2,0.2,20.0,1000.0,10.0,1.0003,0.0022284
0.2,0.2,20.0,1000.0,10.0,1.0024,0.0023677
0.2,0.2,20.0,1000.0,10.0,1.0049,0.0025069
0.2,0.2,20.0,1000.0,10.0,1.008,0.0026462
0.2,0.2,20.0,1000.0,10.0,0.26194,0.00027855
0.2,0.2,20.0,1000.0,10.0,1.0111,0.0027855
0.2,0.2,20.0,1000.0,10.0,0.3898,0.00041782
0.2,0.2,20.0,1000.0,10.0,0.51415,0.0005571
0.2,0.2,20.0,1000.0,10.0,0.63399,0.00069637
0.2,0.2,20.0,1000.0,10.0,0.74696,0.00083564
0.2,0.2,20.0,1000.0,10.0,0.84021,0.00097492
0.2,0.2,20.0,1000.0,10.0,0.90651,0.0011142
0.2,0.2,20.0,1000.0,10.0,0.9491,0.0012535
0.2,0.2,20.0,200.0,10.0,0.087208,0.00046123
0.2,0.2,20.0,200.0,10.0,0.80795,0.0046123
0.2,0.2,20.0,200.0,10.0,0.86192,0.0050736
0.2,0.2,20.0,200.0,10.0,0.90403,0.0055348
0.2,0.2,20.0,200.0,10.0,0.93501,0.005996
0.2,0.2,20.0,200.0,10.0,0.95975,0.0064573
0.2,0.2,20.0,200.0,10.0,0.97259,0.0069185
0.2,0.2,20.0,200.0,10.0,0.97731,0.0073797
0.2,0.2,20.0,200.0,10.0,0.98202,0.007841
0.2,0.2,20.0,200.0,10.0,0.98673,0.0083022
0.2,0.2,20.0,200.0,10.0,0.99145,0.0087634
0.2,0.2,20.0,200.0,10.0,0.17412,0.00092246
0.2,0.2,20.0,200.0,10.0,0.99616,0.0092246
0.2,0.2,20.0,200.0,10.0,0.26027,0.0013837
0.2,0.2,20.0,200.0,10.0,0.34531,0.0018449
0.2,0.2,20.0,200.0,10.0,0.42896,0.0023062
0.2,0.2,20.0,200.0,10.0,0.51105,0.0027674
0.2,0.2,20.0,200.0,10.0,0.59096,0.0032286
0.2,0.2,20.0,200.0,10.0,0.66881,0.0036899
0.2,0.2,20.0,200.0,10.0,0.74249,0.0041511
0.2,0.2,20.0,300.0,10.0,0.11133,0.00039255
0.2,0.2,20.0,300.0,10.0,0.93129,0.0039255
0.2,0.2,20.0,300.0,10.0,0.96091,0.004318
0.2,0.2,20.0,300.0,10.0,0.97653,0.0047106
0.2,0.2,20.0,300.0,10.0,0.98314,0.0051031
0.2,0.2,20.0,300.0,10.0,0.98976,0.0054957
0.2,0.2,20.0,300.0,10.0,0.99444,0.0058882
0.2,0.2,20.0,300.0,10.0,0.9964,0.0062808
0.2,0.2,20.0,300.0,10.0,0.99836,0.0066733
0.2,0.2,20.0,300.0,10.0,1.0003,0.0070659
0.2,0.2,20.0,300.0,10.0,1.0022,0.0074584
0.2,0.2,20.0,300.0,10.0,0.22191,0.0007851
0.2,0.2,20.0,300.0,10.0,1.0044,0.007851
0.2,0.2,20.0,300.0,10.0,0.33095,0.0011776
0.2,0.2,20.0,300.0,10.0,0.43782,0.0015702
0.2,0.2,20.0,300.0,10.0,0.54194,0.0019627
0.2,0.2,20.0,300.0,10.0,0.64262,0.0023553
0.2,0.2,20.0,300.0,10.0,0.7384,0.0027478
0.2,0.2,20.0,300.0,10.0,0.82096,0.0031404
0.2,0.2,20.0,300.0,10.0,0.88412,0.0035329
0.2,0.2,20.0,500.0,10.0,0.11911,0.00025202
0.2,0.2,20.0,500.0,10.0,0.95335,0.0025202
0.2,0.2,20.0,500.0,10.0,0.97079,0.0027722
0.2,0.2,20.0,500.0,10.0,0.98163,0.0030242
0.2,0.2,20.0,500.0,10.0,0.99153,0.0032762
0.2,0.2,20.0,500.0,10.0,0.99376,0.0035282
0.2,0.2,20.0,500.0,10.0,0.99598,0.0037803
0.2,0.2,20.0,500.0,10.0,0.99821,0.0040323
0.2,0.2,20.0,500.0,10.0,1.0003,0.0042843
0.2,0.2,20.0,500.0,10.0,1.0022,0.0045363
0.2,0.2,20.0,500.0,10.0,1.0046,0.0047883
0.2,0.2,20.0,500.0,10.0,0.23728,0.00050403
0.2,0.2,20.0,500.0,10.0,1.0075,0.0050403
0.2,0.2,20.0,500.0,10.0,0.3536,0.00075605
0.2,0.2,20.0,500.0,10.0,0.46727,0.0010081
0.2,0.2,20.0,500.0,10.0,0.57761,0.0012601
0.2,0.2,20.0,500.0,10.0,0.68385,0.0015121
0.2,0.2,20.0,500.0,10.0,0.7808,0.0017641
0.2,0.2,20.0,500.0,10.0,0.85846,0.0020161
0.2,0.2,20.0,500.0,10.0,0.91543,0.0022682
0.2,0.2,20.0,700.0,10.0,0.10451,0.00015795
0.2,0.2,20.0,700.0,10.0,0.90349,0.0015795
0.2,0.2,20.0,700.0,10.0,0.94089,0.0017374
0.2,0.2,20.0,700.0,10.0,0.96781,0.0018954
0.2,0.2,20.0,700.0,10.0,0.97684,0.0020533
0.2,0.2,20.0,700.0,10.0,0.98248,0.0022113
0.2,0.2,20.0,700.0,10.0,0.98813,0.0023692
0.2,0.2,20.0,700.0,10.0,0.99377,0.0025272
0.2,0.2,20.0,700.0,10.0,0.99576,0.0026851
0.2,0.2,20.0,700.0,10.0,0.99741,0.0028431
0.2,0.2,20.0,700.0,10.0,0.99907,0.003001
0.2,0.2,20.0,700.0,10.0,0.20845,0.0003159
0.2,0.2,20.0,700.0,10.0,1.0007,0.003159
0.2,0.2,20.0,700.0,10.0,0.31108,0.00047385
0.2,0.2,20.0,700.0,10.0,0.41191,0.00063179
0.2,0.2,20.0,700.0,10.0,0.51047,0.00078974
0.2,0.2,20.0,700.0,10.0,0.60611,0.00094769
0.2,0.2,20.0,700.0,10.0,0.69818,0.0011056
0.2,0.2,20.0,700.0,10.0,0.78239,0.0012636
0.2,0.2,20.0,700.0,10.0,0.85182,0.0014215
0.2,0.2,3.0,100.0,10.0,0.079374,0.00083965
0.2,0.2,3.0,100.0,10.0,0.7669,0.0083965
0.2,0.2,3.0,100.0,10.0,0.83197,0.0092361
0.2,0.2,3.0,100.0,10.0,0.88869,0.010076
0.2,0.2,3.0,100.0,10.0,0.93552,0.010915
0.2,0.2,3.0,100.0,10.0,0.97013,0.011755
0.2,0.2,3.0,100.0,10.0,0.99141,0.012595
0.2,0.2,3.0,100.0,10.0,1.0118,0.013434
0.2,0.2,3.0,100.0,10.0,1.0296,0.014274
0.2,0.2,3.0,100.0,10.0,1.0484,0.015114
0.2,0.2,3.0,100.0,10.0,1.067,0.015953
0.2,0.2,3.0,100.0,10.0,0.15864,0.0016793
0.2,0.2,3.0,100.0,10.0,1.0855,0.016793
0.2,0.2,3.0,100.0,10.0,0.2376,0.0025189
0.2,0.2,3.0,100.0,10.0,0.31612,0.0033586
0.2,0.2,3.0,100.0,10.0,0.394,0.0041982
0.2,0.2,3.0,100.0,10.0,0.47108,0.0050379
0.2,0.2,3.0,100.0,10.0,0.54721,0.0058775
0.2,0.2,3.0,100.0,10.0,0.62215,0.0067172
0.2,0.2,3.0,100.0,10.0,0.69558,0.0075568
0.2,0.2,3.0,1000.0,10.0,0.2538,0.00026927
0.2,0.2,3.0,1000.0,10.0,1.275,0.0026927
0.2,0.2,3.0,1000.0,10.0,1.3163,0.002962
0.2,0.2,3.0,1000.0,10.0,1.358,0.0032312
0.2,0.2,3.0,1000.0,10.0,1.3985,0.0035005
0.2,0.2,3.0,1000.0,10.0,1.4354,0.0037698
0.2,0.2,3.0,1000.0,10.0,1.4685,0.004039
0.2,0.2,3.0,1000.0,10.0,1.502,0.0043083
0.2,0.2,3.0,1000.0,10.0,1.535,0.0045776
0.2,0.2,3.0,1000.0,10.0,1.5671,0.0048469
0.2,0.2,3.0,1000.0,10.0,1.5955,0.0051161
0.2,0.2,3.0,1000.0,10.0,0.50228,0.00053854
0.2,0.2,3.0,1000.0,10.0,1.6235,0.0053854
0.2,0.2,3.0,1000.0,10.0,0.73821,0.00080781
0.2,0.2,3.0,1000.0,10.0,0.90798,0.0010771
0.2,0.2,3.0,1000.0,10.0,1.0083,0.0013463
0.2,0.2,3.0,1000.0,10.0,1.0599,0.0016156
0.2,0.2,3.0,1000.0,10.0,1.1192,0.0018849
0.2,0.2,3.0,1000.0,10.0,1.1774,0.0021542
0.2,0.2,3.0,1000.0,10.0,1.2313,0.0024234
0.2,0.2,3.0,200.0,10.0,0.10267,0.00054303
0.2,0.2,3.0,200.0,10.0,0.93424,0.0054303
0.2,0.2,3.0,200.0,10.0,0.97498,0.0059734
0.2,0.2,3.0,200.0,10.0,1.0051,0.0065164
0.2,0.2,3.0,200.0,10.0,1.0264,0.0070594
0.2,0.2,3.0,200.0,10.0,1.0513,0.0076025
0.2,0.2,3.0,200.0,10.0,1.0751,0.0081455
0.2,0.2,3.0,200.0,10.0,1.099,0.0086885
0.2,0.2,3.0,200.0,10.0,1.1218,0.0092316
0.2,0.2,3.0,200.0,10.0,1.1439,0.0097746
0.2,0.2,3.0,200.0,10.0,1.1653,0.010318
0.2,0.2,3.0,200.0,10.0,0.20505,0.0010861
0.2,0.2,3.0,200.0,10.0,1.1859,0.010861
0.2,0.2,3.0,200.0,10.0,0.30674,0.0016291
0.2,0.2,3.0,200.0,10.0,0.40746,0.0021721
0.2,0.2,3.0,200.0,10.0,0.50689,0.0027152
0.2,0.2,3.0,200.0,10.0,0.6046,0.0032582
0.2,0.2,3.0,200.0,10.0,0.69982,0.0038012
0.2,0.2,3.0,200.0,10.0,0.79059,0.0043443
0.2,0.2,3.0,200.0,10.0,0.86923,0.0048873
0.2,0.2,3.0,300.0,10.0,0.13082,0.0004614
0.2,0.2,3.0,300.0,10.0,1.0196,0.004614
0.2,0.2,3.0,300.0,10.0,1.0509,0.0050753
0.2,0.2,3.0,300.0,10.0,1.0826,0.0055367
0.2,0.2,3.0,300.0,10.0,1.1114,0.0059981
0.2,0.2,3.0,300.0,10.0,1.1406,0.0064595
0.2,0.2,3.0,300.0,10.0,1.1681,0.0069209
0.2,0.2,3.0,300.0,10.0,1.1938,0.0073823
0.2,0.2,3.0,300.0,10.0,1.2195,0.0078437
0.2,0.2,3.0,300.0,10.0,1.2434,0.0083051
0.2,0.2,3.0,300.0,10.0,1.2669,0.0087665
0.2,0.2,3.0,300.0,10.0,0.26096,0.00092279
0.2,0.2,3.0,300.0,10.0,1.29,0.0092279
0.2,0.2,3.0,300.0,10.0,0.38973,0.0013842
0.2,0.2,3.0,300.0,10.0,0.51649,0.0018456
0.2,0.2,3.0,300.0,10.0,0.64043,0.002307
0.2,0.2,3.0,300.0,10.0,0.75916,0.0027684
0.2,0.2,3.0,300.0,10.0,0.86415,0.0032298
0.2,0.2,3.0,300.0,10.0,0.94153,0.0036912
0.2,0.2,3.0,300.0,10.0,0.98968,0.0041526
0.2,0.2,3.0,500.0,10.0,0.17764,0.00037621
0.2,0.2,3.0,500.0,10.0,1.1294,0.0037621
0.2,0.2,3.0,500.0,10.0,1.165,0.0041383
0.2,0.2,3.0,500.0,10.0,1.2009,0.0045145
0.2,0.2,3.0,500.0,10.0,1.2359,0.0048907
0.2,0.2,3.0,500.0,10.0,1.2674,0.0052669
0.2,0.2,3.0,500.0,10.0,1.2976,0.0056431
0.2,0.2,3.0,500.0,10.0,1.3278,0.0060193
0.2,0.2,3.0,500.0,10.0,1.3559,0.0063955
0.2,0.2,3.0,500.0,10.0,1.3824,0.0067717
0.2,0.2,3.0,500.0,10.0,1.4089,0.0071479
0.2,0.2,3.0,500.0,10.0,0.35359,0.00075241
0.2,0.2,3.0,500.0,10.0,1.4347,0.0075241
0.2,0.2,3.0,500.0,10.0,0.52612,0.0011286
0.2,0.2,3.0,500.0,10.0,0.69288,0.0015048
0.2,0.2,3.0,500.0,10.0,0.84279,0.001881
0.2,0.2,3.0,500.0,10.0,0.95431,0.0022572
0.2,0.2,3.0,500.0,10.0,1.0025,0.0026334
0.2,0.2,3.0,500.0,10.0,1.0438,0.0030096
0.2,0.2,3.0,500.0,10.0,1.0875,0.0033859
0.2,0.2,3.0,700.0,10.0,0.21402,0.00032402
0.2,0.2,3.0,700.0,10.0,1.2028,0.0032402
0.2,0.2,3.0,700.0,10.0,1.2416,0.0035642
0.2,0.2,3.0,700.0,10.0,1.2811,0.0038882
0.2,0.2,3.0,700.0,10.0,1.3186,0.0042123
0.2,0.2,3.0,700.0,10.0,1.3518,0.0045363
0.2,0.2,3.0,700.0,10.0,1.384,0.0048603
0.2,0.2,3.0,700.0,10.0,1.4163,0.0051843
0.2,0.2,3.0,700.0,10.0,1.447,0.0055084
0.2,0.2,3.0,700.0,10.0,1.475,0.0058324
0.2,0.2,3.0,700.0,10.0,1.503,0.0061564
0.2,0.2,3.0,700.0,10.0,0.4249,0.00064804
0.2,0.2,3.0,700.0,10.0,1.5308,0.0064804
0.2,0.2,3.0,700.0,10.0,0.62964,0.00097206
0.2,0.2,3.0,700.0,10.0,0.81805,0.0012961
0.2,0.2,3.0,700.0,10.0,0.956,0.0016201
0.2,0.2,3.0,700.0,10.0,1.0088,0.0019441
0.2,0.2,3.0,700.0,10.0,1.0593,0.0022681
0.2,0.2,3.0,700.0,10.0,1.1109,0.0025922
0.2,0.2,3.0,700.0,10.0,1.1607,0.0029162
0.2,0.2,4.0,100.0,10.0,0.077719,0.00082211
0.2,0.2,4.0,100.0,10.0,0.74777,0.0082211
0.2,0.2,4.0,100.0,10.0,0.8113,0.0090433
0.2,0.2,4.0,100.0,10.0,0.86665,0.0098654
0.2,0.2,4.0,100.0,10.0,0.91314,0.010687
0.2,0.2,4.0,100.0,10.0,0.95023,0.01151
0.2,0.2,4.0,100.0,10.0,0.97199,0.012332
0.2,0.2,4.0,100.0,10.0,0.99376,0.013154
0.2,0.2,4.0,100.0,10.0,1.006,0.013976
0.2,0.2,4.0,100.0,10.0,1.0163,0.014798
0.2,0.2,4.0,100.0,10.0,1.0287,0.01562
0.2,0.2,4.0,100.0,10.0,0.15533,0.0016442
0.2,0.2,4.0,100.0,10.0,1.0416,0.016442
0.2,0.2,4.0,100.0,10.0,0.23259,0.0024663
0.2,0.2,4.0,100.0,10.0,0.3093,0.0032885
0.2,0.2,4.0,100.0,10.0,0.38533,0.0041106
0.2,0.2,4.0,100.0,10.0,0.46052,0.0049327
0.2,0.2,4.0,100.0,10.0,0.53466,0.0057548
0.2,0.2,4.0,100.0,10.0,0.60746,0.0065769
0.2,0.2,4.0,100.0,10.0,0.67868,0.007399
0.2,0.2,4.0,1000.0,10.0,0.24421,0.0002591
0.2,0.2,4.0,1000.0,10.0,1.1712,0.002591
0.2,0.2,4.0,1000.0,10.0,1.1981,0.00285
0.2,0.2,4.0,1000.0,10.0,1.2246,0.0031091
0.2,0.2,4.0,1000.0,10.0,1.2512,0.0033682
0.2,0.2,4.0,1000.0,10.0,1.2771,0.0036273
0.2,0.2,4.0,1000.0,10.0,1.3016,0.0038864
0.2,0.2,4.0,1000.0,10.0,1.3226,0.0041455
0.2,0.2,4.0,1000.0,10.0,1.3429,0.0044046
0.2,0.2,4.0,1000.0,10.0,1.3635,0.0046637
0.2,0.2,4.0,1000.0,10.0,1.3837,0.0049228
0.2,0.2,4.0,1000.0,10.0,0.48282,0.00051819
0.2,0.2,4.0,1000.0,10.0,1.4031,0.0051819
0.2,0.2,4.0,1000.0,10.0,0.7095,0.00077729
0.2,0.2,4.0,1000.0,10.0,0.89351,0.0010364
0.2,0.2,4.0,1000.0,10.0,0.96637,0.0012955
0.2,0.2,4.0,1000.0,10.0,1.0195,0.0015546
0.2,0.2,4.0,1000.0,10.0,1.0578,0.0018137
0.2,0.2,4.0,1000.0,10.0,1.0974,0.0020728
0.2,0.2,4.0,1000.0,10.0,1.1358,0.0023319
0.2,0.2,4.0,200.0,10.0,0.10385,0.00054923
0.2,0.2,4.0,200.0,10.0,0.92885,0.0054923
0.2,0.2,4.0,200.0,10.0,0.96722,0.0060416
0.2,0.2,4.0,200.0,10.0,0.99306,0.0065908
0.2,0.2,4.0,200.0,10.0,1.0093,0.00714
0.2,0.2,4.0,200.0,10.0,1.0253,0.0076892
0.2,0.2,4.0,200.0,10.0,1.0427,0.0082385
0.2,0.2,4.0,200.0,10.0,1.0594,0.0087877
0.2,0.2,4.0,200.0,10.0,1.0761,0.0093369
0.2,0.2,4.0,200.0,10.0,1.0917,0.0098862
0.2,0.2,4.0,200.0,10.0,1.1071,0.010435
0.2,0.2,4.0,200.0,10.0,0.20733,0.0010985
0.2,0.2,4.0,200.0,10.0,1.122,0.010985
0.2,0.2,4.0,200.0,10.0,0.30996,0.0016477
0.2,0.2,4.0,200.0,10.0,0.41137,0.0021969
0.2,0.2,4.0,200.0,10.0,0.51118,0.0027462
0.2,0.2,4.0,200.0,10.0,0.60893,0.0032954
0.2,0.2,4.0,200.0,10.0,0.70385,0.0038446
0.2,0.2,4.0,200.0,10.0,0.7934,0.0043939
0.2,0.2,4.0,200.0,10.0,0.86856,0.0049431
0.2,0.2,4.0,300.0,10.0,0.13128,0.00046299
0.2,0.2,4.0,300.0,10.0,1.0034,0.0046299
0.2,0.2,4.0,300.0,10.0,1.0229,0.0050929
0.2,0.2,4.0,300.0,10.0,1.0455,0.0055559
0.2,0.2,4.0,300.0,10.0,1.0669,0.0060189
0.2,0.2,4.0,300.0,10.0,1.0867,0.0064819
0.2,0.2,4.0,300.0,10.0,1.1067,0.0069449
0.2,0.2,4.0,300.0,10.0,1.1252,0.0074079
0.2,0.2,4.0,300.0,10.0,1.1428,0.0078709
0.2,0.2,4.0,300.0,10.0,1.1603,0.0083339
0.2,0.2,4.0,300.0,10.0,1.1765,0.0087968
0.2,0.2,4.0,300.0,10.0,0.26173,0.00092598
0.2,0.2,4.0,300.0,10.0,1.1921,0.0092598
0.2,0.2,4.0,300.0,10.0,0.39051,0.001389
0.2,0.2,4.0,300.0,10.0,0.51685,0.001852
0.2,0.2,4.0,300.0,10.0,0.63986,0.002315
0.2,0.2,4.0,300.0,10.0,0.75706,0.002778
0.2,0.2,4.0,300.0,10.0,0.85782,0.0032409
0.2,0.2,4.0,300.0,10.0,0.93527,0.0037039
0.2,0.2,4.0,300.0,10.0,0.97285,0.0041669
0.2,0.2,4.0,500.0,10.0,0.16666,0.00035286
0.2,0.2,4.0,500.0,10.0,1.0587,0.0035286
0.2,0.2,4.0,500.0,10.0,1.0866,0.0038815
0.2,0.2,4.0,500.0,10.0,1.1106,0.0042343
0.2,0.2,4.0,500.0,10.0,1.1332,0.0045872
0.2,0.2,4.0,500.0,10.0,1.156,0.0049401
0.2,0.2,4.0,500.0,10.0,1.1777,0.0052929
0.2,0.2,4.0,500.0,10.0,1.1968,0.0056458
0.2,0.2,4.0,500.0,10.0,1.2158,0.0059987
0.2,0.2,4.0,500.0,10.0,1.2346,0.0063515
0.2,0.2,4.0,500.0,10.0,1.2522,0.0067044
0.2,0.2,4.0,500.0,10.0,0.33156,0.00070572
0.2,0.2,4.0,500.0,10.0,1.2684,0.0070572
0.2,0.2,4.0,500.0,10.0,0.49308,0.0010586
0.2,0.2,4.0,500.0,10.0,0.64943,0.0014114
0.2,0.2,4.0,500.0,10.0,0.79482,0.0017643
0.2,0.2,4.0,500.0,10.0,0.90545,0.0021172
0.2,0.2,4.0,500.0,10.0,0.96901,0.00247
0.2,0.2,4.0,500.0,10.0,1.0027,0.0028229
0.2,0.2,4.0,500.0,10.0,1.0301,0.0031758
0.2,0.2,4.0,700.0,10.0,0.19986,0.00030249
0.2,0.2,4.0,700.0,10.0,1.1105,0.0030249
0.2,0.2,4.0,700.0,10.0,1.1392,0.0033274
0.2,0.2,4.0,700.0,10.0,1.1629,0.0036299
0.2,0.2,4.0,700.0,10.0,1.1878,0.0039324
0.2,0.2,4.0,700.0,10.0,1.2122,0.0042349
0.2,0.2,4.0,700.0,10.0,1.2349,0.0045373
0.2,0.2,4.0,700.0,10.0,1.2547,0.0048398
0.2,0.2,4.0,700.0,10.0,1.2745,0.0051423
0.2,0.2,4.0,700.0,10.0,1.2943,0.0054448
0.2,0.2,4.0,700.0,10.0,1.3133,0.0057473
0.2,0.2,4.0,700.0,10.0,0.39666,0.00060498
0.2,0.2,4.0,700.0,10.0,1.3303,0.0060498
0.2,0.2,4.0,700.0,10.0,0.58758,0.00090747
0.2,0.2,4.0,700.0,10.0,0.76609,0.00121
0.2,0.2,4.0,700.0,10.0,0.90407,0.0015125
0.2,0.2,4.0,700.0,10.0,0.97096,0.0018149
0.2,0.2,4.0,700.0,10.0,1.0122,0.0021174
0.2,0.2,4.0,700.0,10.0,1.0442,0.0024199
0.2,0.2,4.0,700.0,10.0,1.0778,0.0027224
0.2,0.2,6.0,100.0,10.0,0.078791,0.00083343
0.2,0.2,6.0,100.0,10.0,0.75221,0.0083343
0.2,0.2,6.0,100.0,10.0,0.81393,0.0091678
0.2,0.2,6.0,100.0,10.0,0.86667,0.010001
0.2,0.2,6.0,100.0,10.0,0.90982,0.010835
0.2,0.2,6.0,100.0,10.0,0.94351,0.011668
0.2,0.2,6.0,100.0,10.0,0.9682,0.012501
0.2,0.2,6.0,100.0,10.0,0.98762,0.013335
0.2,0.2,6.0,100.0,10.0,0.99413,0.014168
0.2,0.2,6.0,100.0,10.0,1.0006,0.015002
0.2,0.2,6.0,100.0,10.0,1.0074,0.015835
0.2,0.2,6.0,100.0,10.0,0.15746,0.0016669
0.2,0.2,6.0,100.0,10.0,1.0147,0.016669
0.2,0.2,6.0,100.0,10.0,0.23562,0.0025003
0.2,0.2,6.0,100.0,10.0,0.31318,0.0033337
0.2,0.2,6.0,100.0,10.0,0.3899,0.0041672
0.2,0.2,6.0,100.0,10.0,0.46548,0.0050006
0.2,0.2,6.0,100.0,10.0,0.53992,0.005834
0.2,0.2,6.0,100.0,10.0,0.61286,0.0066675
0.2,0.2,6.0,100.0,10.0,0.68383,0.0075009
0.2,0.2,6.0,1000.0,10.0,0.20819,0.00022074
0.2,0.2,6.0,1000.0,10.0,1.0576,0.0022074
0.2,0.2,6.0,1000.0,10.0,1.0776,0.0024281
0.2,0.2,6.0,1000.0,10.0,1.0967,0.0026489
0.2,0.2,6.0,1000.0,10.0,1.1138,0.0028696
0.2,0.2,6.0,1000.0,10.0,1.126,0.0030904
0.2,0.2,6.0,1000.0,10.0,1.1389,0.0033111
0.2,0.2,6.0,1000.0,10.0,1.1519,0.0035318
0.2,0.2,6.0,1000.0,10.0,1.1647,0.0037526
0.2,0.2,6.0,1000.0,10.0,1.1772,0.0039733
0.2,0.2,6.0,1000.0,10.0,1.1892,0.0041941
0.2,0.2,6.0,1000.0,10.0,0.41238,0.00044148
0.2,0.2,6.0,1000.0,10.0,1.1995,0.0044148
0.2,0.2,6.0,1000.0,10.0,0.60905,0.00066222
0.2,0.2,6.0,1000.0,10.0,0.78884,0.00088296
0.2,0.2,6.0,1000.0,10.0,0.91554,0.0011037
0.2,0.2,6.0,1000.0,10.0,0.97855,0.0013244
0.2,0.2,6.0,1000.0,10.0,0.99837,0.0015452
0.2,0.2,6.0,1000.0,10.0,1.017,0.0017659
0.2,0.2,6.0,1000.0,10.0,1.0372,0.0019867
0.2,0.2,6.0,200.0,10.0,0.10502,0.00055548
0.2,0.2,6.0,200.0,10.0,0.92449,0.0055548
0.2,0.2,6.0,200.0,10.0,0.96332,0.0061103
0.2,0.2,6.0,200.0,10.0,0.98271,0.0066658
0.2,0.2,6.0,200.0,10.0,0.99427,0.0072213
0.2,0.2,6.0,200.0,10.0,1.0051,0.0077768
0.2,0.2,6.0,200.0,10.0,1.0148,0.0083323
0.2,0.2,6.0,200.0,10.0,1.0254,0.0088878
0.2,0.2,6.0,200.0,10.0,1.0354,0.0094432
0.2,0.2,6.0,200.0,10.0,1.0457,0.0099987
0.2,0.2,6.0,200.0,10.0,1.0554,0.010554
0.2,0.2,6.0,200.0,10.0,0.20958,0.001111
0.2,0.2,6.0,200.0,10.0,1.0646,0.01111
0.2,0.2,6.0,200.0,10.0,0.3131,0.0016665
0.2,0.2,6.0,200.0,10.0,0.41515,0.0022219
0.2,0.2,6.0,200.0,10.0,0.51527,0.0027774
0.2,0.2,6.0,200.0,10.0,0.61289,0.0033329
0.2,0.2,6.0,200.0,10.0,0.70722,0.0038884
0.2,0.2,6.0,200.0,10.0,0.79459,0.0044439
0.2,0.2,6.0,200.0,10.0,0.86703,0.0049994
0.2,0.2,6.0,300.0,10.0,0.13431,0.00047377
0.2,0.2,6.0,300.0,10.0,0.9924,0.0047377
0.2,0.2,6.0,300.0,10.0,1.0059,0.0052115
0.2,0.2,6.0,300.0,10.0,1.018,0.0056852
0.2,0.2,6.0,300.0,10.0,1.0319,0.006159
0.2,0.2,6.0,300.0,10.0,1.0446,0.0066328
0.2,0.2,6.0,300.0,10.0,1.0569,0.0071066
0.2,0.2,6.0,300.0,10.0,1.0692,0.0075803
0.2,0.2,6.0,300.0,10.0,1.0804,0.0080541
0.2,0.2,6.0,300.0,10.0,1.0909,0.0085279
0.2,0.2,6.0,300.0,10.0,1.1014,0.0090016
0.2,0.2,6.0,300.0,10.0,0.26756,0.00094754
0.2,0.2,6.0,300.0,10.0,1.1113,0.0094754
0.2,0.2,6.0,300.0,10.0,0.39871,0.0014213
0.2,0.2,6.0,300.0,10.0,0.52683,0.0018951
0.2,0.2,6.0,300.0,10.0,0.65079,0.0023689
0.2,0.2,6.0,300.0,10.0,0.76765,0.0028426
0.2,0.2,6.0,300.0,10.0,0.86345,0.0033164
0.2,0.2,6.0,300.0,10.0,0.93409,0.0037902
0.2,0.2,6.0,300.0,10.0,0.96674,0.0042639
0.2,0.2,6.0,500.0,10.0,0.17798,0.00037703
0.2,0.2,6.0,500.0,10.0,1.0336,0.0037703
0.2,0.2,6.0,500.0,10.0,1.0519,0.0041473
0.2,0.2,6.0,500.0,10.0,1.0677,0.0045243
0.2,0.2,6.0,500.0,10.0,1.0819,0.0049014
0.2,0.2,6.0,500.0,10.0,1.0964,0.0052784
0.2,0.2,6.0,500.0,10.0,1.1103,0.0056554
0.2,0.2,6.0,500.0,10.0,1.1225,0.0060324
0.2,0.2,6.0,500.0,10.0,1.134,0.0064095
0.2,0.2,6.0,500.0,10.0,1.1457,0.0067865
0.2,0.2,6.0,500.0,10.0,1.1569,0.0071635
0.2,0.2,6.0,500.0,10.0,0.35343,0.00075406
0.2,0.2,6.0,500.0,10.0,1.1667,0.0075406
0.2,0.2,6.0,500.0,10.0,0.52412,0.0011311
0.2,0.2,6.0,500.0,10.0,0.6876,0.0015081
0.2,0.2,6.0,500.0,10.0,0.83128,0.0018851
0.2,0.2,6.0,500.0,10.0,0.93071,0.0022622
0.2,0.2,6.0,500.0,10.0,0.96692,0.0026392
0.2,0.2,6.0,500.0,10.0,1.001,0.0030162
0.2,0.2,6.0,500.0,10.0,1.0153,0.0033932
0.2,0.2,6.0,700.0,10.0,0.21014,0.00031824
0.2,0.2,6.0,700.0,10.0,1.064,0.0031824
0.2,0.2,6.0,700.0,10.0,1.0831,0.0035007
0.2,0.2,6.0,700.0,10.0,1.0982,0.0038189
0.2,0.2,6.0,700.0,10.0,1.1134,0.0041372
0.2,0.2,6.0,700.0,10.0,1.1285,0.0044554
0.2,0.2,6.0,700.0,10.0,1.143,0.0047737
0.2,0.2,6.0,700.0,10.0,1.1556,0.0050919
0.2,0.2,6.0,700.0,10.0,1.1672,0.0054101
0.2,0.2,6.0,700.0,10.0,1.179,0.0057284
0.2,0.2,6.0,700.0,10.0,1.1907,0.0060466
0.2,0.2,6.0,700.0,10.0,0.41612,0.00063649
0.2,0.2,6.0,700.0,10.0,1.2018,0.0063649
0.2,0.2,6.0,700.0,10.0,0.61434,0.00095473
0.2,0.2,6.0,700.0,10.0,0.7954,0.001273
0.2,0.2,6.0,700.0,10.0,0.91696,0.0015912
0.2,0.2,6.0,700.0,10.0,0.96696,0.0019095
0.2,0.2,6.0,700.0,10.0,1.0041,0.0022277
0.2,0.2,6.0,700.0,10.0,1.0215,0.002546
0.2,0.2,6.0,700.0,10.0,1.0429,0.0028642
0.2,0.4,10.0,100.0,5.0,0.072774,0.00066412
0.2,0.4,10.0,100.0,5.0,0.70711,0.0066412
0.2,0.4,10.0,100.0,5.0,0.77235,0.0073053
0.2,0.4,10.0,100.0,5.0,0.83407,0.0079694
0.2,0.4,10.0,100.0,5.0,0.88731,0.0086335
0.2,0.4,10.0,100.0,5.0,0.93089,0.0092977
0.2,0.4,10.0,100.0,5.0,0.95663,0.0099618
0.2,0.4,10.0,100.0,5.0,0.98044,0.010626
0.2,0.4,10.0,100.0,5.0,0.9875,0.01129
0.2,0.4,10.0,100.0,5.0,0.99203,0.011954
0.2,0.4,10.0,100.0,5.0,0.99656,0.012618
0.2,0.4,10.0,100.0,5.0,0.14552,0.0013282
0.2,0.4,10.0,100.0,5.0,1.0011,0.013282
0.2,0.4,10.0,100.0,5.0,0.218,0.0019924
0.2,0.4,10.0,100.0,5.0,0.29006,0.0026565
0.2,0.4,10.0,100.0,5.0,0.36168,0.0033206
0.2,0.4,10.0,100.0,5.0,0.43258,0.0039847
0.2,0.4,10.0,100.0,5.0,0.50276,0.0046488
0.2,0.4,10.0,100.0,5.0,0.57212,0.0053129
0.2,0.4,10.0,100.0,5.0,0.64027,0.0059771
0.2,0.4,10.0,1000.0,5.0,0.14198,0.00012963
0.2,0.4,10.0,1000.0,5.0,0.9863,0.0012963
0.2,0.4,10.0,1000.0,5.0,1.0017,0.001426
0.2,0.4,10.0,1000.0,5.0,1.0103,0.0015556
0.2,0.4,10.0,1000.0,5.0,1.0188,0.0016853
0.2,0.4,10.0,1000.0,5.0,1.0273,0.0018149
0.2,0.4,10.0,1000.0,5.0,1.0356,0.0019445
0.2,0.4,10.0,1000.0,5.0,1.0438,0.0020742
0.2,0.4,10.0,1000.0,5.0,1.0517,0.0022038
0.2,0.4,10.0,1000.0,5.0,1.059,0.0023334
0.2,0.4,10.0,1000.0,5.0,1.0651,0.0024631
0.2,0.4,10.0,1000.0,5.0,0.28307,0.00025927
0.2,0.4,10.0,1000.0,5.0,1.0703,0.0025927
0.2,0.4,10.0,1000.0,5.0,0.42221,0.0003889
0.2,0.4,10.0,1000.0,5.0,0.55865,0.00051854
0.2,0.4,10.0,1000.0,5.0,0.69112,0.00064817
0.2,0.4,10.0,1000.0,5.0,0.81657,0.00077781
0.2,0.4,10.0,1000.0,5.0,0.91021,0.00090744
0.2,0.4,10.0,1000.0,5.0,0.95551,0.0010371
0.2,0.4,10.0,1000.0,5.0,0.9709,0.0011667
0.2,0.4,10.0,200.0,5.0,0.085398,0.00038966
0.2,0.4,10.0,200.0,5.0,0.81827,0.0038966
0.2,0.4,10.0,200.0,5.0,0.88265,0.0042863
0.2,0.4,10.0,200.0,5.0,0.93307,0.0046759
0.2,0.4,10.0,200.0,5.0,0.96423,0.0050656
0.2,0.4,10.0,200.0,5.0,0.98626,0.0054553
0.2,0.4,10.0,200.0,5.0,0.99133,0.0058449
0.2,0.4,10.0,200.0,5.0,0.9964,0.0062346
0.2,0.4,10.0,200.0,5.0,1.001,0.0066242
0.2,0.4,10.0,200.0,5.0,1.005,0.0070139
0.2,0.4,10.0,200.0,5.0,1.0104,0.0074036
0.2,0.4,10.0,200.0,5.0,0.17071,0.00077932
0.2,0.4,10.0,200.0,5.0,1.0158,0.0077932
0.2,0.4,10.0,200.0,5.0,0.25556,0.001169
0.2,0.4,10.0,200.0,5.0,0.3398,0.0015586
0.2,0.4,10.0,200.0,5.0,0.42324,0.0019483
0.2,0.4,10.0,200.0,5.0,0.50568,0.002338
0.2,0.4,10.0,200.0,5.0,0.5869,0.0027276
0.2,0.4,10.0,200.0,5.0,0.66655,0.0031173
0.2,0.4,10.0,200.0,5.0,0.74419,0.003507
0.2,0.4,10.0,300.0,5.0,0.09982,0.00030365
0.2,0.4,10.0,300.0,5.0,0.91926,0.0030365
0.2,0.4,10.0,300.0,5.0,0.96275,0.0033401
0.2,0.4,10.0,300.0,5.0,0.98081,0.0036438
0.2,0.4,10.0,300.0,5.0,0.98997,0.0039474
0.2,0.4,10.0,300.0,5.0,0.99826,0.0042511
0.2,0.4,10.0,300.0,5.0,1.0027,0.0045547
0.2,0.4,10.0,300.0,5.0,1.0083,0.0048584
0.2,0.4,10.0,300.0,5.0,1.0149,0.005162
0.2,0.4,10.0,300.0,5.0,1.0211,0.0054656
0.2,0.4,10.0,300.0,5.0,1.0266,0.0057693
0.2,0.4,10.0,300.0,5.0,0.19943,0.00060729
0.2,0.4,10.0,300.0,5.0,1.032,0.0060729
0.2,0.4,10.0,300.0,5.0,0.29832,0.00091094
0.2,0.4,10.0,300.0,5.0,0.39626,0.0012146
0.2,0.4,10.0,300.0,5.0,0.49291,0.0015182
0.2,0.4,10.0,300.0,5.0,0.58795,0.0018219
0.2,0.4,10.0,300.0,5.0,0.68085,0.0021255
0.2,0.4,10.0,300.0,5.0,0.77076,0.0024292
0.2,0.4,10.0,300.0,5.0,0.8532,0.0027328
0.2,0.4,10.0,500.0,5.0,0.15583,0.00028451
0.2,0.4,10.0,500.0,5.0,1.0052,0.0028451
0.2,0.4,10.0,500.0,5.0,1.0147,0.0031296
0.2,0.4,10.0,500.0,5.0,1.0248,0.0034141
0.2,0.4,10.0,500.0,5.0,1.0339,0.0036986
0.2,0.4,10.0,500.0,5.0,1.0414,0.0039831
0.2,0.4,10.0,500.0,5.0,1.0488,0.0042676
0.2,0.4,10.0,500.0,5.0,1.0563,0.0045521
0.2,0.4,10.0,500.0,5.0,1.0633,0.0048366
0.2,0.4,10.0,500.0,5.0,1.0696,0.0051211
0.2,0.4,10.0,500.0,5.0,1.0753,0.0054056
0.2,0.4,10.0,500.0,5.0,0.31044,0.00056902
0.2,0.4,10.0,500.0,5.0,1.0812,0.0056902
0.2,0.4,10.0,500.0,5.0,0.46256,0.00085352
0.2,0.4,10.0,500.0,5.0,0.61099,0.001138
0.2,0.4,10.0,500.0,5.0,0.7537,0.0014225
0.2,0.4,10.0,500.0,5.0,0.8799,0.001707
0.2,0.4,10.0,500.0,5.0,0.96231,0.0019916
0.2,0.4,10.0,500.0,5.0,0.97844,0.0022761
0.2,0.4,10.0,500.0,5.0,0.99458,0.0025606
0.2,0.4,10.0,700.0,5.0,0.11729,0.00015294
0.2,0.4,10.0,700.0,5.0,0.97791,0.0015294
0.2,0.4,10.0,700.0,5.0,0.98566,0.0016824
0.2,0.4,10.0,700.0,5.0,0.99341,0.0018353
0.2,0.4,10.0,700.0,5.0,1.0012,0.0019883
0.2,0.4,10.0,700.0,5.0,1.0086,0.0021412
0.2,0.4,10.0,700.0,5.0,1.0159,0.0022942
0.2,0.4,10.0,700.0,5.0,1.0234,0.0024471
0.2,0.4,10.0,700.0,5.0,1.0306,0.0026001
0.2,0.4,10.0,700.0,5.0,1.0376,0.002753
0.2,0.4,10.0,700.0,5.0,1.0441,0.0029059
0.2,0.4,10.0,700.0,5.0,0.23414,0.00030589
0.2,0.4,10.0,700.0,5.0,1.0498,0.0030589
0.2,0.4,10.0,700.0,5.0,0.34986,0.00045883
0.2,0.4,10.0,700.0,5.0,0.46407,0.00061178
0.2,0.4,10.0,700.0,5.0,0.57625,0.00076472
0.2,0.4,10.0,700.0,5.0,0.68563,0.00091767
0.2,0.4,10.0,700.0,5.0,0.79006,0.0010706
0.2,0.4,10.0,700.0,5.0,0.8818,0.0012236
0.2,0.4,10.0,700.0,5.0,0.93804,0.0013765
0.2,0.4,20.0,100.0,5.0,0.064884,0.00059211
0.2,0.4,20.0,100.0,5.0,0.6333,0.0059211
0.2,0.4,20.0,100.0,5.0,0.69277,0.0065132
0.2,0.4,20.0,100.0,5.0,0.75102,0.0071053
0.2,0.4,20.0,100.0,5.0,0.80677,0.0076974
0.2,0.4,20.0,100.0,5.0,0.85723,0.0082896
0.2,0.4,20.0,100.0,5.0,0.90132,0.0088817
0.2,0.4,20.0,100.0,5.0,0.93353,0.0094738
0.2,0.4,20.0,100.0,5.0,0.95553,0.010066
0.2,0.4,20.0,100.0,5.0,0.96652,0.010658
0.2,0.4,20.0,100.0,5.0,0.9775,0.01125
0.2,0.4,20.0,100.0,5.0,0.12975,0.0011842
0.2,0.4,20.0,100.0,5.0,0.98849,0.011842
0.2,0.4,20.0,100.0,5.0,0.19445,0.0017763
0.2,0.4,20.0,100.0,5.0,0.25879,0.0023684
0.2,0.4,20.0,100.0,5.0,0.32274,0.0029606
0.2,0.4,20.0,100.0,5.0,0.38621,0.0035527
0.2,0.4,20.0,100.0,5.0,0.44914,0.0041448
0.2,0.4,20.0,100.0,5.0,0.51133,0.0047369
0.2,0.4,20.0,100.0,5.0,0.57275,0.005329
0.2,0.4,20.0,1000.0,5.0,0.11726,0.00010702
0.2,0.4,20.0,1000.0,5.0,0.96892,0.0010702
0.2,0.4,20.0,1000.0,5.0,0.98673,0.0011772
0.2,0.4,20.0,1000.0,5.0,0.99027,0.0012842
0.2,0.4,20.0,1000.0,5.0,0.99381,0.0013912
0.2,0.4,20.0,1000.0,5.0,0.9968,0.0014982
0.2,0.4,20.0,1000.0,5.0,0.99905,0.0016052
0.2,0.4,20.0,1000.0,5.0,1.0013,0.0017122
0.2,0.4,20.0,1000.0,5.0,1.0039,0.0018193
0.2,0.4,20.0,1000.0,5.0,1.0069,0.0019263
0.2,0.4,20.0,1000.0,5.0,1.0102,0.0020333
0.2,0.4,20.0,1000.0,5.0,0.23405,0.00021403
0.2,0.4,20.0,1000.0,5.0,1.0134,0.0021403
0.2,0.4,20.0,1000.0,5.0,0.34959,0.00032105
0.2,0.4,20.0,1000.0,5.0,0.46346,0.00042806
0.2,0.4,20.0,1000.0,5.0,0.57507,0.00053508
0.2,0.4,20.0,1000.0,5.0,0.6836,0.00064209
0.2,0.4,20.0,1000.0,5.0,0.78773,0.00074911
0.2,0.4,20.0,1000.0,5.0,0.87753,0.00085612
0.2,0.4,20.0,1000.0,5.0,0.9424,0.00096314
0.2,0.4,20.0,200.0,5.0,0.095522,0.00043586
0.2,0.4,20.0,200.0,5.0,0.88905,0.0043586
0.2,0.4,20.0,200.0,5.0,0.94099,0.0047944
0.2,0.4,20.0,200.0,5.0,0.9695,0.0052303
0.2,0.4,20.0,200.0,5.0,0.98288,0.0056661
0.2,0.4,20.0,200.0,5.0,0.98794,0.006102
0.2,0.4,20.0,200.0,5.0,0.99299,0.0065378
0.2,0.4,20.0,200.0,5.0,0.99557,0.0069737
0.2,0.4,20.0,200.0,5.0,0.9979,0.0074096
0.2,0.4,20.0,200.0,5.0,1.0001,0.0078454
0.2,0.4,20.0,200.0,5.0,1.0021,0.0082813
0.2,0.4,20.0,200.0,5.0,0.19087,0.00087171
0.2,0.4,20.0,200.0,5.0,1.0044,0.0087171
0.2,0.4,20.0,200.0,5.0,0.28549,0.0013076
0.2,0.4,20.0,200.0,5.0,0.37922,0.0017434
0.2,0.4,20.0,200.0,5.0,0.47168,0.0021793
0.2,0.4,20.0,200.0,5.0,0.56267,0.0026151
0.2,0.4,20.0,200.0,5.0,0.65169,0.003051
0.2,0.4,20.0,200.0,5.0,0.73816,0.0034869
0.2,0.4,20.0,200.0,5.0,0.8202,0.0039227
0.2,0.4,20.0,300.0,5.0,0.10038,0.00030535
0.2,0.4,20.0,300.0,5.0,0.91821,0.0030535
0.2,0.4,20.0,300.0,5.0,0.95869,0.0033589
0.2,0.4,20.0,300.0,5.0,0.97649,0.0036643
0.2,0.4,20.0,300.0,5.0,0.98812,0.0039696
0.2,0.4,20.0,300.0,5.0,0.99144,0.004275
0.2,0.4,20.0,300.0,5.0,0.99476,0.0045803
0.2,0.4,20.0,300.0,5.0,0.99736,0.0048857
0.2,0.4,20.0,300.0,5.0,0.99956,0.005191
0.2,0.4,20.0,300.0,5.0,1.0018,0.0054964
0.2,0.4,20.0,300.0,5.0,1.0042,0.0058017
0.2,0.4,20.0,300.0,5.0,0.20054,0.00061071
0.2,0.4,20.0,300.0,5.0,1.0069,0.0061071
0.2,0.4,20.0,300.0,5.0,0.29986,0.00091606
0.2,0.4,20.0,300.0,5.0,0.39815,0.0012214
0.2,0.4,20.0,300.0,5.0,0.49498,0.0015268
0.2,0.4,20.0,300.0,5.0,0.59008,0.0018321
0.2,0.4,20.0,300.0,5.0,0.68286,0.0021375
0.2,0.4,20.0,300.0,5.0,0.77243,0.0024428
0.2,0.4,20.0,300.0,5.0,0.85365,0.0027482
0.2,0.4,20.0,500.0,5.0,0.10632,0.00019406
0.2,0.4,20.0,500.0,5.0,0.94408,0.0019406
0.2,0.4,20.0,500.0,5.0,0.97674,0.0021346
0.2,0.4,20.0,500.0,5.0,0.98301,0.0023287
0.2,0.4,20.0,500.0,5.0,0.98929,0.0025228
0.2,0.4,20.0,500.0,5.0,0.99413,0.0027168
0.2,0.4,20.0,500.0,5.0,0.9966,0.0029109
0.2,0.4,20.0,500.0,5.0,0.99906,0.0031049
0.2,0.4,20.0,500.0,5.0,1.0013,0.003299
0.2,0.4,20.0,500.0,5.0,1.0038,0.0034931
0.2,0.4,20.0,500.0,5.0,1.0067,0.0036871
0.2,0.4,20.0,500.0,5.0,0.21234,0.00038812
0.2,0.4,20.0,500.0,5.0,1.0098,0.0038812
0.2,0.4,20.0,500.0,5.0,0.3174,0.00058218
0.2,0.4,20.0,500.0,5.0,0.42121,0.00077623
0.2,0.4,20.0,500.0,5.0,0.52332,0.00097029
0.2,0.4,20.0,500.0,5.0,0.62331,0.0011644
0.2,0.4,20.0,500.0,5.0,0.72044,0.0013584
0.2,0.4,20.0,500.0,5.0,0.81299,0.0015525
0.2,0.4,20.0,500.0,5.0,0.89104,0.0017465
0.2,0.4,20.0,700.0,5.0,0.11079,0.00014443
0.2,0.4,20.0,700.0,5.0,0.95784,0.0014443
0.2,0.4,20.0,700.0,5.0,0.97977,0.0015887
0.2,0.4,20.0,700.0,5.0,0.98578,0.0017332
0.2,0.4,20.0,700.0,5.0,0.9918,0.0018776
0.2,0.4,20.0,700.0,5.0,0.99525,0.002022
0.2,0.4,20.0,700.0,5.0,0.99768,0.0021664
0.2,0.4,20.0,700.0,5.0,1.0001,0.0023109
0.2,0.4,20.0,700.0,5.0,1.0023,0.0024553
0.2,0.4,20.0,700.0,5.0,1.0051,0.0025997
0.2,0.4,20.0,700.0,5.0,1.0083,0.0027442
0.2,0.4,20.0,700.0,5.0,0.2212,0.00028886
0.2,0.4,20.0,700.0,5.0,1.0114,0.0028886
0.2,0.4,20.0,700.0,5.0,0.33054,0.00043329
0.2,0.4,20.0,700.0,5.0,0.43847,0.00057772
0.2,0.4,20.0,700.0,5.0,0.54449,0.00072215
0.2,0.4,20.0,700.0,5.0,0.64804,0.00086658
0.2,0.4,20.0,700.0,5.0,0.74827,0.001011
0.2,0.4,20.0,700.0,5.0,0.84114,0.0011554
0.2,0.4,20.0,700.0,5.0,0.91325,0.0012999
0.2,0.4,3.0,100.0,5.0,0.074735,0.00068202
0.2,0.4,3.0,100.0,5.0,0.73264,0.0068202
0.2,0.4,3.0,100.0,5.0,0.80112,0.0075022
0.2,0.4,3.0,100.0,5.0,0.86513,0.0081842
0.2,0.4,3.0,100.0,5.0,0.92081,0.0088662
0.2,0.4,3.0,100.0,5.0,0.96483,0.0095482
0.2,0.4,3.0,100.0,5.0,0.98748,0.01023
0.2,0.4,3.0,100.0,5.0,1.0095,0.010912
0.2,0.4,3.0,100.0,5.0,1.0284,0.011594
0.2,0.4,3.0,100.0,5.0,1.0475,0.012276
0.2,0.4,3.0,100.0,5.0,1.0663,0.012958
0.2,0.4,3.0,100.0,5.0,0.14944,0.001364
0.2,0.4,3.0,100.0,5.0,1.0848,0.01364
0.2,0.4,3.0,100.0,5.0,0.22398,0.002046
0.2,0.4,3.0,100.0,5.0,0.29825,0.0027281
0.2,0.4,3.0,100.0,5.0,0.3722,0.0034101
0.2,0.4,3.0,100.0,5.0,0.44572,0.0040921
0.2,0.4,3.0,100.0,5.0,0.51867,0.0047741
0.2,0.4,3.0,100.0,5.0,0.59096,0.0054561
0.2,0.4,3.0,100.0,5.0,0.66236,0.0061381
0.2,0.4,3.0,1000.0,5.0,0.26613,0.00024338
0.2,0.4,3.0,1000.0,5.0,1.3173,0.0024338
0.2,0.4,3.0,1000.0,5.0,1.3624,0.0026771
0.2,0.4,3.0,1000.0,5.0,1.4061,0.0029205
0.2,0.4,3.0,1000.0,5.0,1.4449,0.0031639
0.2,0.4,3.0,1000.0,5.0,1.4804,0.0034073
0.2,0.4,3.0,1000.0,5.0,1.5163,0.0036506
0.2,0.4,3.0,1000.0,5.0,1.5517,0.003894
0.2,0.4,3.0,1000.0,5.0,1.5842,0.0041374
0.2,0.4,3.0,1000.0,5.0,1.6144,0.0043808
0.2,0.4,3.0,1000.0,5.0,1.6448,0.0046241
0.2,0.4,3.0,1000.0,5.0,0.52817,0.00048675
0.2,0.4,3.0,1000.0,5.0,1.6748,0.0048675
0.2,0.4,3.0,1000.0,5.0,0.78113,0.00073013
0.2,0.4,3.0,1000.0,5.0,0.96069,0.0009735
0.2,0.4,3.0,1000.0,5.0,1.0332,0.0012169
0.2,0.4,3.0,1000.0,5.0,1.0974,0.0014603
0.2,0.4,3.0,1000.0,5.0,1.162,0.0017036
0.2,0.4,3.0,1000.0,5.0,1.2234,0.001947
0.2,0.4,3.0,1000.0,5.0,1.2717,0.0021904
0.2,0.4,3.0,200.0,5.0,0.10976,0.00050081
0.2,0.4,3.0,200.0,5.0,0.97944,0.0050081
0.2,0.4,3.0,200.0,5.0,1.0127,0.0055089
0.2,0.4,3.0,200.0,5.0,1.0405,0.0060097
0.2,0.4,3.0,200.0,5.0,1.0682,0.0065105
0.2,0.4,3.0,200.0,5.0,1.0952,0.0070113
0.2,0.4,3.0,200.0,5.0,1.121,0.0075121
0.2,0.4,3.0,200.0,5.0,1.1459,0.0080129
0.2,0.4,3.0,200.0,5.0,1.1698,0.0085137
0.2,0.4,3.0,200.0,5.0,1.1928,0.0090145
0.2,0.4,3.0,200.0,5.0,1.215,0.0095153
0.2,0.4,3.0,200.0,5.0,0.21931,0.0010016
0.2,0.4,3.0,200.0,5.0,1.2364,0.010016
0.2,0.4,3.0,200.0,5.0,0.32831,0.0015024
0.2,0.4,3.0,200.0,5.0,0.43651,0.0020032
0.2,0.4,3.0,200.0,5.0,0.54352,0.002504
0.2,0.4,3.0,200.0,5.0,0.64905,0.0030048
0.2,0.4,3.0,200.0,5.0,0.7524,0.0035056
0.2,0.4,3.0,200.0,5.0,0.84992,0.0040064
0.2,0.4,3.0,200.0,5.0,0.93291,0.0045073
0.2,0.4,3.0,300.0,5.0,0.1372,0.00041739
0.2,0.4,3.0,300.0,5.0,1.054,0.0041739
0.2,0.4,3.0,300.0,5.0,1.0885,0.0045913
0.2,0.4,3.0,300.0,5.0,1.1204,0.0050086
0.2,0.4,3.0,300.0,5.0,1.1521,0.005426
0.2,0.4,3.0,300.0,5.0,1.1811,0.0058434
0.2,0.4,3.0,300.0,5.0,1.2096,0.0062608
0.2,0.4,3.0,300.0,5.0,1.2366,0.0066782
0.2,0.4,3.0,300.0,5.0,1.2624,0.0070956
0.2,0.4,3.0,300.0,5.0,1.2878,0.007513
0.2,0.4,3.0,300.0,5.0,1.3113,0.0079304
0.2,0.4,3.0,300.0,5.0,0.2739,0.00083477
0.2,0.4,3.0,300.0,5.0,1.3348,0.0083477
0.2,0.4,3.0,300.0,5.0,0.40957,0.0012522
0.2,0.4,3.0,300.0,5.0,0.54358,0.0016695
0.2,0.4,3.0,300.0,5.0,0.67509,0.0020869
0.2,0.4,3.0,300.0,5.0,0.80237,0.0025043
0.2,0.4,3.0,300.0,5.0,0.91241,0.0029217
0.2,0.4,3.0,300.0,5.0,0.97789,0.0033391
0.2,0.4,3.0,300.0,5.0,1.0181,0.0037565
0.2,0.4,3.0,500.0,5.0,0.18606,0.00033981
0.2,0.4,3.0,500.0,5.0,1.1671,0.0033981
0.2,0.4,3.0,500.0,5.0,1.2065,0.0037379
0.2,0.4,3.0,500.0,5.0,1.2444,0.0040777
0.2,0.4,3.0,500.0,5.0,1.2776,0.0044175
0.2,0.4,3.0,500.0,5.0,1.311,0.0047573
0.2,0.4,3.0,500.0,5.0,1.3429,0.0050971
0.2,0.4,3.0,500.0,5.0,1.3722,0.0054369
0.2,0.4,3.0,500.0,5.0,1.401,0.0057767
0.2,0.4,3.0,500.0,5.0,1.4292,0.0061166
0.2,0.4,3.0,500.0,5.0,1.455,0.0064564
0.2,0.4,3.0,500.0,5.0,0.3708,0.00067962
0.2,0.4,3.0,500.0,5.0,1.481,0.0067962
0.2,0.4,3.0,500.0,5.0,0.55294,0.0010194
0.2,0.4,3.0,500.0,5.0,0.73011,0.0013592
0.2,0.4,3.0,500.0,5.0,0.88913,0.001699
0.2,0.4,3.0,500.0,5.0,0.98901,0.0020389
0.2,0.4,3.0,500.0,5.0,1.0329,0.0023787
0.2,0.4,3.0,500.0,5.0,1.0812,0.0027185
0.2,0.4,3.0,500.0,5.0,1.1272,0.0030583
0.2,0.4,3.0,700.0,5.0,0.22507,0.00029379
0.2,0.4,3.0,700.0,5.0,1.2449,0.0029379
0.2,0.4,3.0,700.0,5.0,1.2879,0.0032316
0.2,0.4,3.0,700.0,5.0,1.3283,0.0035254
0.2,0.4,3.0,700.0,5.0,1.3634,0.0038192
0.2,0.4,3.0,700.0,5.0,1.3988,0.004113
0.2,0.4,3.0,700.0,5.0,1.4331,0.0044068
0.2,0.4,3.0,700.0,5.0,1.4643,0.0047006
0.2,0.4,3.0,700.0,5.0,1.4948,0.0049943
0.2,0.4,3.0,700.0,5.0,1.525,0.0052881
0.2,0.4,3.0,700.0,5.0,1.5536,0.0055819
0.2,0.4,3.0,700.0,5.0,0.44773,0.00058757
0.2,0.4,3.0,700.0,5.0,1.5805,0.0058757
0.2,0.4,3.0,700.0,5.0,0.66561,0.00088136
0.2,0.4,3.0,700.0,5.0,0.86493,0.0011751
0.2,0.4,3.0,700.0,5.0,0.97605,0.0014689
0.2,0.4,3.0,700.0,5.0,1.0423,0.0017627
0.2,0.4,3.0,700.0,5.0,1.0992,0.0020565
0.2,0.4,3.0,700.0,5.0,1.155,0.0023503
0.2,0.4,3.0,700.0,5.0,1.2016,0.0026441
0.2,0.4,4.0,100.0,5.0,0.071987,0.00065693
0.2,0.4,4.0,100.0,5.0,0.70472,0.0065693
0.2,0.4,4.0,100.0,5.0,0.77084,0.0072263
0.2,0.4,4.0,100.0,5.0,0.834,0.0078832
0.2,0.4,4.0,100.0,5.0,0.89077,0.0085401
0.2,0.4,4.0,100.0,5.0,0.93885,0.0091971
0.2,0.4,4.0,100.0,5.0,0.96567,0.009854
0.2,0.4,4.0,100.0,5.0,0.9902,0.010511
0.2,0.4,4.0,100.0,5.0,1.004,0.011168
0.2,0.4,4.0,100.0,5.0,1.0146,0.011825
0.2,0.4,4.0,100.0,5.0,1.0277,0.012482
0.2,0.4,4.0,100.0,5.0,0.14394,0.0013139
0.2,0.4,4.0,100.0,5.0,1.0409,0.013139
0.2,0.4,4.0,100.0,5.0,0.21573,0.0019708
0.2,0.4,4.0,100.0,5.0,0.28724,0.0026277
0.2,0.4,4.0,100.0,5.0,0.35839,0.0032847
0.2,0.4,4.0,100.0,5.0,0.42905,0.0039416
0.2,0.4,4.0,100.0,5.0,0.49915,0.0045985
0.2,0.4,4.0,100.0,5.0,0.56858,0.0052555
0.2,0.4,4.0,100.0,5.0,0.63717,0.0059124
0.2,0.4,4.0,1000.0,5.0,0.2474,0.00022619
0.2,0.4,4.0,1000.0,5.0,1.194,0.0022619
0.2,0.4,4.0,1000.0,5.0,1.2223,0.0024881
0.2,0.4,4.0,1000.0,5.0,1.2507,0.0027143
0.2,0.4,4.0,1000.0,5.0,1.2784,0.0029405
0.2,0.4,4.0,1000.0,5.0,1.3044,0.0031667
0.2,0.4,4.0,1000.0,5.0,1.3258,0.0033929
0.2,0.4,4.0,1000.0,5.0,1.3478,0.0036191
0.2,0.4,4.0,1000.0,5.0,1.3696,0.0038453
0.2,0.4,4.0,1000.0,5.0,1.3908,0.0040715
0.2,0.4,4.0,1000.0,5.0,1.4101,0.0042976
0.2,0.4,4.0,1000.0,5.0,0.49089,0.00045238
0.2,0.4,4.0,1000.0,5.0,1.4279,0.0045238
0.2,0.4,4.0,1000.0,5.0,0.7259,0.00067858
0.2,0.4,4.0,1000.0,5.0,0.91559,0.00090477
0.2,0.4,4.0,1000.0,5.0,0.99883,0.001131
0.2,0.4,4.0,1000.0,5.0,1.0388,0.0013572
0.2,0.4,4.0,1000.0,5.0,1.0815,0.0015833
0.2,0.4,4.0,1000.0,5.0,1.1237,0.0018095
0.2,0.4,4.0,1000.0,5.0,1.163,0.0020357
0.2,0.4,4.0,200.0,5.0,0.10865,0.00049577
0.2,0.4,4.0,200.0,5.0,0.96878,0.0049577
0.2,0.4,4.0,200.0,5.0,0.99596,0.0054534
0.2,0.4,4.0,200.0,5.0,1.0158,0.0059492
0.2,0.4,4.0,200.0,5.0,1.0361,0.006445
0.2,0.4,4.0,200.0,5.0,1.0552,0.0069407
0.2,0.4,4.0,200.0,5.0,1.0741,0.0074365
0.2,0.4,4.0,200.0,5.0,1.0917,0.0079323
0.2,0.4,4.0,200.0,5.0,1.109,0.008428
0.2,0.4,4.0,200.0,5.0,1.1253,0.0089238
0.2,0.4,4.0,200.0,5.0,1.1411,0.0094196
0.2,0.4,4.0,200.0,5.0,0.21707,0.00099153
0.2,0.4,4.0,200.0,5.0,1.1563,0.0099153
0.2,0.4,4.0,200.0,5.0,0.32483,0.0014873
0.2,0.4,4.0,200.0,5.0,0.43168,0.0019831
0.2,0.4,4.0,200.0,5.0,0.53727,0.0024788
0.2,0.4,4.0,200.0,5.0,0.64108,0.0029746
0.2,0.4,4.0,200.0,5.0,0.7424,0.0034704
0.2,0.4,4.0,200.0,5.0,0.83924,0.0039661
0.2,0.4,4.0,200.0,5.0,0.91886,0.0044619
0.2,0.4,4.0,300.0,5.0,0.13454,0.0004093
0.2,0.4,4.0,300.0,5.0,1.0228,0.004093
0.2,0.4,4.0,300.0,5.0,1.0481,0.0045023
0.2,0.4,4.0,300.0,5.0,1.071,0.0049116
0.2,0.4,4.0,300.0,5.0,1.0932,0.0053209
0.2,0.4,4.0,300.0,5.0,1.1148,0.0057302
0.2,0.4,4.0,300.0,5.0,1.1341,0.0061395
0.2,0.4,4.0,300.0,5.0,1.1536,0.0065488
0.2,0.4,4.0,300.0,5.0,1.1717,0.0069581
0.2,0.4,4.0,300.0,5.0,1.1888,0.0073674
0.2,0.4,4.0,300.0,5.0,1.2058,0.0077767
0.2,0.4,4.0,300.0,5.0,0.26853,0.0008186
0.2,0.4,4.0,300.0,5.0,1.2215,0.008186
0.2,0.4,4.0,300.0,5.0,0.40132,0.0012279
0.2,0.4,4.0,300.0,5.0,0.53235,0.0016372
0.2,0.4,4.0,300.0,5.0,0.66077,0.0020465
0.2,0.4,4.0,300.0,5.0,0.78466,0.0024558
0.2,0.4,4.0,300.0,5.0,0.89584,0.0028651
0.2,0.4,4.0,300.0,5.0,0.9707,0.0032744
0.2,0.4,4.0,300.0,5.0,0.99721,0.0036837
0.2,0.4,4.0,500.0,5.0,0.16727,0.00030543
0.2,0.4,4.0,500.0,5.0,1.0808,0.0030543
0.2,0.4,4.0,500.0,5.0,1.1075,0.0033597
0.2,0.4,4.0,500.0,5.0,1.1316,0.0036651
0.2,0.4,4.0,500.0,5.0,1.156,0.0039706
0.2,0.4,4.0,500.0,5.0,1.1791,0.004276
0.2,0.4,4.0,500.0,5.0,1.1992,0.0045814
0.2,0.4,4.0,500.0,5.0,1.2196,0.0048869
0.2,0.4,4.0,500.0,5.0,1.2394,0.0051923
0.2,0.4,4.0,500.0,5.0,1.2574,0.0054977
0.2,0.4,4.0,500.0,5.0,1.2747,0.0058031
0.2,0.4,4.0,500.0,5.0,0.3334,0.00061086
0.2,0.4,4.0,500.0,5.0,1.292,0.0061086
0.2,0.4,4.0,500.0,5.0,0.49724,0.00091628
0.2,0.4,4.0,500.0,5.0,0.65758,0.0012217
0.2,0.4,4.0,500.0,5.0,0.81032,0.0015271
0.2,0.4,4.0,500.0,5.0,0.93559,0.0018326
0.2,0.4,4.0,500.0,5.0,0.98208,0.002138
0.2,0.4,4.0,500.0,5.0,1.0195,0.0024434
0.2,0.4,4.0,500.0,5.0,1.0503,0.0027489
0.2,0.4,4.0,700.0,5.0,0.20063,0.0002618
0.2,0.4,4.0,700.0,5.0,1.1328,0.002618
0.2,0.4,4.0,700.0,5.0,1.1589,0.0028798
0.2,0.4,4.0,700.0,5.0,1.1855,0.0031416
0.2,0.4,4.0,700.0,5.0,1.2116,0.0034034
0.2,0.4,4.0,700.0,5.0,1.2359,0.0036652
0.2,0.4,4.0,700.0,5.0,1.2565,0.003927
0.2,0.4,4.0,700.0,5.0,1.2776,0.0041888
0.2,0.4,4.0,700.0,5.0,1.2983,0.0044506
0.2,0.4,4.0,700.0,5.0,1.318,0.0047124
0.2,0.4,4.0,700.0,5.0,1.3354,0.0049742
0.2,0.4,4.0,700.0,5.0,0.39922,0.0005236
0.2,0.4,4.0,700.0,5.0,1.3533,0.005236
0.2,0.4,4.0,700.0,5.0,0.5938,0.00078539
0.2,0.4,4.0,700.0,5.0,0.78113,0.0010472
0.2,0.4,4.0,700.0,5.0,0.92093,0.001309
0.2,0.4,4.0,700.0,5.0,0.99483,0.0015708
0.2,0.4,4.0,700.0,5.0,1.0288,0.0018326
0.2,0.4,4.0,700.0,5.0,1.0651,0.0020944
0.2,0.4,4.0,700.0,5.0,1.1007,0.0023562
0.2,0.4,6.0,100.0,5.0,0.071586,0.00065328
0.2,0.4,6.0,100.0,5.0,0.69844,0.0065328
0.2,0.4,6.0,100.0,5.0,0.76362,0.0071861
0.2,0.4,6.0,100.0,5.0,0.82598,0.0078393
0.2,0.4,6.0,100.0,5.0,0.88139,0.0084926
0.2,0.4,6.0,100.0,5.0,0.92809,0.0091459
0.2,0.4,6.0,100.0,5.0,0.95798,0.0097992
0.2,0.4,6.0,100.0,5.0,0.98468,0.010452
0.2,0.4,6.0,100.0,5.0,0.99177,0.011106
0.2,0.4,6.0,100.0,5.0,0.99887,0.011759
0.2,0.4,6.0,100.0,5.0,1.0061,0.012412
0.2,0.4,6.0,100.0,5.0,0.14314,0.0013066
0.2,0.4,6.0,100.0,5.0,1.0139,0.013066
0.2,0.4,6.0,100.0,5.0,0.21451,0.0019598
0.2,0.4,6.0,100.0,5.0,0.28551,0.0026131
0.2,0.4,6.0,100.0,5.0,0.35609,0.0032664
0.2,0.4,6.0,100.0,5.0,0.42617,0.0039197
0.2,0.4,6.0,100.0,5.0,0.49562,0.004573
0.2,0.4,6.0,100.0,5.0,0.5642,0.0052262
0.2,0.4,6.0,100.0,5.0,0.63189,0.0058795
0.2,0.4,6.0,1000.0,5.0,0.24384,0.00022292
0.2,0.4,6.0,1000.0,5.0,1.111,0.0022292
0.2,0.4,6.0,1000.0,5.0,1.1272,0.0024522
0.2,0.4,6.0,1000.0,5.0,1.1439,0.0026751
0.2,0.4,6.0,1000.0,5.0,1.1604,0.002898
0.2,0.4,6.0,1000.0,5.0,1.1764,0.0031209
0.2,0.4,6.0,1000.0,5.0,1.191,0.0033438
0.2,0.4,6.0,1000.0,5.0,1.2034,0.0035668
0.2,0.4,6.0,1000.0,5.0,1.2157,0.0037897
0.2,0.4,6.0,1000.0,5.0,1.228,0.0040126
0.2,0.4,6.0,1000.0,5.0,1.2399,0.0042355
0.2,0.4,6.0,1000.0,5.0,0.48326,0.00044585
0.2,0.4,6.0,1000.0,5.0,1.2513,0.0044585
0.2,0.4,6.0,1000.0,5.0,0.7135,0.00066877
0.2,0.4,6.0,1000.0,5.0,0.908,0.00089169
0.2,0.4,6.0,1000.0,5.0,0.96709,0.0011146
0.2,0.4,6.0,1000.0,5.0,1.0116,0.0013375
0.2,0.4,6.0,1000.0,5.0,1.037,0.0015605
0.2,0.4,6.0,1000.0,5.0,1.0631,0.0017834
0.2,0.4,6.0,1000.0,5.0,1.0883,0.0020063
0.2,0.4,6.0,200.0,5.0,0.10712,0.00048879
0.2,0.4,6.0,200.0,5.0,0.95617,0.0048879
0.2,0.4,6.0,200.0,5.0,0.9895,0.0053767
0.2,0.4,6.0,200.0,5.0,0.99915,0.0058654
0.2,0.4,6.0,200.0,5.0,1.0096,0.0063542
0.2,0.4,6.0,200.0,5.0,1.0221,0.006843
0.2,0.4,6.0,200.0,5.0,1.0337,0.0073318
0.2,0.4,6.0,200.0,5.0,1.0453,0.0078206
0.2,0.4,6.0,200.0,5.0,1.0561,0.0083094
0.2,0.4,6.0,200.0,5.0,1.0665,0.0087982
0.2,0.4,6.0,200.0,5.0,1.0766,0.0092869
0.2,0.4,6.0,200.0,5.0,0.214,0.00097757
0.2,0.4,6.0,200.0,5.0,1.086,0.0097757
0.2,0.4,6.0,200.0,5.0,0.32011,0.0014664
0.2,0.4,6.0,200.0,5.0,0.42516,0.0019551
0.2,0.4,6.0,200.0,5.0,0.5288,0.0024439
0.2,0.4,6.0,200.0,5.0,0.63059,0.0029327
0.2,0.4,6.0,200.0,5.0,0.72976,0.0034215
0.2,0.4,6.0,200.0,5.0,0.82468,0.0039103
0.2,0.4,6.0,200.0,5.0,0.90349,0.0043991
0.2,0.4,6.0,300.0,5.0,0.1343,0.00040854
0.2,0.4,6.0,300.0,5.0,1.003,0.0040854
0.2,0.4,6.0,300.0,5.0,1.0186,0.0044939
0.2,0.4,6.0,300.0,5.0,1.0344,0.0049025
0.2,0.4,6.0,300.0,5.0,1.048,0.005311
0.2,0.4,6.0,300.0,5.0,1.0617,0.0057196
0.2,0.4,6.0,300.0,5.0,1.0747,0.0061281
0.2,0.4,6.0,300.0,5.0,1.0863,0.0065366
0.2,0.4,6.0,300.0,5.0,1.098,0.0069452
0.2,0.4,6.0,300.0,5.0,1.109,0.0073537
0.2,0.4,6.0,300.0,5.0,1.1191,0.0077623
0.2,0.4,6.0,300.0,5.0,0.26795,0.00081708
0.2,0.4,6.0,300.0,5.0,1.1293,0.0081708
0.2,0.4,6.0,300.0,5.0,0.40017,0.0012256
0.2,0.4,6.0,300.0,5.0,0.5303,0.0016342
0.2,0.4,6.0,300.0,5.0,0.65747,0.0020427
0.2,0.4,6.0,300.0,5.0,0.78,0.0024512
0.2,0.4,6.0,300.0,5.0,0.8876,0.0028598
0.2,0.4,6.0,300.0,5.0,0.96049,0.0032683
0.2,0.4,6.0,300.0,5.0,0.98719,0.0036769
0.2,0.4,6.0,500.0,5.0,0.17531,0.00032013
0.2,0.4,6.0,500.0,5.0,1.0489,0.0032013
0.2,0.4,6.0,500.0,5.0,1.0665,0.0035214
0.2,0.4,6.0,500.0,5.0,1.0817,0.0038416
0.2,0.4,6.0,500.0,5.0,1.0974,0.0041617
0.2,0.4,6.0,500.0,5.0,1.1122,0.0044818
0.2,0.4,6.0,500.0,5.0,1.1249,0.004802
0.2,0.4,6.0,500.0,5.0,1.1374,0.0051221
0.2,0.4,6.0,500.0,5.0,1.1498,0.0054422
0.2,0.4,6.0,500.0,5.0,1.1612,0.0057624
0.2,0.4,6.0,500.0,5.0,1.1716,0.0060825
0.2,0.4,6.0,500.0,5.0,0.34905,0.00064026
0.2,0.4,6.0,500.0,5.0,1.1821,0.0064026
0.2,0.4,6.0,500.0,5.0,0.51965,0.00096039
0.2,0.4,6.0,500.0,5.0,0.68523,0.0012805
0.2,0.4,6.0,500.0,5.0,0.83967,0.0016007
0.2,0.4,6.0,500.0,5.0,0.9378,0.0019208
0.2,0.4,6.0,500.0,5.0,0.9884,0.0022409
0.2,0.4,6.0,500.0,5.0,1.0094,0.002561
0.2,0.4,6.0,500.0,5.0,1.0287,0.0028812
0.2,0.4,6.0,700.0,5.0,0.20705,0.0002702
0.2,0.4,6.0,700.0,5.0,1.0799,0.002702
0.2,0.4,6.0,700.0,5.0,1.0963,0.0029722
0.2,0.4,6.0,700.0,5.0,1.1127,0.0032425
0.2,0.4,6.0,700.0,5.0,1.129,0.0035127
0.2,0.4,6.0,700.0,5.0,1.1445,0.0037829
0.2,0.4,6.0,700.0,5.0,1.1576,0.0040531
0.2,0.4,6.0,700.0,5.0,1.1701,0.0043233
0.2,0.4,6.0,700.0,5.0,1.1827,0.0045935
0.2,0.4,6.0,700.0,5.0,1.1948,0.0048637
0.2,0.4,6.0,700.0,5.0,1.2057,0.0051339
0.2,0.4,6.0,700.0,5.0,0.41144,0.00054041
0.2,0.4,6.0,700.0,5.0,1.2159,0.0054041
0.2,0.4,6.0,700.0,5.0,0.61059,0.00081061
0.2,0.4,6.0,700.0,5.0,0.79857,0.0010808
0.2,0.4,6.0,700.0,5.0,0.93538,0.001351
0.2,0.4,6.0,700.0,5.0,0.99025,0.0016212
0.2,0.4,6.0,700.0,5.0,1.0118,0.0018914
0.2,0.4,6.0,700.0,5.0,1.0353,0.0021616
0.2,0.4,6.0,700.0,5.0,1.0584,0.0024318
0.2,0.6,10.0,100.0,5.0,0.069965,0.00055589
0.2,0.6,10.0,100.0,5.0,0.68508,0.0055589
0.2,0.6,10.0,100.0,5.0,0.74925,0.0061148
0.2,0.6,10.0,100.0,5.0,0.81165,0.0066707
0.2,0.6,10.0,100.0,5.0,0.86948,0.0072265
0.2,0.6,10.0,100.0,5.0,0.91827,0.0077824
0.2,0.6,10.0,100.0,5.0,0.95341,0.0083383
0.2,0.6,10.0,100.0,5.0,0.97291,0.0088942
0.2,0.6,10.0,100.0,5.0,0.9924,0.0094501
0.2,0.6,10.0,100.0,5.0,0.99685,0.010006
0.2,0.6,10.0,100.0,5.0,1.0004,0.010562
0.2,0.6,10.0,100.0,5.0,0.13993,0.0011118
0.2,0.6,10.0,100.0,5.0,1.0039,0.011118
0.2,0.6,10.0,100.0,5.0,0.20976,0.0016677
0.2,0.6,10.0,100.0,5.0,0.27926,0.0022236
0.2,0.6,10.0,100.0,5.0,0.34842,0.0027794
0.2,0.6,10.0,100.0,5.0,0.41716,0.0033353
0.2,0.6,10.0,100.0,5.0,0.4853,0.0038912
0.2,0.6,10.0,100.0,5.0,0.55275,0.0044471
0.2,0.6,10.0,100.0,5.0,0.61941,0.005003
0.2,0.6,10.0,1000.0,5.0,0.21245,0.00016898
0.2,0.6,10.0,1000.0,5.0,1.0446,0.0016898
0.2,0.6,10.0,1000.0,5.0,1.0568,0.0018588
0.2,0.6,10.0,1000.0,5.0,1.067,0.0020277
0.2,0.6,10.0,1000.0,5.0,1.0751,0.0021967
0.2,0.6,10.0,1000.0,5.0,1.083,0.0023657
0.2,0.6,10.0,1000.0,5.0,1.0909,0.0025347
0.2,0.6,10.0,1000.0,5.0,1.0987,0.0027036
0.2,0.6,10.0,1000.0,5.0,1.1063,0.0028726
0.2,0.6,10.0,1000.0,5.0,1.1128,0.0030416
0.2,0.6,10.0,1000.0,5.0,1.1185,0.0032106
0.2,0.6,10.0,1000.0,5.0,0.4224,0.00033796
0.2,0.6,10.0,1000.0,5.0,1.1243,0.0033796
0.2,0.6,10.0,1000.0,5.0,0.62737,0.00050693
0.2,0.6,10.0,1000.0,5.0,0.81905,0.00067591
0.2,0.6,10.0,1000.0,5.0,0.92929,0.00084489
0.2,0.6,10.0,1000.0,5.0,0.99662,0.0010139
0.2,0.6,10.0,1000.0,5.0,1.0064,0.0011828
0.2,0.6,10.0,1000.0,5.0,1.0186,0.0013518
0.2,0.6,10.0,1000.0,5.0,1.0318,0.0015208
0.2,0.6,10.0,200.0,5.0,0.086567,0.0003439
0.2,0.6,10.0,200.0,5.0,0.83435,0.003439
0.2,0.6,10.0,200.0,5.0,0.90145,0.0037829
0.2,0.6,10.0,200.0,5.0,0.95358,0.0041268
0.2,0.6,10.0,200.0,5.0,0.97754,0.0044707
0.2,0.6,10.0,200.0,5.0,0.99407,0.0048146
0.2,0.6,10.0,200.0,5.0,0.99842,0.0051585
0.2,0.6,10.0,200.0,5.0,1.0028,0.0055024
0.2,0.6,10.0,200.0,5.0,1.0087,0.0058463
0.2,0.6,10.0,200.0,5.0,1.0146,0.0061902
0.2,0.6,10.0,200.0,5.0,1.02,0.0065341
0.2,0.6,10.0,200.0,5.0,0.17311,0.0006878
0.2,0.6,10.0,200.0,5.0,1.0255,0.006878
0.2,0.6,10.0,200.0,5.0,0.25928,0.0010317
0.2,0.6,10.0,200.0,5.0,0.34494,0.0013756
0.2,0.6,10.0,200.0,5.0,0.42992,0.0017195
0.2,0.6,10.0,200.0,5.0,0.51402,0.0020634
0.2,0.6,10.0,200.0,5.0,0.597,0.0024073
0.2,0.6,10.0,200.0,5.0,0.6785,0.0027512
0.2,0.6,10.0,200.0,5.0,0.75797,0.0030951
0.2,0.6,10.0,300.0,5.0,0.11718,0.00031033
0.2,0.6,10.0,300.0,5.0,0.97972,0.0031033
0.2,0.6,10.0,300.0,5.0,0.99839,0.0034137
0.2,0.6,10.0,300.0,5.0,1.004,0.003724
0.2,0.6,10.0,300.0,5.0,1.0119,0.0040343
0.2,0.6,10.0,300.0,5.0,1.02,0.0043447
0.2,0.6,10.0,300.0,5.0,1.0269,0.004655
0.2,0.6,10.0,300.0,5.0,1.0337,0.0049653
0.2,0.6,10.0,300.0,5.0,1.0405,0.0052756
0.2,0.6,10.0,300.0,5.0,1.0466,0.005586
0.2,0.6,10.0,300.0,5.0,1.0523,0.0058963
0.2,0.6,10.0,300.0,5.0,0.23409,0.00062066
0.2,0.6,10.0,300.0,5.0,1.0581,0.0062066
0.2,0.6,10.0,300.0,5.0,0.35011,0.000931
0.2,0.6,10.0,300.0,5.0,0.46487,0.0012413
0.2,0.6,10.0,300.0,5.0,0.57783,0.0015517
0.2,0.6,10.0,300.0,5.0,0.68824,0.001862
0.2,0.6,10.0,300.0,5.0,0.79475,0.0021723
0.2,0.6,10.0,300.0,5.0,0.89127,0.0024827
0.2,0.6,10.0,300.0,5.0,0.95398,0.002793
0.2,0.6,10.0,500.0,5.0,0.12668,0.00020134
0.2,0.6,10.0,500.0,5.0,0.99368,0.0020134
0.2,0.6,10.0,500.0,5.0,1.0033,0.0022147
0.2,0.6,10.0,500.0,5.0,1.0105,0.002416
0.2,0.6,10.0,500.0,5.0,1.0191,0.0026174
0.2,0.6,10.0,500.0,5.0,1.0276,0.0028187
0.2,0.6,10.0,500.0,5.0,1.0354,0.0030201
0.2,0.6,10.0,500.0,5.0,1.0419,0.0032214
0.2,0.6,10.0,500.0,5.0,1.0482,0.0034227
0.2,0.6,10.0,500.0,5.0,1.0546,0.0036241
0.2,0.6,10.0,500.0,5.0,1.0609,0.0038254
0.2,0.6,10.0,500.0,5.0,0.25298,0.00040268
0.2,0.6,10.0,500.0,5.0,1.0669,0.0040267
0.2,0.6,10.0,500.0,5.0,0.37821,0.00060401
0.2,0.6,10.0,500.0,5.0,0.5017,0.00080535
0.2,0.6,10.0,500.0,5.0,0.62299,0.0010067
0.2,0.6,10.0,500.0,5.0,0.74088,0.001208
0.2,0.6,10.0,500.0,5.0,0.85022,0.0014094
0.2,0.6,10.0,500.0,5.0,0.92917,0.0016107
0.2,0.6,10.0,500.0,5.0,0.96143,0.001812
0.2,0.6,10.0,700.0,5.0,0.21178,0.00024056
0.2,0.6,10.0,700.0,5.0,1.0471,0.0024056
0.2,0.6,10.0,700.0,5.0,1.0565,0.0026461
0.2,0.6,10.0,700.0,5.0,1.0659,0.0028867
0.2,0.6,10.0,700.0,5.0,1.0753,0.0031272
0.2,0.6,10.0,700.0,5.0,1.0842,0.0033678
0.2,0.6,10.0,700.0,5.0,1.0916,0.0036083
0.2,0.6,10.0,700.0,5.0,1.0986,0.0038489
0.2,0.6,10.0,700.0,5.0,1.1057,0.0040894
0.2,0.6,10.0,700.0,5.0,1.1125,0.00433
0.2,0.6,10.0,700.0,5.0,1.1186,0.0045705
0.2,0.6,10.0,700.0,5.0,0.4211,0.00048111
0.2,0.6,10.0,700.0,5.0,1.1242,0.0048111
0.2,0.6,10.0,700.0,5.0,0.62508,0.00072167
0.2,0.6,10.0,700.0,5.0,0.81751,0.00096222
0.2,0.6,10.0,700.0,5.0,0.956,0.0012028
0.2,0.6,10.0,700.0,5.0,0.99022,0.0014433
0.2,0.6,10.0,700.0,5.0,1.0066,0.0016839
0.2,0.6,10.0,700.0,5.0,1.0206,0.0019244
0.2,0.6,10.0,700.0,5.0,1.0343,0.002165
0.2,0.6,20.0,100.0,5.0,0.080527,0.00063981
0.2,0.6,20.0,100.0,5.0,0.77959,0.0063981
0.2,0.6,20.0,100.0,5.0,0.84872,0.0070379
0.2,0.6,20.0,100.0,5.0,0.90753,0.0076777
0.2,0.6,20.0,100.0,5.0,0.95159,0.0083175
0.2,0.6,20.0,100.0,5.0,0.97364,0.0089573
0.2,0.6,20.0,100.0,5.0,0.98683,0.0095971
0.2,0.6,20.0,100.0,5.0,0.99405,0.010237
0.2,0.6,20.0,100.0,5.0,0.99627,0.010877
0.2,0.6,20.0,100.0,5.0,0.99848,0.011517
0.2,0.6,20.0,100.0,5.0,1.0005,0.012156
0.2,0.6,20.0,100.0,5.0,0.16103,0.0012796
0.2,0.6,20.0,100.0,5.0,1.0024,0.012796
0.2,0.6,20.0,100.0,5.0,0.24123,0.0019194
0.2,0.6,20.0,100.0,5.0,0.32098,0.0025592
0.2,0.6,20.0,100.0,5.0,0.40011,0.003199
0.2,0.6,20.0,100.0,5.0,0.47849,0.0038389
0.2,0.6,20.0,100.0,5.0,0.55591,0.0044787
0.2,0.6,20.0,100.0,5.0,0.63216,0.0051185
0.2,0.6,20.0,100.0,5.0,0.70687,0.0057583
0.2,0.6,20.0,1000.0,5.0,0.11252,8.9397e-05
0.2,0.6,20.0,1000.0,5.0,0.97662,0.00089397
0.2,0.6,20.0,1000.0,5.0,0.98379,0.00098337
0.2,0.6,20.0,1000.0,5.0,0.99097,0.0010728
0.2,0.6,20.0,1000.0,5.0,0.99768,0.0011622
0.2,0.6,20.0,1000.0,5.0,0.99989,0.0012516
0.2,0.6,20.0,1000.0,5.0,1.0022,0.001341
0.2,0.6,20.0,1000.0,5.0,1.0053,0.0014304
0.2,0.6,20.0,1000.0,5.0,1.0086,0.0015198
0.2,0.6,20.0,1000.0,5.0,1.0119,0.0016092
0.2,0.6,20.0,1000.0,5.0,1.0151,0.0016986
0.2,0.6,20.0,1000.0,5.0,0.22478,0.00017879
0.2,0.6,20.0,1000.0,5.0,1.0183,0.0017879
0.2,0.6,20.0,1000.0,5.0,0.33617,0.00026819
0.2,0.6,20.0,1000.0,5.0,0.44636,0.00035759
0.2,0.6,20.0,1000.0,5.0,0.55486,0.00044699
0.2,0.6,20.0,1000.0,5.0,0.66105,0.00053638
0.2,0.6,20.0,1000.0,5.0,0.76387,0.00062578
0.2,0.6,20.0,1000.0,5.0,0.8597,0.00071518
0.2,0.6,20.0,1000.0,5.0,0.93368,0.00080458
0.2,0.6,20.0,200.0,5.0,0.088335,0.00035092
0.2,0.6,20.0,200.0,5.0,0.8466,0.0035092
0.2,0.6,20.0,200.0,5.0,0.91083,0.0038601
0.2,0.6,20.0,200.0,5.0,0.95592,0.004211
0.2,0.6,20.0,200.0,5.0,0.98218,0.004562
0.2,0.6,20.0,200.0,5.0,0.98762,0.0049129
0.2,0.6,20.0,200.0,5.0,0.99307,0.0052638
0.2,0.6,20.0,200.0,5.0,0.99772,0.0056147
0.2,0.6,20.0,200.0,5.0,0.99974,0.0059656
0.2,0.6,20.0,200.0,5.0,1.0018,0.0063166
0.2,0.6,20.0,200.0,5.0,1.0044,0.0066675
0.2,0.6,20.0,200.0,5.0,0.17662,0.00070184
0.2,0.6,20.0,200.0,5.0,1.0071,0.0070184
0.2,0.6,20.0,200.0,5.0,0.26448,0.0010528
0.2,0.6,20.0,200.0,5.0,0.35175,0.0014037
0.2,0.6,20.0,200.0,5.0,0.43822,0.0017546
0.2,0.6,20.0,200.0,5.0,0.52367,0.0021055
0.2,0.6,20.0,200.0,5.0,0.60784,0.0024564
0.2,0.6,20.0,200.0,5.0,0.6903,0.0028074
0.2,0.6,20.0,200.0,5.0,0.77049,0.0031583
0.2,0.6,20.0,300.0,5.0,0.093172,0.00024676
0.2,0.6,20.0,300.0,5.0,0.8837,0.0024676
0.2,0.6,20.0,300.0,5.0,0.94066,0.0027143
0.2,0.6,20.0,300.0,5.0,0.96975,0.0029611
0.2,0.6,20.0,300.0,5.0,0.98853,0.0032079
0.2,0.6,20.0,300.0,5.0,0.99413,0.0034546
0.2,0.6,20.0,300.0,5.0,0.99667,0.0037014
0.2,0.6,20.0,300.0,5.0,0.99921,0.0039481
0.2,0.6,20.0,300.0,5.0,1.0015,0.0041949
0.2,0.6,20.0,300.0,5.0,1.0041,0.0044416
0.2,0.6,20.0,300.0,5.0,1.0072,0.0046884
0.2,0.6,20.0,300.0,5.0,0.18626,0.00049352
0.2,0.6,20.0,300.0,5.0,1.0099,0.0049352
0.2,0.6,20.0,300.0,5.0,0.27885,0.00074027
0.2,0.6,20.0,300.0,5.0,0.37076,0.00098703
0.2,0.6,20.0,300.0,5.0,0.46174,0.0012338
0.2,0.6,20.0,300.0,5.0,0.55149,0.0014805
0.2,0.6,20.0,300.0,5.0,0.63968,0.0017273
0.2,0.6,20.0,300.0,5.0,0.72576,0.0019741
0.2,0.6,20.0,300.0,5.0,0.80887,0.0022208
0.2,0.6,20.0,500.0,5.0,0.099618,0.0001583
0.2,0.6,20.0,500.0,5.0,0.92498,0.001583
0.2,0.6,20.0,500.0,5.0,0.96563,0.0017413
0.2,0.6,20.0,500.0,5.0,0.98852,0.0018996
0.2,0.6,20.0,500.0,5.0,0.99207,0.0020579
0.2,0.6,20.0,500.0,5.0,0.99563,0.0022162
0.2,0.6,20.0,500.0,5.0,0.99911,0.0023745
0.2,0.6,20.0,500.0,5.0,1.0013,0.0025328
0.2,0.6,20.0,500.0,5.0,1.004,0.0026911
0.2,0.6,20.0,500.0,5.0,1.0072,0.0028494
0.2,0.6,20.0,500.0,5.0,1.0104,0.0030077
0.2,0.6,20.0,500.0,5.0,0.19911,0.0003166
0.2,0.6,20.0,500.0,5.0,1.0134,0.003166
0.2,0.6,20.0,500.0,5.0,0.29798,0.00047489
0.2,0.6,20.0,500.0,5.0,0.39603,0.00063319
0.2,0.6,20.0,500.0,5.0,0.49294,0.00079149
0.2,0.6,20.0,500.0,5.0,0.58833,0.00094979
0.2,0.6,20.0,500.0,5.0,0.68171,0.0011081
0.2,0.6,20.0,500.0,5.0,0.77226,0.0012664
0.2,0.6,20.0,500.0,5.0,0.85763,0.0014247
0.2,0.6,20.0,700.0,5.0,0.10435,0.00011844
0.2,0.6,20.0,700.0,5.0,0.94954,0.0011844
0.2,0.6,20.0,700.0,5.0,0.9772,0.0013028
0.2,0.6,20.0,700.0,5.0,0.99176,0.0014212
0.2,0.6,20.0,700.0,5.0,0.99465,0.0015397
0.2,0.6,20.0,700.0,5.0,0.99754,0.0016581
0.2,0.6,20.0,700.0,5.0,1.0003,0.0017765
0.2,0.6,20.0,700.0,5.0,1.0025,0.001895
0.2,0.6,20.0,700.0,5.0,1.0057,0.0020134
0.2,0.6,20.0,700.0,5.0,1.009,0.0021318
0.2,0.6,20.0,700.0,5.0,1.0122,0.0022503
0.2,0.6,20.0,700.0,5.0,0.20852,0.00023687
0.2,0.6,20.0,700.0,5.0,1.0153,0.0023687
0.2,0.6,20.0,700.0,5.0,0.312,0.00035531
0.2,0.6,20.0,700.0,5.0,0.41451,0.00047374
0.2,0.6,20.0,700.0,5.0,0.51571,0.00059218
0.2,0.6,20.0,700.0,5.0,0.61516,0.00071061
0.2,0.6,20.0,700.0,5.0,0.71217,0.00082905
0.2,0.6,20.0,700.0,5.0,0.80581,0.00094748
0.2,0.6,20.0,700.0,5.0,0.8888,0.0010659
0.2,0.6,3.0,100.0,5.0,0.082511,0.00065557
0.2,0.6,3.0,100.0,5.0,0.8076,0.0065557
0.2,0.6,3.0,100.0,5.0,0.88028,0.0072112
0.2,0.6,3.0,100.0,5.0,0.94214,0.0078668
0.2,0.6,3.0,100.0,5.0,0.98174,0.0085224
0.2,0.6,3.0,100.0,5.0,1.0074,0.0091779
0.2,0.6,3.0,100.0,5.0,1.0287,0.0098335
0.2,0.6,3.0,100.0,5.0,1.0505,0.010489
0.2,0.6,3.0,100.0,5.0,1.0715,0.011145
0.2,0.6,3.0,100.0,5.0,1.0921,0.0118
0.2,0.6,3.0,100.0,5.0,1.1121,0.012456
0.2,0.6,3.0,100.0,5.0,0.165,0.0013111
0.2,0.6,3.0,100.0,5.0,1.1315,0.013111
0.2,0.6,3.0,100.0,5.0,0.24733,0.0019667
0.2,0.6,3.0,100.0,5.0,0.32936,0.0026223
0.2,0.6,3.0,100.0,5.0,0.41101,0.0032778
0.2,0.6,3.0,100.0,5.0,0.49219,0.0039334
0.2,0.6,3.0,100.0,5.0,0.57272,0.004589
0.2,0.6,3.0,100.0,5.0,0.65237,0.0052445
0.2,0.6,3.0,100.0,5.0,0.7309,0.0059001
0.2,0.6,3.0,1000.0,5.0,0.28938,0.00023036
0.2,0.6,3.0,1000.0,5.0,1.3672,0.0023036
0.2,0.6,3.0,1000.0,5.0,1.4147,0.002534
0.2,0.6,3.0,1000.0,5.0,1.4558,0.0027644
0.2,0.6,3.0,1000.0,5.0,1.495,0.0029947
0.2,0.6,3.0,1000.0,5.0,1.5339,0.0032251
0.2,0.6,3.0,1000.0,5.0,1.5714,0.0034554
0.2,0.6,3.0,1000.0,5.0,1.6051,0.0036858
0.2,0.6,3.0,1000.0,5.0,1.6383,0.0039162
0.2,0.6,3.0,1000.0,5.0,1.6711,0.0041465
0.2,0.6,3.0,1000.0,5.0,1.7023,0.0043769
0.2,0.6,3.0,1000.0,5.0,0.57441,0.00046073
0.2,0.6,3.0,1000.0,5.0,1.7314,0.0046073
0.2,0.6,3.0,1000.0,5.0,0.84664,0.00069109
0.2,0.6,3.0,1000.0,5.0,0.99343,0.00092145
0.2,0.6,3.0,1000.0,5.0,1.0703,0.0011518
0.2,0.6,3.0,1000.0,5.0,1.1412,0.0013822
0.2,0.6,3.0,1000.0,5.0,1.2105,0.0016125
0.2,0.6,3.0,1000.0,5.0,1.2677,0.0018429
0.2,0.6,3.0,1000.0,5.0,1.3177,0.0020733
0.2,0.6,3.0,200.0,5.0,0.12214,0.0004852
0.2,0.6,3.0,200.0,5.0,1.0241,0.004852
0.2,0.6,3.0,200.0,5.0,1.0565,0.0053372
0.2,0.6,3.0,200.0,5.0,1.0873,0.0058224
0.2,0.6,3.0,200.0,5.0,1.1171,0.0063076
0.2,0.6,3.0,200.0,5.0,1.1453,0.0067928
0.2,0.6,3.0,200.0,5.0,1.1725,0.007278
0.2,0.6,3.0,200.0,5.0,1.1986,0.0077632
0.2,0.6,3.0,200.0,5.0,1.2234,0.0082484
0.2,0.6,3.0,200.0,5.0,1.2476,0.0087336
0.2,0.6,3.0,200.0,5.0,1.2705,0.0092188
0.2,0.6,3.0,200.0,5.0,0.24406,0.0009704
0.2,0.6,3.0,200.0,5.0,1.2931,0.009704
0.2,0.6,3.0,200.0,5.0,0.3654,0.0014556
0.2,0.6,3.0,200.0,5.0,0.48577,0.0019408
0.2,0.6,3.0,200.0,5.0,0.60473,0.002426
0.2,0.6,3.0,200.0,5.0,0.72175,0.0029112
0.2,0.6,3.0,200.0,5.0,0.83439,0.0033964
0.2,0.6,3.0,200.0,5.0,0.93459,0.0038816
0.2,0.6,3.0,200.0,5.0,0.98739,0.0043668
0.2,0.6,3.0,300.0,5.0,0.15078,0.00039937
0.2,0.6,3.0,300.0,5.0,1.0972,0.0039937
0.2,0.6,3.0,300.0,5.0,1.1332,0.004393
0.2,0.6,3.0,300.0,5.0,1.1674,0.0047924
0.2,0.6,3.0,300.0,5.0,1.1995,0.0051918
0.2,0.6,3.0,300.0,5.0,1.2308,0.0055911
0.2,0.6,3.0,300.0,5.0,1.2594,0.0059905
0.2,0.6,3.0,300.0,5.0,1.2879,0.0063899
0.2,0.6,3.0,300.0,5.0,1.3143,0.0067892
0.2,0.6,3.0,300.0,5.0,1.3404,0.0071886
0.2,0.6,3.0,300.0,5.0,1.3649,0.0075879
0.2,0.6,3.0,300.0,5.0,0.30106,0.00079873
0.2,0.6,3.0,300.0,5.0,1.3889,0.0079873
0.2,0.6,3.0,300.0,5.0,0.45027,0.0011981
0.2,0.6,3.0,300.0,5.0,0.59744,0.0015975
0.2,0.6,3.0,300.0,5.0,0.74144,0.0019968
0.2,0.6,3.0,300.0,5.0,0.87763,0.0023962
0.2,0.6,3.0,300.0,5.0,0.98102,0.0027956
0.2,0.6,3.0,300.0,5.0,1.0192,0.0031949
0.2,0.6,3.0,300.0,5.0,1.0594,0.0035943
0.2,0.6,3.0,500.0,5.0,0.20202,0.0003212
0.2,0.6,3.0,500.0,5.0,1.2112,0.003212
0.2,0.6,3.0,500.0,5.0,1.2521,0.0035332
0.2,0.6,3.0,500.0,5.0,1.289,0.0038544
0.2,0.6,3.0,500.0,5.0,1.3253,0.0041756
0.2,0.6,3.0,500.0,5.0,1.359,0.0044968
0.2,0.6,3.0,500.0,5.0,1.3908,0.004818
0.2,0.6,3.0,500.0,5.0,1.4222,0.0051392
0.2,0.6,3.0,500.0,5.0,1.4511,0.0054604
0.2,0.6,3.0,500.0,5.0,1.4793,0.0057816
0.2,0.6,3.0,500.0,5.0,1.5069,0.0061028
0.2,0.6,3.0,500.0,5.0,0.40273,0.0006424
0.2,0.6,3.0,500.0,5.0,1.5327,0.006424
0.2,0.6,3.0,500.0,5.0,0.60065,0.00096361
0.2,0.6,3.0,500.0,5.0,0.79166,0.0012848
0.2,0.6,3.0,500.0,5.0,0.95515,0.001606
0.2,0.6,3.0,500.0,5.0,1.018,0.0019272
0.2,0.6,3.0,500.0,5.0,1.0714,0.0022484
0.2,0.6,3.0,500.0,5.0,1.1237,0.0025696
0.2,0.6,3.0,500.0,5.0,1.1678,0.0028908
0.2,0.6,3.0,700.0,5.0,0.24213,0.00027513
0.2,0.6,3.0,700.0,5.0,1.2882,0.0027513
0.2,0.6,3.0,700.0,5.0,1.3318,0.0030264
0.2,0.6,3.0,700.0,5.0,1.3705,0.0033015
0.2,0.6,3.0,700.0,5.0,1.4086,0.0035766
0.2,0.6,3.0,700.0,5.0,1.4456,0.0038518
0.2,0.6,3.0,700.0,5.0,1.4784,0.0041269
0.2,0.6,3.0,700.0,5.0,1.5111,0.004402
0.2,0.6,3.0,700.0,5.0,1.5432,0.0046771
0.2,0.6,3.0,700.0,5.0,1.5727,0.0049523
0.2,0.6,3.0,700.0,5.0,1.6017,0.0052274
0.2,0.6,3.0,700.0,5.0,0.48187,0.00055025
0.2,0.6,3.0,700.0,5.0,1.6305,0.0055025
0.2,0.6,3.0,700.0,5.0,0.7162,0.00082538
0.2,0.6,3.0,700.0,5.0,0.9084,0.0011005
0.2,0.6,3.0,700.0,5.0,1.0174,0.0013756
0.2,0.6,3.0,700.0,5.0,1.0775,0.0016508
0.2,0.6,3.0,700.0,5.0,1.1392,0.0019259
0.2,0.6,3.0,700.0,5.0,1.1935,0.002201
0.2,0.6,3.0,700.0,5.0,1.2412,0.0024761
0.2,0.6,4.0,100.0,5.0,0.081693,0.00064907
0.2,0.6,4.0,100.0,5.0,0.79728,0.0064907
0.2,0.6,4.0,100.0,5.0,0.86898,0.0071398
0.2,0.6,4.0,100.0,5.0,0.93058,0.0077889
0.2,0.6,4.0,100.0,5.0,0.9741,0.0084379
0.2,0.6,4.0,100.0,5.0,0.99354,0.009087
0.2,0.6,4.0,100.0,5.0,1.0106,0.0097361
0.2,0.6,4.0,100.0,5.0,1.0258,0.010385
0.2,0.6,4.0,100.0,5.0,1.0411,0.011034
0.2,0.6,4.0,100.0,5.0,1.056,0.011683
0.2,0.6,4.0,100.0,5.0,1.0704,0.012332
0.2,0.6,4.0,100.0,5.0,0.16337,0.0012981
0.2,0.6,4.0,100.0,5.0,1.0845,0.012981
0.2,0.6,4.0,100.0,5.0,0.24484,0.0019472
0.2,0.6,4.0,100.0,5.0,0.32599,0.0025963
0.2,0.6,4.0,100.0,5.0,0.4067,0.0032454
0.2,0.6,4.0,100.0,5.0,0.48685,0.0038944
0.2,0.6,4.0,100.0,5.0,0.56629,0.0045435
0.2,0.6,4.0,100.0,5.0,0.64479,0.0051926
0.2,0.6,4.0,100.0,5.0,0.72191,0.0058416
0.2,0.6,4.0,1000.0,5.0,0.26156,0.00020813
0.2,0.6,4.0,1000.0,5.0,1.2199,0.0020813
0.2,0.6,4.0,1000.0,5.0,1.2505,0.0022894
0.2,0.6,4.0,1000.0,5.0,1.2803,0.0024976
0.2,0.6,4.0,1000.0,5.0,1.3077,0.0027057
0.2,0.6,4.0,1000.0,5.0,1.3314,0.0029138
0.2,0.6,4.0,1000.0,5.0,1.3546,0.003122
0.2,0.6,4.0,1000.0,5.0,1.3777,0.0033301
0.2,0.6,4.0,1000.0,5.0,1.4,0.0035382
0.2,0.6,4.0,1000.0,5.0,1.4198,0.0037464
0.2,0.6,4.0,1000.0,5.0,1.4391,0.0039545
0.2,0.6,4.0,1000.0,5.0,0.51938,0.00041626
0.2,0.6,4.0,1000.0,5.0,1.4583,0.0041626
0.2,0.6,4.0,1000.0,5.0,0.76821,0.00062439
0.2,0.6,4.0,1000.0,5.0,0.94101,0.00083252
0.2,0.6,4.0,1000.0,5.0,1.0181,0.0010407
0.2,0.6,4.0,1000.0,5.0,1.0629,0.0012488
0.2,0.6,4.0,1000.0,5.0,1.1085,0.0014569
0.2,0.6,4.0,1000.0,5.0,1.1529,0.001665
0.2,0.6,4.0,1000.0,5.0,1.1901,0.0018732
0.2,0.6,4.0,200.0,5.0,0.12011,0.00047716
0.2,0.6,4.0,200.0,5.0,1.0055,0.0047716
0.2,0.6,4.0,200.0,5.0,1.0284,0.0052487
0.2,0.6,4.0,200.0,5.0,1.0506,0.0057259
0.2,0.6,4.0,200.0,5.0,1.0721,0.006203
0.2,0.6,4.0,200.0,5.0,1.0923,0.0066802
0.2,0.6,4.0,200.0,5.0,1.1118,0.0071574
0.2,0.6,4.0,200.0,5.0,1.1301,0.0076345
0.2,0.6,4.0,200.0,5.0,1.1479,0.0081117
0.2,0.6,4.0,200.0,5.0,1.1647,0.0085888
0.2,0.6,4.0,200.0,5.0,1.1811,0.009066
0.2,0.6,4.0,200.0,5.0,0.23998,0.00095432
0.2,0.6,4.0,200.0,5.0,1.1965,0.0095432
0.2,0.6,4.0,200.0,5.0,0.35918,0.0014315
0.2,0.6,4.0,200.0,5.0,0.47737,0.0019086
0.2,0.6,4.0,200.0,5.0,0.59394,0.0023858
0.2,0.6,4.0,200.0,5.0,0.70828,0.0028629
0.2,0.6,4.0,200.0,5.0,0.81917,0.0033401
0.2,0.6,4.0,200.0,5.0,0.91552,0.0038173
0.2,0.6,4.0,200.0,5.0,0.97385,0.0042944
0.2,0.6,4.0,300.0,5.0,0.14655,0.00038815
0.2,0.6,4.0,300.0,5.0,1.0554,0.0038815
0.2,0.6,4.0,300.0,5.0,1.0802,0.0042697
0.2,0.6,4.0,300.0,5.0,1.1049,0.0046578
0.2,0.6,4.0,300.0,5.0,1.1277,0.005046
0.2,0.6,4.0,300.0,5.0,1.1492,0.0054341
0.2,0.6,4.0,300.0,5.0,1.1699,0.0058223
0.2,0.6,4.0,300.0,5.0,1.1892,0.0062104
0.2,0.6,4.0,300.0,5.0,1.2081,0.0065986
0.2,0.6,4.0,300.0,5.0,1.2256,0.0069867
0.2,0.6,4.0,300.0,5.0,1.2428,0.0073749
0.2,0.6,4.0,300.0,5.0,0.29256,0.0007763
0.2,0.6,4.0,300.0,5.0,1.2591,0.007763
0.2,0.6,4.0,300.0,5.0,0.43736,0.0011645
0.2,0.6,4.0,300.0,5.0,0.58017,0.0015526
0.2,0.6,4.0,300.0,5.0,0.71956,0.0019408
0.2,0.6,4.0,300.0,5.0,0.85206,0.0023289
0.2,0.6,4.0,300.0,5.0,0.94621,0.0027171
0.2,0.6,4.0,300.0,5.0,1.0017,0.0031052
0.2,0.6,4.0,300.0,5.0,1.0272,0.0034934
0.2,0.6,4.0,500.0,5.0,0.18063,0.00028715
0.2,0.6,4.0,500.0,5.0,1.1115,0.0028715
0.2,0.6,4.0,500.0,5.0,1.1386,0.0031586
0.2,0.6,4.0,500.0,5.0,1.1653,0.0034458
0.2,0.6,4.0,500.0,5.0,1.1897,0.0037329
0.2,0.6,4.0,500.0,5.0,1.2118,0.00402
0.2,0.6,4.0,500.0,5.0,1.234,0.0043072
0.2,0.6,4.0,500.0,5.0,1.2548,0.0045943
0.2,0.6,4.0,500.0,5.0,1.2738,0.0048815
0.2,0.6,4.0,500.0,5.0,1.2928,0.0051686
0.2,0.6,4.0,500.0,5.0,1.3108,0.0054558
0.2,0.6,4.0,500.0,5.0,0.36017,0.00057429
0.2,0.6,4.0,500.0,5.0,1.3276,0.0057429
0.2,0.6,4.0,500.0,5.0,0.53736,0.00086144
0.2,0.6,4.0,500.0,5.0,0.71022,0.0011486
0.2,0.6,4.0,500.0,5.0,0.87011,0.0014357
0.2,0.6,4.0,500.0,5.0,0.96495,0.0017229
0.2,0.6,4.0,500.0,5.0,1.0149,0.00201
0.2,0.6,4.0,500.0,5.0,1.0487,0.0022972
0.2,0.6,4.0,500.0,5.0,1.0824,0.0025843
0.2,0.6,4.0,700.0,5.0,0.21228,0.00024112
0.2,0.6,4.0,700.0,5.0,1.1575,0.0024112
0.2,0.6,4.0,700.0,5.0,1.186,0.0026523
0.2,0.6,4.0,700.0,5.0,1.2142,0.0028934
0.2,0.6,4.0,700.0,5.0,1.24,0.0031346
0.2,0.6,4.0,700.0,5.0,1.2627,0.0033757
0.2,0.6,4.0,700.0,5.0,1.2852,0.0036168
0.2,0.6,4.0,700.0,5.0,1.3074,0.0038579
0.2,0.6,4.0,700.0,5.0,1.3276,0.004099
0.2,0.6,4.0,700.0,5.0,1.3463,0.0043402
0.2,0.6,4.0,700.0,5.0,1.3652,0.0045813
0.2,0.6,4.0,700.0,5.0,0.42267,0.00048224
0.2,0.6,4.0,700.0,5.0,1.3837,0.0048224
0.2,0.6,4.0,700.0,5.0,0.62907,0.00072336
0.2,0.6,4.0,700.0,5.0,0.82584,0.00096448
0.2,0.6,4.0,700.0,5.0,0.9742,0.0012056
0.2,0.6,4.0,700.0,5.0,1.0149,0.0014467
0.2,0.6,4.0,700.0,5.0,1.0531,0.0016878
0.2,0.6,4.0,700.0,5.0,1.092,0.001929
0.2,0.6,4.0,700.0,5.0,1.1278,0.0021701
0.2,0.6,6.0,100.0,5.0,0.075508,0.00059993
0.2,0.6,6.0,100.0,5.0,0.73807,0.0059993
0.2,0.6,6.0,100.0,5.0,0.80667,0.0065993
0.2,0.6,6.0,100.0,5.0,0.87067,0.0071992
0.2,0.6,6.0,100.0,5.0,0.92626,0.0077991
0.2,0.6,6.0,100.0,5.0,0.96761,0.008399
0.2,0.6,6.0,100.0,5.0,0.9838,0.008999
0.2,0.6,6.0,100.0,5.0,0.99732,0.0095989
0.2,0.6,6.0,100.0,5.0,1.0059,0.010199
0.2,0.6,6.0,100.0,5.0,1.0146,0.010799
0.2,0.6,6.0,100.0,5.0,1.0235,0.011399
0.2,0.6,6.0,100.0,5.0,0.15101,0.0011999
0.2,0.6,6.0,100.0,5.0,1.0322,0.011999
0.2,0.6,6.0,100.0,5.0,0.22633,0.0017998
0.2,0.6,6.0,100.0,5.0,0.30133,0.0023997
0.2,0.6,6.0,100.0,5.0,0.37595,0.0029997
0.2,0.6,6.0,100.0,5.0,0.45007,0.0035996
0.2,0.6,6.0,100.0,5.0,0.52355,0.0041995
0.2,0.6,6.0,100.0,5.0,0.59618,0.0047995
0.2,0.6,6.0,100.0,5.0,0.66779,0.0053994
0.2,0.6,6.0,1000.0,5.0,0.25152,0.00020013
0.2,0.6,6.0,1000.0,5.0,1.1247,0.0020013
0.2,0.6,6.0,1000.0,5.0,1.1423,0.0022014
0.2,0.6,6.0,1000.0,5.0,1.1597,0.0024016
0.2,0.6,6.0,1000.0,5.0,1.1768,0.0026017
0.2,0.6,6.0,1000.0,5.0,1.193,0.0028018
0.2,0.6,6.0,1000.0,5.0,1.206,0.0030019
0.2,0.6,6.0,1000.0,5.0,1.219,0.0032021
0.2,0.6,6.0,1000.0,5.0,1.2319,0.0034022
0.2,0.6,6.0,1000.0,5.0,1.2445,0.0036023
0.2,0.6,6.0,1000.0,5.0,1.2561,0.0038025
0.2,0.6,6.0,1000.0,5.0,0.49918,0.00040026
0.2,0.6,6.0,1000.0,5.0,1.2665,0.0040026
0.2,0.6,6.0,1000.0,5.0,0.73783,0.00060039
0.2,0.6,6.0,1000.0,5.0,0.93229,0.00080052
0.2,0.6,6.0,1000.0,5.0,0.99447,0.0010006
0.2,0.6,6.0,1000.0,5.0,1.0247,0.0012008
0.2,0.6,6.0,1000.0,5.0,1.0521,0.0014009
0.2,0.6,6.0,1000.0,5.0,1.0794,0.001601
0.2,0.6,6.0,1000.0,5.0,1.105,0.0018012
0.2,0.6,6.0,200.0,5.0,0.11647,0.00046271
0.2,0.6,6.0,200.0,5.0,0.98657,0.0046271
0.2,0.6,6.0,200.0,5.0,1.0059,0.0050898
0.2,0.6,6.0,200.0,5.0,1.0192,0.0055525
0.2,0.6,6.0,200.0,5.0,1.0327,0.0060152
0.2,0.6,6.0,200.0,5.0,1.0457,0.0064779
0.2,0.6,6.0,200.0,5.0,1.058,0.0069406
0.2,0.6,6.0,200.0,5.0,1.0697,0.0074033
0.2,0.6,6.0,200.0,5.0,1.0808,0.007866
0.2,0.6,6.0,200.0,5.0,1.0914,0.0083287
0.2,0.6,6.0,200.0,5.0,1.1016,0.0087915
0.2,0.6,6.0,200.0,5.0,0.23271,0.00092542
0.2,0.6,6.0,200.0,5.0,1.1113,0.0092542
0.2,0.6,6.0,200.0,5.0,0.34819,0.0013881
0.2,0.6,6.0,200.0,5.0,0.46258,0.0018508
0.2,0.6,6.0,200.0,5.0,0.57542,0.0023135
0.2,0.6,6.0,200.0,5.0,0.686,0.0027762
0.2,0.6,6.0,200.0,5.0,0.79295,0.003239
0.2,0.6,6.0,200.0,5.0,0.89063,0.0037017
0.2,0.6,6.0,200.0,5.0,0.9555,0.0041644
0.2,0.6,6.0,300.0,5.0,0.14277,0.00037812
0.2,0.6,6.0,300.0,5.0,1.0221,0.0037812
0.2,0.6,6.0,300.0,5.0,1.039,0.0041594
0.2,0.6,6.0,300.0,5.0,1.054,0.0045375
0.2,0.6,6.0,300.0,5.0,1.0689,0.0049156
0.2,0.6,6.0,300.0,5.0,1.0823,0.0052937
0.2,0.6,6.0,300.0,5.0,1.0952,0.0056718
0.2,0.6,6.0,300.0,5.0,1.1078,0.00605
0.2,0.6,6.0,300.0,5.0,1.1189,0.0064281
0.2,0.6,6.0,300.0,5.0,1.1302,0.0068062
0.2,0.6,6.0,300.0,5.0,1.1406,0.0071843
0.2,0.6,6.0,300.0,5.0,0.28496,0.00075625
0.2,0.6,6.0,300.0,5.0,1.1507,0.0075625
0.2,0.6,6.0,300.0,5.0,0.42579,0.0011344
0.2,0.6,6.0,300.0,5.0,0.56451,0.0015125
0.2,0.6,6.0,300.0,5.0,0.7001,0.0018906
0.2,0.6,6.0,300.0,5.0,0.82916,0.0022687
0.2,0.6,6.0,300.0,5.0,0.93564,0.0026469
0.2,0.6,6.0,300.0,5.0,0.97683,0.003025
0.2,0.6,6.0,300.0,5.0,1.006,0.0034031
0.2,0.6,6.0,500.0,5.0,0.18318,0.00029121
0.2,0.6,6.0,500.0,5.0,1.0663,0.002912
0.2,0.6,6.0,500.0,5.0,1.083,0.0032033
0.2,0.6,6.0,500.0,5.0,1.0998,0.0034945
0.2,0.6,6.0,500.0,5.0,1.1156,0.0037857
0.2,0.6,6.0,500.0,5.0,1.1293,0.0040769
0.2,0.6,6.0,500.0,5.0,1.1429,0.0043681
0.2,0.6,6.0,500.0,5.0,1.1561,0.0046593
0.2,0.6,6.0,500.0,5.0,1.1678,0.0049505
0.2,0.6,6.0,500.0,5.0,1.1792,0.0052417
0.2,0.6,6.0,500.0,5.0,1.1904,0.0055329
0.2,0.6,6.0,500.0,5.0,0.365,0.00058241
0.2,0.6,6.0,500.0,5.0,1.2007,0.0058241
0.2,0.6,6.0,500.0,5.0,0.54386,0.00087362
0.2,0.6,6.0,500.0,5.0,0.71768,0.0011648
0.2,0.6,6.0,500.0,5.0,0.87718,0.001456
0.2,0.6,6.0,500.0,5.0,0.96267,0.0017472
0.2,0.6,6.0,500.0,5.0,1.0055,0.0020384
0.2,0.6,6.0,500.0,5.0,1.0249,0.0023296
0.2,0.6,6.0,500.0,5.0,1.0467,0.0026208
0.2,0.6,6.0,700.0,5.0,0.21361,0.00024264
0.2,0.6,6.0,700.0,5.0,1.0939,0.0024264
0.2,0.6,6.0,700.0,5.0,1.1113,0.002669
0.2,0.6,6.0,700.0,5.0,1.1286,0.0029117
0.2,0.6,6.0,700.0,5.0,1.1452,0.0031543
0.2,0.6,6.0,700.0,5.0,1.1594,0.003397
0.2,0.6,6.0,700.0,5.0,1.1729,0.0036396
0.2,0.6,6.0,700.0,5.0,1.1862,0.0038822
0.2,0.6,6.0,700.0,5.0,1.199,0.0041249
0.2,0.6,6.0,700.0,5.0,1.2103,0.0043675
0.2,0.6,6.0,700.0,5.0,1.2213,0.0046102
0.2,0.6,6.0,700.0,5.0,0.42493,0.00048528
0.2,0.6,6.0,700.0,5.0,1.2323,0.0048528
0.2,0.6,6.0,700.0,5.0,0.63136,0.00072792
0.2,0.6,6.0,700.0,5.0,0.8278,0.00097056
0.2,0.6,6.0,700.0,5.0,0.95387,0.0012132
0.2,0.6,6.0,700.0,5.0,0.9978,0.0014558
0.2,0.6,6.0,700.0,5.0,1.0262,0.0016985
0.2,0.6,6.0,700.0,5.0,1.0509,0.0019411
0.2,0.6,6.0,700.0,5.0,1.0746,0.0021838
0.2,0.8,10.0,100.0,5.0,0.076178,0.00053163
0.2,0.8,10.0,100.0,5.0,0.74221,0.0053163
0.2,0.8,10.0,100.0,5.0,0.81012,0.0058479
0.2,0.8,10.0,100.0,5.0,0.87371,0.0063795
0.2,0.8,10.0,100.0,5.0,0.92784,0.0069112
0.2,0.8,10.0,100.0,5.0,0.96729,0.0074428
0.2,0.8,10.0,100.0,5.0,0.98474,0.0079744
0.2,0.8,10.0,100.0,5.0,0.99274,0.008506
0.2,0.8,10.0,100.0,5.0,1.0007,0.0090377
0.2,0.8,10.0,100.0,5.0,1.0053,0.0095693
0.2,0.8,10.0,100.0,5.0,1.0105,0.010101
0.2,0.8,10.0,100.0,5.0,0.15236,0.0010633
0.2,0.8,10.0,100.0,5.0,1.0157,0.010633
0.2,0.8,10.0,100.0,5.0,0.22836,0.0015949
0.2,0.8,10.0,100.0,5.0,0.30401,0.0021265
0.2,0.8,10.0,100.0,5.0,0.37922,0.0026581
0.2,0.8,10.0,100.0,5.0,0.45385,0.0031898
0.2,0.8,10.0,100.0,5.0,0.5277,0.0037214
0.2,0.8,10.0,100.0,5.0,0.60057,0.004253
0.2,0.8,10.0,100.0,5.0,0.6722,0.0047846
0.2,0.8,10.0,1000.0,5.0,0.11601,8.094e-05
0.2,0.8,10.0,1000.0,5.0,0.95478,0.0008094
0.2,0.8,10.0,1000.0,5.0,0.97995,0.00089034
0.2,0.8,10.0,1000.0,5.0,1.0031,0.00097128
0.2,0.8,10.0,1000.0,5.0,1.01,0.0010522
0.2,0.8,10.0,1000.0,5.0,1.017,0.0011332
0.2,0.8,10.0,1000.0,5.0,1.0241,0.0012141
0.2,0.8,10.0,1000.0,5.0,1.0312,0.001295
0.2,0.8,10.0,1000.0,5.0,1.0382,0.001376
0.2,0.8,10.0,1000.0,5.0,1.0452,0.0014569
0.2,0.8,10.0,1000.0,5.0,1.052,0.0015379
0.2,0.8,10.0,1000.0,5.0,0.23172,0.00016188
0.2,0.8,10.0,1000.0,5.0,1.0588,0.0016188
0.2,0.8,10.0,1000.0,5.0,0.34663,0.00024282
0.2,0.8,10.0,1000.0,5.0,0.46026,0.00032376
0.2,0.8,10.0,1000.0,5.0,0.57206,0.0004047
0.2,0.8,10.0,1000.0,5.0,0.6813,0.00048564
0.2,0.8,10.0,1000.0,5.0,0.78692,0.00056658
0.2,0.8,10.0,1000.0,5.0,0.88136,0.00064752
0.2,0.8,10.0,1000.0,5.0,0.9296,0.00072846
0.2,0.8,10.0,200.0,5.0,0.092933,0.00032428
0.2,0.8,10.0,200.0,5.0,0.8852,0.0032428
0.2,0.8,10.0,200.0,5.0,0.94684,0.003567
0.2,0.8,10.0,200.0,5.0,0.97435,0.0038913
0.2,0.8,10.0,200.0,5.0,0.99615,0.0042156
0.2,0.8,10.0,200.0,5.0,1.0014,0.0045399
0.2,0.8,10.0,200.0,5.0,1.0067,0.0048641
0.2,0.8,10.0,200.0,5.0,1.0133,0.0051884
0.2,0.8,10.0,200.0,5.0,1.0192,0.0055127
0.2,0.8,10.0,200.0,5.0,1.0251,0.005837
0.2,0.8,10.0,200.0,5.0,1.0308,0.0061613
0.2,0.8,10.0,200.0,5.0,0.18583,0.00064855
0.2,0.8,10.0,200.0,5.0,1.036,0.0064855
0.2,0.8,10.0,200.0,5.0,0.27831,0.00097283
0.2,0.8,10.0,200.0,5.0,0.3702,0.0012971
0.2,0.8,10.0,200.0,5.0,0.46124,0.0016214
0.2,0.8,10.0,200.0,5.0,0.55111,0.0019457
0.2,0.8,10.0,200.0,5.0,0.63942,0.0022699
0.2,0.8,10.0,200.0,5.0,0.72562,0.0025942
0.2,0.8,10.0,200.0,5.0,0.80893,0.0029185
0.2,0.8,10.0,300.0,5.0,0.10065,0.00023413
0.2,0.8,10.0,300.0,5.0,0.93465,0.0023413
0.2,0.8,10.0,300.0,5.0,0.97193,0.0025754
0.2,0.8,10.0,300.0,5.0,0.985,0.0028096
0.2,0.8,10.0,300.0,5.0,0.99806,0.0030437
0.2,0.8,10.0,300.0,5.0,1.0073,0.0032778
0.2,0.8,10.0,300.0,5.0,1.0144,0.003512
0.2,0.8,10.0,300.0,5.0,1.0213,0.0037461
0.2,0.8,10.0,300.0,5.0,1.0272,0.0039802
0.2,0.8,10.0,300.0,5.0,1.0331,0.0042144
0.2,0.8,10.0,300.0,5.0,1.039,0.0044485
0.2,0.8,10.0,300.0,5.0,0.2012,0.00046826
0.2,0.8,10.0,300.0,5.0,1.0447,0.0046826
0.2,0.8,10.0,300.0,5.0,0.30127,0.00070239
0.2,0.8,10.0,300.0,5.0,0.40049,0.00093652
0.2,0.8,10.0,300.0,5.0,0.49866,0.0011707
0.2,0.8,10.0,300.0,5.0,0.59538,0.0014048
0.2,0.8,10.0,300.0,5.0,0.68971,0.0016389
0.2,0.8,10.0,300.0,5.0,0.78109,0.001873
0.2,0.8,10.0,300.0,5.0,0.86654,0.0021072
0.2,0.8,10.0,500.0,5.0,0.14523,0.00020274
0.2,0.8,10.0,500.0,5.0,1.0092,0.0020274
0.2,0.8,10.0,500.0,5.0,1.0191,0.0022302
0.2,0.8,10.0,500.0,5.0,1.0288,0.0024329
0.2,0.8,10.0,500.0,5.0,1.0377,0.0026357
0.2,0.8,10.0,500.0,5.0,1.045,0.0028384
0.2,0.8,10.0,500.0,5.0,1.0524,0.0030411
0.2,0.8,10.0,500.0,5.0,1.0597,0.0032439
0.2,0.8,10.0,500.0,5.0,1.0667,0.0034466
0.2,0.8,10.0,500.0,5.0,1.0727,0.0036494
0.2,0.8,10.0,500.0,5.0,1.0785,0.0038521
0.2,0.8,10.0,500.0,5.0,0.28994,0.00040549
0.2,0.8,10.0,500.0,5.0,1.0844,0.0040549
0.2,0.8,10.0,500.0,5.0,0.43292,0.00060823
0.2,0.8,10.0,500.0,5.0,0.57345,0.00081097
0.2,0.8,10.0,500.0,5.0,0.70968,0.0010137
0.2,0.8,10.0,500.0,5.0,0.83759,0.0012165
0.2,0.8,10.0,500.0,5.0,0.9335,0.0014192
0.2,0.8,10.0,500.0,5.0,0.98964,0.0016219
0.2,0.8,10.0,500.0,5.0,0.9994,0.0018247
0.2,0.8,10.0,700.0,5.0,0.12443,0.00012406
0.2,0.8,10.0,700.0,5.0,0.97973,0.0012406
0.2,0.8,10.0,700.0,5.0,1.0033,0.0013647
0.2,0.8,10.0,700.0,5.0,1.0107,0.0014888
0.2,0.8,10.0,700.0,5.0,1.0189,0.0016128
0.2,0.8,10.0,700.0,5.0,1.027,0.0017369
0.2,0.8,10.0,700.0,5.0,1.0349,0.001861
0.2,0.8,10.0,700.0,5.0,1.0427,0.001985
0.2,0.8,10.0,700.0,5.0,1.0495,0.0021091
0.2,0.8,10.0,700.0,5.0,1.0554,0.0022332
0.2,0.8,10.0,700.0,5.0,1.0608,0.0023572
0.2,0.8,10.0,700.0,5.0,0.24856,0.00024813
0.2,0.8,10.0,700.0,5.0,1.0664,0.0024813
0.2,0.8,10.0,700.0,5.0,0.37167,0.00037219
0.2,0.8,10.0,700.0,5.0,0.4932,0.00049626
0.2,0.8,10.0,700.0,5.0,0.61238,0.00062032
0.2,0.8,10.0,700.0,5.0,0.72796,0.00074438
0.2,0.8,10.0,700.0,5.0,0.83613,0.00086845
0.2,0.8,10.0,700.0,5.0,0.91851,0.00099251
0.2,0.8,10.0,700.0,5.0,0.94912,0.0011166
0.2,0.8,20.0,100.0,5.0,0.079643,0.0005558
0.2,0.8,20.0,100.0,5.0,0.77153,0.005558
0.2,0.8,20.0,100.0,5.0,0.84043,0.0061138
0.2,0.8,20.0,100.0,5.0,0.90157,0.0066696
0.2,0.8,20.0,100.0,5.0,0.94878,0.0072254
0.2,0.8,20.0,100.0,5.0,0.97425,0.0077812
0.2,0.8,20.0,100.0,5.0,0.98632,0.0083371
0.2,0.8,20.0,100.0,5.0,0.99639,0.0088929
0.2,0.8,20.0,100.0,5.0,0.9983,0.0094487
0.2,0.8,20.0,100.0,5.0,1.0002,0.010004
0.2,0.8,20.0,100.0,5.0,1.0023,0.01056
0.2,0.8,20.0,100.0,5.0,0.15928,0.0011116
0.2,0.8,20.0,100.0,5.0,1.0049,0.011116
0.2,0.8,20.0,100.0,5.0,0.23867,0.0016674
0.2,0.8,20.0,100.0,5.0,0.31763,0.0022232
0.2,0.8,20.0,100.0,5.0,0.39604,0.002779
0.2,0.8,20.0,100.0,5.0,0.4737,0.0033348
0.2,0.8,20.0,100.0,5.0,0.55039,0.0038906
0.2,0.8,20.0,100.0,5.0,0.62585,0.0044464
0.2,0.8,20.0,100.0,5.0,0.69972,0.0050022
0.2,0.8,20.0,1000.0,5.0,0.078973,5.5113e-05
0.2,0.8,20.0,1000.0,5.0,0.76552,0.00055113
0.2,0.8,20.0,1000.0,5.0,0.83417,0.00060625
0.2,0.8,20.0,1000.0,5.0,0.89548,0.00066136
0.2,0.8,20.0,1000.0,5.0,0.943,0.00071647
0.2,0.8,20.0,1000.0,5.0,0.96802,0.00077158
0.2,0.8,20.0,1000.0,5.0,0.97652,0.0008267
0.2,0.8,20.0,1000.0,5.0,0.98502,0.00088181
0.2,0.8,20.0,1000.0,5.0,0.99352,0.00093692
0.2,0.8,20.0,1000.0,5.0,0.99893,0.00099204
0.2,0.8,20.0,1000.0,5.0,1.0005,0.0010472
0.2,0.8,20.0,1000.0,5.0,0.15794,0.00011023
0.2,0.8,20.0,1000.0,5.0,1.0021,0.0011023
0.2,0.8,20.0,1000.0,5.0,0.23667,0.00016534
0.2,0.8,20.0,1000.0,5.0,0.31496,0.00022045
0.2,0.8,20.0,1000.0,5.0,0.39275,0.00027557
0.2,0.8,20.0,1000.0,5.0,0.46977,0.00033068
0.2,0.8,20.0,1000.0,5.0,0.54587,0.00038579
0.2,0.8,20.0,1000.0,5.0,0.62086,0.00044091
0.2,0.8,20.0,1000.0,5.0,0.69416,0.00049602
0.2,0.8,20.0,200.0,5.0,0.087967,0.00030695
0.2,0.8,20.0,200.0,5.0,0.84342,0.0030695
0.2,0.8,20.0,200.0,5.0,0.90983,0.0033764
0.2,0.8,20.0,200.0,5.0,0.95736,0.0036834
0.2,0.8,20.0,200.0,5.0,0.98678,0.0039903
0.2,0.8,20.0,200.0,5.0,0.9909,0.0042973
0.2,0.8,20.0,200.0,5.0,0.99502,0.0046042
0.2,0.8,20.0,200.0,5.0,0.99915,0.0049112
0.2,0.8,20.0,200.0,5.0,1.0018,0.0052181
0.2,0.8,20.0,200.0,5.0,1.0045,0.0055251
0.2,0.8,20.0,200.0,5.0,1.0073,0.005832
0.2,0.8,20.0,200.0,5.0,0.17591,0.0006139
0.2,0.8,20.0,200.0,5.0,1.0099,0.006139
0.2,0.8,20.0,200.0,5.0,0.26348,0.00092085
0.2,0.8,20.0,200.0,5.0,0.35048,0.0012278
0.2,0.8,20.0,200.0,5.0,0.43672,0.0015347
0.2,0.8,20.0,200.0,5.0,0.52193,0.0018417
0.2,0.8,20.0,200.0,5.0,0.60577,0.0021486
0.2,0.8,20.0,200.0,5.0,0.68778,0.0024556
0.2,0.8,20.0,200.0,5.0,0.76739,0.0027625
0.2,0.8,20.0,300.0,5.0,0.094456,0.00021973
0.2,0.8,20.0,300.0,5.0,0.89369,0.0021973
0.2,0.8,20.0,300.0,5.0,0.94963,0.002417
0.2,0.8,20.0,300.0,5.0,0.97719,0.0026367
0.2,0.8,20.0,300.0,5.0,0.98627,0.0028565
0.2,0.8,20.0,300.0,5.0,0.99535,0.0030762
0.2,0.8,20.0,300.0,5.0,0.99973,0.0032959
0.2,0.8,20.0,300.0,5.0,1.0019,0.0035156
0.2,0.8,20.0,300.0,5.0,1.005,0.0037354
0.2,0.8,20.0,300.0,5.0,1.0082,0.0039551
0.2,0.8,20.0,300.0,5.0,1.011,0.0041748
0.2,0.8,20.0,300.0,5.0,0.18886,0.00043946
0.2,0.8,20.0,300.0,5.0,1.0135,0.0043945
0.2,0.8,20.0,300.0,5.0,0.28278,0.00065918
0.2,0.8,20.0,300.0,5.0,0.37602,0.00087891
0.2,0.8,20.0,300.0,5.0,0.46828,0.0010986
0.2,0.8,20.0,300.0,5.0,0.55922,0.0013184
0.2,0.8,20.0,300.0,5.0,0.64837,0.0015381
0.2,0.8,20.0,300.0,5.0,0.73509,0.0017578
0.2,0.8,20.0,300.0,5.0,0.81851,0.0019775
0.2,0.8,20.0,500.0,5.0,0.10023,0.0001399
0.2,0.8,20.0,500.0,5.0,0.93088,0.001399
0.2,0.8,20.0,500.0,5.0,0.96807,0.0015389
0.2,0.8,20.0,500.0,5.0,0.99354,0.0016788
0.2,0.8,20.0,500.0,5.0,0.99628,0.0018187
0.2,0.8,20.0,500.0,5.0,0.99872,0.0019586
0.2,0.8,20.0,500.0,5.0,1.0012,0.0020985
0.2,0.8,20.0,500.0,5.0,1.0042,0.0022384
0.2,0.8,20.0,500.0,5.0,1.0075,0.0023783
0.2,0.8,20.0,500.0,5.0,1.0108,0.0025182
0.2,0.8,20.0,500.0,5.0,1.0139,0.0026581
0.2,0.8,20.0,500.0,5.0,0.20038,0.0002798
0.2,0.8,20.0,500.0,5.0,1.0168,0.002798
0.2,0.8,20.0,500.0,5.0,0.29995,0.0004197
0.2,0.8,20.0,500.0,5.0,0.39869,0.0005596
0.2,0.8,20.0,500.0,5.0,0.49624,0.0006995
0.2,0.8,20.0,500.0,5.0,0.59215,0.0008394
0.2,0.8,20.0,500.0,5.0,0.68582,0.00097931
0.2,0.8,20.0,500.0,5.0,0.77638,0.0011192
0.2,0.8,20.0,500.0,5.0,0.86175,0.0012591
0.2,0.8,20.0,700.0,5.0,0.105,0.00010468
0.2,0.8,20.0,700.0,5.0,0.95474,0.0010468
0.2,0.8,20.0,700.0,5.0,0.97727,0.0011514
0.2,0.8,20.0,700.0,5.0,0.99545,0.0012561
0.2,0.8,20.0,700.0,5.0,0.99776,0.0013608
0.2,0.8,20.0,700.0,5.0,1.0001,0.0014655
0.2,0.8,20.0,700.0,5.0,1.0027,0.0015702
0.2,0.8,20.0,700.0,5.0,1.006,0.0016748
0.2,0.8,20.0,700.0,5.0,1.0092,0.0017795
0.2,0.8,20.0,700.0,5.0,1.0125,0.0018842
0.2,0.8,20.0,700.0,5.0,1.0157,0.0019889
0.2,0.8,20.0,700.0,5.0,0.20987,0.00020935
0.2,0.8,20.0,700.0,5.0,1.0188,0.0020935
0.2,0.8,20.0,700.0,5.0,0.31408,0.00031403
0.2,0.8,20.0,700.0,5.0,0.41733,0.00041871
0.2,0.8,20.0,700.0,5.0,0.51919,0.00052339
0.2,0.8,20.0,700.0,5.0,0.61911,0.00062806
0.2,0.8,20.0,700.0,5.0,0.71632,0.00073274
0.2,0.8,20.0,700.0,5.0,0.80976,0.00083742
0.2,0.8,20.0,700.0,5.0,0.8939,0.00094209
0.2,0.8,3.0,100.0,5.0,0.093892,0.00065525
0.2,0.8,3.0,100.0,5.0,0.9055,0.0065525
0.2,0.8,3.0,100.0,5.0,0.96683,0.0072077
0.2,0.8,3.0,100.0,5.0,1.0047,0.0078629
0.2,0.8,3.0,100.0,5.0,1.0271,0.0085182
0.2,0.8,3.0,100.0,5.0,1.0518,0.0091734
0.2,0.8,3.0,100.0,5.0,1.0758,0.0098287
0.2,0.8,3.0,100.0,5.0,1.0989,0.010484
0.2,0.8,3.0,100.0,5.0,1.1214,0.011139
0.2,0.8,3.0,100.0,5.0,1.1431,0.011794
0.2,0.8,3.0,100.0,5.0,1.164,0.01245
0.2,0.8,3.0,100.0,5.0,0.18775,0.0013105
0.2,0.8,3.0,100.0,5.0,1.1842,0.013105
0.2,0.8,3.0,100.0,5.0,0.28137,0.0019657
0.2,0.8,3.0,100.0,5.0,0.37458,0.002621
0.2,0.8,3.0,100.0,5.0,0.46723,0.0032762
0.2,0.8,3.0,100.0,5.0,0.55911,0.0039315
0.2,0.8,3.0,100.0,5.0,0.6498,0.0045867
0.2,0.8,3.0,100.0,5.0,0.73888,0.005242
0.2,0.8,3.0,100.0,5.0,0.8256,0.0058972
0.2,0.8,3.0,1000.0,5.0,0.31066,0.00021725
0.2,0.8,3.0,1000.0,5.0,1.4038,0.0021725
0.2,0.8,3.0,1000.0,5.0,1.45,0.0023897
0.2,0.8,3.0,1000.0,5.0,1.4914,0.002607
0.2,0.8,3.0,1000.0,5.0,1.533,0.0028242
0.2,0.8,3.0,1000.0,5.0,1.5734,0.0030415
0.2,0.8,3.0,1000.0,5.0,1.6089,0.0032587
0.2,0.8,3.0,1000.0,5.0,1.6441,0.003476
0.2,0.8,3.0,1000.0,5.0,1.6789,0.0036932
0.2,0.8,3.0,1000.0,5.0,1.7117,0.0039105
0.2,0.8,3.0,1000.0,5.0,1.7425,0.0041277
0.2,0.8,3.0,1000.0,5.0,0.61569,0.0004345
0.2,0.8,3.0,1000.0,5.0,1.7733,0.004345
0.2,0.8,3.0,1000.0,5.0,0.89749,0.00065174
0.2,0.8,3.0,1000.0,5.0,1.0217,0.00086899
0.2,0.8,3.0,1000.0,5.0,1.0987,0.0010862
0.2,0.8,3.0,1000.0,5.0,1.1744,0.0013035
0.2,0.8,3.0,1000.0,5.0,1.2434,0.0015207
0.2,0.8,3.0,1000.0,5.0,1.299,0.001738
0.2,0.8,3.0,1000.0,5.0,1.3519,0.0019552
0.2,0.8,3.0,200.0,5.0,0.13603,0.00047466
0.2,0.8,3.0,200.0,5.0,1.0635,0.0047466
0.2,0.8,3.0,200.0,5.0,1.0976,0.0052213
0.2,0.8,3.0,200.0,5.0,1.1298,0.0056959
0.2,0.8,3.0,200.0,5.0,1.1608,0.0061706
0.2,0.8,3.0,200.0,5.0,1.1902,0.0066453
0.2,0.8,3.0,200.0,5.0,1.2185,0.0071199
0.2,0.8,3.0,200.0,5.0,1.2455,0.0075946
0.2,0.8,3.0,200.0,5.0,1.2711,0.0080693
0.2,0.8,3.0,200.0,5.0,1.2961,0.0085439
0.2,0.8,3.0,200.0,5.0,1.3196,0.0090186
0.2,0.8,3.0,200.0,5.0,0.27178,0.00094932
0.2,0.8,3.0,200.0,5.0,1.3424,0.0094932
0.2,0.8,3.0,200.0,5.0,0.40677,0.001424
0.2,0.8,3.0,200.0,5.0,0.54031,0.0018986
0.2,0.8,3.0,200.0,5.0,0.67162,0.0023733
0.2,0.8,3.0,200.0,5.0,0.79932,0.002848
0.2,0.8,3.0,200.0,5.0,0.91433,0.0033226
0.2,0.8,3.0,200.0,5.0,0.98764,0.0037973
0.2,0.8,3.0,200.0,5.0,1.0278,0.004272
0.2,0.8,3.0,300.0,5.0,0.16623,0.00038676
0.2,0.8,3.0,300.0,5.0,1.1366,0.0038676
0.2,0.8,3.0,300.0,5.0,1.1741,0.0042543
0.2,0.8,3.0,300.0,5.0,1.209,0.0046411
0.2,0.8,3.0,300.0,5.0,1.2425,0.0050278
0.2,0.8,3.0,300.0,5.0,1.274,0.0054146
0.2,0.8,3.0,300.0,5.0,1.3041,0.0058013
0.2,0.8,3.0,300.0,5.0,1.3327,0.0061881
0.2,0.8,3.0,300.0,5.0,1.3603,0.0065749
0.2,0.8,3.0,300.0,5.0,1.3867,0.0069616
0.2,0.8,3.0,300.0,5.0,1.412,0.0073484
0.2,0.8,3.0,300.0,5.0,0.33185,0.00077351
0.2,0.8,3.0,300.0,5.0,1.4364,0.0077351
0.2,0.8,3.0,300.0,5.0,0.49603,0.0011603
0.2,0.8,3.0,300.0,5.0,0.6571,0.001547
0.2,0.8,3.0,300.0,5.0,0.81252,0.0019338
0.2,0.8,3.0,300.0,5.0,0.94275,0.0023205
0.2,0.8,3.0,300.0,5.0,1.0122,0.0027073
0.2,0.8,3.0,300.0,5.0,1.055,0.0030941
0.2,0.8,3.0,300.0,5.0,1.0974,0.0034808
0.2,0.8,3.0,500.0,5.0,0.21999,0.00030724
0.2,0.8,3.0,500.0,5.0,1.2505,0.0030724
0.2,0.8,3.0,500.0,5.0,1.2901,0.0033796
0.2,0.8,3.0,500.0,5.0,1.3294,0.0036869
0.2,0.8,3.0,500.0,5.0,1.3657,0.0039941
0.2,0.8,3.0,500.0,5.0,1.4,0.0043013
0.2,0.8,3.0,500.0,5.0,1.4332,0.0046086
0.2,0.8,3.0,500.0,5.0,1.4643,0.0049158
0.2,0.8,3.0,500.0,5.0,1.4947,0.005223
0.2,0.8,3.0,500.0,5.0,1.5235,0.0055303
0.2,0.8,3.0,500.0,5.0,1.5513,0.0058375
0.2,0.8,3.0,500.0,5.0,0.43833,0.00061448
0.2,0.8,3.0,500.0,5.0,1.5787,0.0061448
0.2,0.8,3.0,500.0,5.0,0.65278,0.00092171
0.2,0.8,3.0,500.0,5.0,0.85445,0.001229
0.2,0.8,3.0,500.0,5.0,0.97979,0.0015362
0.2,0.8,3.0,500.0,5.0,1.0493,0.0018434
0.2,0.8,3.0,500.0,5.0,1.1067,0.0021507
0.2,0.8,3.0,500.0,5.0,1.1576,0.0024579
0.2,0.8,3.0,500.0,5.0,1.2048,0.0027651
0.2,0.8,3.0,700.0,5.0,0.26202,0.00026154
0.2,0.8,3.0,700.0,5.0,1.3268,0.0026154
0.2,0.8,3.0,700.0,5.0,1.3682,0.0028769
0.2,0.8,3.0,700.0,5.0,1.4094,0.0031384
0.2,0.8,3.0,700.0,5.0,1.4486,0.0034
0.2,0.8,3.0,700.0,5.0,1.4845,0.0036615
0.2,0.8,3.0,700.0,5.0,1.5196,0.003923
0.2,0.8,3.0,700.0,5.0,1.5538,0.0041846
0.2,0.8,3.0,700.0,5.0,1.5848,0.0044461
0.2,0.8,3.0,700.0,5.0,1.6158,0.0047076
0.2,0.8,3.0,700.0,5.0,1.6457,0.0049692
0.2,0.8,3.0,700.0,5.0,0.52102,0.00052307
0.2,0.8,3.0,700.0,5.0,1.6739,0.0052307
0.2,0.8,3.0,700.0,5.0,0.77207,0.00078461
0.2,0.8,3.0,700.0,5.0,0.96199,0.0010461
0.2,0.8,3.0,700.0,5.0,1.0441,0.0013077
0.2,0.8,3.0,700.0,5.0,1.1105,0.0015692
0.2,0.8,3.0,700.0,5.0,1.1738,0.0018308
0.2,0.8,3.0,700.0,5.0,1.2272,0.0020923
0.2,0.8,3.0,700.0,5.0,1.2779,0.0023538
0.2,0.8,4.0,100.0,5.0,0.09226,0.00064386
0.2,0.8,4.0,100.0,5.0,0.88869,0.0064386
0.2,0.8,4.0,100.0,5.0,0.95315,0.0070824
0.2,0.8,4.0,100.0,5.0,0.98934,0.0077263
0.2,0.8,4.0,100.0,5.0,1.0094,0.0083701
0.2,0.8,4.0,100.0,5.0,1.0261,0.009014
0.2,0.8,4.0,100.0,5.0,1.0433,0.0096579
0.2,0.8,4.0,100.0,5.0,1.0601,0.010302
0.2,0.8,4.0,100.0,5.0,1.0762,0.010946
0.2,0.8,4.0,100.0,5.0,1.0916,0.011589
0.2,0.8,4.0,100.0,5.0,1.1066,0.012233
0.2,0.8,4.0,100.0,5.0,0.18448,0.0012877
0.2,0.8,4.0,100.0,5.0,1.1211,0.012877
0.2,0.8,4.0,100.0,5.0,0.27644,0.0019316
0.2,0.8,4.0,100.0,5.0,0.36796,0.0025754
0.2,0.8,4.0,100.0,5.0,0.45882,0.0032193
0.2,0.8,4.0,100.0,5.0,0.54881,0.0038631
0.2,0.8,4.0,100.0,5.0,0.63764,0.004507
0.2,0.8,4.0,100.0,5.0,0.72465,0.0051509
0.2,0.8,4.0,100.0,5.0,0.80915,0.0057947
0.2,0.8,4.0,1000.0,5.0,0.27988,0.00019564
0.2,0.8,4.0,1000.0,5.0,1.2434,0.0019564
0.2,0.8,4.0,1000.0,5.0,1.2754,0.002152
0.2,0.8,4.0,1000.0,5.0,1.3062,0.0023476
0.2,0.8,4.0,1000.0,5.0,1.3312,0.0025433
0.2,0.8,4.0,1000.0,5.0,1.356,0.0027389
0.2,0.8,4.0,1000.0,5.0,1.3806,0.0029345
0.2,0.8,4.0,1000.0,5.0,1.4045,0.0031302
0.2,0.8,4.0,1000.0,5.0,1.4251,0.0033258
0.2,0.8,4.0,1000.0,5.0,1.4456,0.0035214
0.2,0.8,4.0,1000.0,5.0,1.4658,0.0037171
0.2,0.8,4.0,1000.0,5.0,0.55516,0.00039127
0.2,0.8,4.0,1000.0,5.0,1.4857,0.0039127
0.2,0.8,4.0,1000.0,5.0,0.81802,0.00058691
0.2,0.8,4.0,1000.0,5.0,0.98805,0.00078254
0.2,0.8,4.0,1000.0,5.0,1.0366,0.00097818
0.2,0.8,4.0,1000.0,5.0,1.0847,0.0011738
0.2,0.8,4.0,1000.0,5.0,1.1329,0.0013694
0.2,0.8,4.0,1000.0,5.0,1.1783,0.0015651
0.2,0.8,4.0,1000.0,5.0,1.211,0.0017607
0.2,0.8,4.0,200.0,5.0,0.13276,0.00046326
0.2,0.8,4.0,200.0,5.0,1.0329,0.0046326
0.2,0.8,4.0,200.0,5.0,1.057,0.0050959
0.2,0.8,4.0,200.0,5.0,1.0806,0.0055591
0.2,0.8,4.0,200.0,5.0,1.1023,0.0060224
0.2,0.8,4.0,200.0,5.0,1.1233,0.0064856
0.2,0.8,4.0,200.0,5.0,1.1431,0.0069489
0.2,0.8,4.0,200.0,5.0,1.162,0.0074122
0.2,0.8,4.0,200.0,5.0,1.1802,0.0078754
0.2,0.8,4.0,200.0,5.0,1.1974,0.0083387
0.2,0.8,4.0,200.0,5.0,1.214,0.0088019
0.2,0.8,4.0,200.0,5.0,0.26522,0.00092652
0.2,0.8,4.0,200.0,5.0,1.2298,0.0092652
0.2,0.8,4.0,200.0,5.0,0.39681,0.0013898
0.2,0.8,4.0,200.0,5.0,0.52696,0.001853
0.2,0.8,4.0,200.0,5.0,0.65465,0.0023163
0.2,0.8,4.0,200.0,5.0,0.77863,0.0027796
0.2,0.8,4.0,200.0,5.0,0.89324,0.0032428
0.2,0.8,4.0,200.0,5.0,0.97448,0.0037061
0.2,0.8,4.0,200.0,5.0,1.0086,0.0041693
0.2,0.8,4.0,300.0,5.0,0.16087,0.00037426
0.2,0.8,4.0,300.0,5.0,1.0825,0.0037426
0.2,0.8,4.0,300.0,5.0,1.1093,0.0041169
0.2,0.8,4.0,300.0,5.0,1.1339,0.0044911
0.2,0.8,4.0,300.0,5.0,1.1575,0.0048654
0.2,0.8,4.0,300.0,5.0,1.1794,0.0052397
0.2,0.8,4.0,300.0,5.0,1.2005,0.0056139
0.2,0.8,4.0,300.0,5.0,1.2203,0.0059882
0.2,0.8,4.0,300.0,5.0,1.2392,0.0063625
0.2,0.8,4.0,300.0,5.0,1.2573,0.0067367
0.2,0.8,4.0,300.0,5.0,1.2746,0.007111
0.2,0.8,4.0,300.0,5.0,0.32108,0.00074852
0.2,0.8,4.0,300.0,5.0,1.2915,0.0074852
0.2,0.8,4.0,300.0,5.0,0.4797,0.0011228
0.2,0.8,4.0,300.0,5.0,0.63538,0.001497
0.2,0.8,4.0,300.0,5.0,0.78553,0.0018713
0.2,0.8,4.0,300.0,5.0,0.92111,0.0022456
0.2,0.8,4.0,300.0,5.0,0.98443,0.0026198
0.2,0.8,4.0,300.0,5.0,1.0241,0.0029941
0.2,0.8,4.0,300.0,5.0,1.0547,0.0033684
0.2,0.8,4.0,500.0,5.0,0.19605,0.00027375
0.2,0.8,4.0,500.0,5.0,1.1372,0.0027375
0.2,0.8,4.0,500.0,5.0,1.1662,0.0030112
0.2,0.8,4.0,500.0,5.0,1.1923,0.003285
0.2,0.8,4.0,500.0,5.0,1.2166,0.0035587
0.2,0.8,4.0,500.0,5.0,1.2404,0.0038325
0.2,0.8,4.0,500.0,5.0,1.2622,0.0041062
0.2,0.8,4.0,500.0,5.0,1.2828,0.00438
0.2,0.8,4.0,500.0,5.0,1.3031,0.0046537
0.2,0.8,4.0,500.0,5.0,1.3217,0.0049275
0.2,0.8,4.0,500.0,5.0,1.34,0.0052012
0.2,0.8,4.0,500.0,5.0,0.39077,0.0005475
0.2,0.8,4.0,500.0,5.0,1.3578,0.005475
0.2,0.8,4.0,500.0,5.0,0.58239,0.00082124
0.2,0.8,4.0,500.0,5.0,0.7673,0.001095
0.2,0.8,4.0,500.0,5.0,0.92198,0.0013687
0.2,0.8,4.0,500.0,5.0,1.0004,0.0016425
0.2,0.8,4.0,500.0,5.0,1.038,0.0019162
0.2,0.8,4.0,500.0,5.0,1.0748,0.00219
0.2,0.8,4.0,500.0,5.0,1.1082,0.0024637
0.2,0.8,4.0,700.0,5.0,0.22756,0.00022704
0.2,0.8,4.0,700.0,5.0,1.1805,0.0022704
0.2,0.8,4.0,700.0,5.0,1.2107,0.0024975
0.2,0.8,4.0,700.0,5.0,1.2393,0.0027245
0.2,0.8,4.0,700.0,5.0,1.2632,0.0029516
0.2,0.8,4.0,700.0,5.0,1.2874,0.0031786
0.2,0.8,4.0,700.0,5.0,1.3109,0.0034056
0.2,0.8,4.0,700.0,5.0,1.3322,0.0036327
0.2,0.8,4.0,700.0,5.0,1.3524,0.0038597
0.2,0.8,4.0,700.0,5.0,1.3725,0.0040868
0.2,0.8,4.0,700.0,5.0,1.3916,0.0043138
0.2,0.8,4.0,700.0,5.0,0.45288,0.00045409
0.2,0.8,4.0,700.0,5.0,1.4093,0.0045409
0.2,0.8,4.0,700.0,5.0,0.67289,0.00068113
0.2,0.8,4.0,700.0,5.0,0.87568,0.00090817
0.2,0.8,4.0,700.0,5.0,0.97987,0.0011352
0.2,0.8,4.0,700.0,5.0,1.0342,0.0013623
0.2,0.8,4.0,700.0,5.0,1.0755,0.0015893
0.2,0.8,4.0,700.0,5.0,1.1163,0.0018163
0.2,0.8,4.0,700.0,5.0,1.15,0.0020434
0.2,0.8,6.0,100.0,5.0,0.085261,0.00059501
0.2,0.8,6.0,100.0,5.0,0.82572,0.0059501
0.2,0.8,6.0,100.0,5.0,0.89557,0.0065451
0.2,0.8,6.0,100.0,5.0,0.95094,0.0071401
0.2,0.8,6.0,100.0,5.0,0.98294,0.0077351
0.2,0.8,6.0,100.0,5.0,0.99656,0.0083302
0.2,0.8,6.0,100.0,5.0,1.0083,0.0089252
0.2,0.8,6.0,100.0,5.0,1.0185,0.0095202
0.2,0.8,6.0,100.0,5.0,1.0285,0.010115
0.2,0.8,6.0,100.0,5.0,1.0383,0.01071
0.2,0.8,6.0,100.0,5.0,1.0476,0.011305
0.2,0.8,6.0,100.0,5.0,0.17051,0.00119
0.2,0.8,6.0,100.0,5.0,1.0567,0.0119
0.2,0.8,6.0,100.0,5.0,0.2555,0.001785
0.2,0.8,6.0,100.0,5.0,0.34008,0.00238
0.2,0.8,6.0,100.0,5.0,0.42411,0.0029751
0.2,0.8,6.0,100.0,5.0,0.50737,0.0035701
0.2,0.8,6.0,100.0,5.0,0.58956,0.0041651
0.2,0.8,6.0,100.0,5.0,0.67036,0.0047601
0.2,0.8,6.0,100.0,5.0,0.74935,0.0053551
0.2,0.8,6.0,1000.0,5.0,0.26372,0.00018431
0.2,0.8,6.0,1000.0,5.0,1.1358,0.0018431
0.2,0.8,6.0,1000.0,5.0,1.1542,0.0020274
0.2,0.8,6.0,1000.0,5.0,1.1722,0.0022117
0.2,0.8,6.0,1000.0,5.0,1.1896,0.002396
0.2,0.8,6.0,1000.0,5.0,1.2042,0.0025803
0.2,0.8,6.0,1000.0,5.0,1.2179,0.0027646
0.2,0.8,6.0,1000.0,5.0,1.2314,0.002949
0.2,0.8,6.0,1000.0,5.0,1.2447,0.0031333
0.2,0.8,6.0,1000.0,5.0,1.2573,0.0033176
0.2,0.8,6.0,1000.0,5.0,1.2681,0.0035019
0.2,0.8,6.0,1000.0,5.0,0.52307,0.00036862
0.2,0.8,6.0,1000.0,5.0,1.2791,0.0036862
0.2,0.8,6.0,1000.0,5.0,0.7706,0.00055293
0.2,0.8,6.0,1000.0,5.0,0.92946,0.00073724
0.2,0.8,6.0,1000.0,5.0,1.0082,0.00092155
0.2,0.8,6.0,1000.0,5.0,1.0358,0.0011059
0.2,0.8,6.0,1000.0,5.0,1.0643,0.0012902
0.2,0.8,6.0,1000.0,5.0,1.0926,0.0014745
0.2,0.8,6.0,1000.0,5.0,1.1169,0.0016588
0.2,0.8,6.0,200.0,5.0,0.12642,0.00044114
0.2,0.8,6.0,200.0,5.0,1.0061,0.0044114
0.2,0.8,6.0,200.0,5.0,1.0216,0.0048525
0.2,0.8,6.0,200.0,5.0,1.0361,0.0052937
0.2,0.8,6.0,200.0,5.0,1.0502,0.0057348
0.2,0.8,6.0,200.0,5.0,1.0632,0.0061759
0.2,0.8,6.0,200.0,5.0,1.0758,0.0066171
0.2,0.8,6.0,200.0,5.0,1.0875,0.0070582
0.2,0.8,6.0,200.0,5.0,1.0989,0.0074993
0.2,0.8,6.0,200.0,5.0,1.1095,0.0079405
0.2,0.8,6.0,200.0,5.0,1.1199,0.0083816
0.2,0.8,6.0,200.0,5.0,0.25256,0.00088228
0.2,0.8,6.0,200.0,5.0,1.1296,0.0088228
0.2,0.8,6.0,200.0,5.0,0.3778,0.0013234
0.2,0.8,6.0,200.0,5.0,0.50162,0.0017646
0.2,0.8,6.0,200.0,5.0,0.62328,0.0022057
0.2,0.8,6.0,200.0,5.0,0.74128,0.0026468
0.2,0.8,6.0,200.0,5.0,0.85298,0.003088
0.2,0.8,6.0,200.0,5.0,0.94288,0.0035291
0.2,0.8,6.0,200.0,5.0,0.9854,0.0039702
0.2,0.8,6.0,300.0,5.0,0.15405,0.00035837
0.2,0.8,6.0,300.0,5.0,1.039,0.0035837
0.2,0.8,6.0,300.0,5.0,1.0551,0.003942
0.2,0.8,6.0,300.0,5.0,1.0711,0.0043004
0.2,0.8,6.0,300.0,5.0,1.0855,0.0046588
0.2,0.8,6.0,300.0,5.0,1.0995,0.0050171
0.2,0.8,6.0,300.0,5.0,1.1125,0.0053755
0.2,0.8,6.0,300.0,5.0,1.1247,0.0057338
0.2,0.8,6.0,300.0,5.0,1.1365,0.0060922
0.2,0.8,6.0,300.0,5.0,1.1475,0.0064506
0.2,0.8,6.0,300.0,5.0,1.1582,0.0068089
0.2,0.8,6.0,300.0,5.0,0.30743,0.00071673
0.2,0.8,6.0,300.0,5.0,1.1682,0.0071673
0.2,0.8,6.0,300.0,5.0,0.45913,0.0010751
0.2,0.8,6.0,300.0,5.0,0.60803,0.0014335
0.2,0.8,6.0,300.0,5.0,0.75204,0.0017918
0.2,0.8,6.0,300.0,5.0,0.88344,0.0021502
0.2,0.8,6.0,300.0,5.0,0.95901,0.0025086
0.2,0.8,6.0,300.0,5.0,1.0022,0.0028669
0.2,0.8,6.0,300.0,5.0,1.0204,0.0032253
0.2,0.8,6.0,500.0,5.0,0.1944,0.00027145
0.2,0.8,6.0,500.0,5.0,1.0793,0.0027145
0.2,0.8,6.0,500.0,5.0,1.0971,0.0029859
0.2,0.8,6.0,500.0,5.0,1.1144,0.0032574
0.2,0.8,6.0,500.0,5.0,1.1291,0.0035288
0.2,0.8,6.0,500.0,5.0,1.1436,0.0038002
0.2,0.8,6.0,500.0,5.0,1.1575,0.0040717
0.2,0.8,6.0,500.0,5.0,1.1699,0.0043431
0.2,0.8,6.0,500.0,5.0,1.182,0.0046146
0.2,0.8,6.0,500.0,5.0,1.1939,0.004886
0.2,0.8,6.0,500.0,5.0,1.2046,0.0051575
0.2,0.8,6.0,500.0,5.0,0.38727,0.00054289
0.2,0.8,6.0,500.0,5.0,1.2151,0.0054289
0.2,0.8,6.0,500.0,5.0,0.57652,0.00081434
0.2,0.8,6.0,500.0,5.0,0.75903,0.0010858
0.2,0.8,6.0,500.0,5.0,0.91444,0.0013572
0.2,0.8,6.0,500.0,5.0,0.98741,0.0016287
0.2,0.8,6.0,500.0,5.0,1.0157,0.0019001
0.2,0.8,6.0,500.0,5.0,1.0388,0.0021716
0.2,0.8,6.0,500.0,5.0,1.0607,0.002443
0.2,0.8,6.0,700.0,5.0,0.22619,0.00022568
0.2,0.8,6.0,700.0,5.0,1.107,0.0022568
0.2,0.8,6.0,700.0,5.0,1.1254,0.0024825
0.2,0.8,6.0,700.0,5.0,1.1433,0.0027082
0.2,0.8,6.0,700.0,5.0,1.1589,0.0029338
0.2,0.8,6.0,700.0,5.0,1.1731,0.0031595
0.2,0.8,6.0,700.0,5.0,1.1872,0.0033852
0.2,0.8,6.0,700.0,5.0,1.2009,0.0036109
0.2,0.8,6.0,700.0,5.0,1.2127,0.0038365
0.2,0.8,6.0,700.0,5.0,1.2245,0.0040622
0.2,0.8,6.0,700.0,5.0,1.236,0.0042879
0.2,0.8,6.0,700.0,5.0,0.44979,0.00045136
0.2,0.8,6.0,700.0,5.0,1.247,0.0045136
0.2,0.8,6.0,700.0,5.0,0.66715,0.00067704
0.2,0.8,6.0,700.0,5.0,0.87001,0.00090272
0.2,0.8,6.0,700.0,5.0,0.97234,0.0011284
0.2,0.8,6.0,700.0,5.0,1.0143,0.0013541
0.2,0.8,6.0,700.0,5.0,1.0396,0.0015798
0.2,0.8,6.0,700.0,5.0,1.0654,0.0018054
0.2,0.8,6.0,700.0,5.0,1.0884,0.0020311
0.2,1.0,10.0,100.0,5.0,0.079811,0.00049369
0.2,1.0,10.0,100.0,5.0,0.77219,0.0049369
0.2,1.0,10.0,100.0,5.0,0.84078,0.0054306
0.2,1.0,10.0,100.0,5.0,0.90299,0.0059243
0.2,1.0,10.0,100.0,5.0,0.95354,0.006418
0.2,1.0,10.0,100.0,5.0,0.98351,0.0069117
0.2,1.0,10.0,100.0,5.0,0.99605,0.0074054
0.2,1.0,10.0,100.0,5.0,1.0007,0.0078991
0.2,1.0,10.0,100.0,5.0,1.0058,0.0083928
0.2,1.0,10.0,100.0,5.0,1.0111,0.0088865
0.2,1.0,10.0,100.0,5.0,1.0164,0.0093802
0.2,1.0,10.0,100.0,5.0,0.15962,0.00098739
0.2,1.0,10.0,100.0,5.0,1.0215,0.0098739
0.2,1.0,10.0,100.0,5.0,0.23922,0.0014811
0.2,1.0,10.0,100.0,5.0,0.31839,0.0019748
0.2,1.0,10.0,100.0,5.0,0.39701,0.0024685
0.2,1.0,10.0,100.0,5.0,0.47485,0.0029622
0.2,1.0,10.0,100.0,5.0,0.55166,0.0034559
0.2,1.0,10.0,100.0,5.0,0.6271,0.0039496
0.2,1.0,10.0,100.0,5.0,0.70078,0.0044433
0.2,1.0,10.0,1000.0,5.0,0.12878,7.9653e-05
0.2,1.0,10.0,1000.0,5.0,0.98594,0.00079653
0.2,1.0,10.0,1000.0,5.0,1.006,0.00087618
0.2,1.0,10.0,1000.0,5.0,1.0134,0.00095583
0.2,1.0,10.0,1000.0,5.0,1.0211,0.0010355
0.2,1.0,10.0,1000.0,5.0,1.0287,0.0011151
0.2,1.0,10.0,1000.0,5.0,1.0364,0.0011948
0.2,1.0,10.0,1000.0,5.0,1.0441,0.0012744
0.2,1.0,10.0,1000.0,5.0,1.0516,0.0013541
0.2,1.0,10.0,1000.0,5.0,1.059,0.0014338
0.2,1.0,10.0,1000.0,5.0,1.0654,0.0015134
0.2,1.0,10.0,1000.0,5.0,0.25723,0.00015931
0.2,1.0,10.0,1000.0,5.0,1.0713,0.0015931
0.2,1.0,10.0,1000.0,5.0,0.38444,0.00023896
0.2,1.0,10.0,1000.0,5.0,0.50963,0.00031861
0.2,1.0,10.0,1000.0,5.0,0.63163,0.00039826
0.2,1.0,10.0,1000.0,5.0,0.74877,0.00047792
0.2,1.0,10.0,1000.0,5.0,0.85526,0.00055757
0.2,1.0,10.0,1000.0,5.0,0.93943,0.00063722
0.2,1.0,10.0,1000.0,5.0,0.96268,0.00071688
0.2,1.0,10.0,200.0,5.0,0.10118,0.00031294
0.2,1.0,10.0,200.0,5.0,0.9387,0.0031294
0.2,1.0,10.0,200.0,5.0,0.98462,0.0034423
0.2,1.0,10.0,200.0,5.0,0.99388,0.0037553
0.2,1.0,10.0,200.0,5.0,1.0027,0.0040682
0.2,1.0,10.0,200.0,5.0,1.0096,0.0043812
0.2,1.0,10.0,200.0,5.0,1.0165,0.0046941
0.2,1.0,10.0,200.0,5.0,1.0227,0.005007
0.2,1.0,10.0,200.0,5.0,1.0291,0.00532
0.2,1.0,10.0,200.0,5.0,1.0348,0.0056329
0.2,1.0,10.0,200.0,5.0,1.0405,0.0059459
0.2,1.0,10.0,200.0,5.0,0.2023,0.00062588
0.2,1.0,10.0,200.0,5.0,1.046,0.0062588
0.2,1.0,10.0,200.0,5.0,0.30285,0.00093882
0.2,1.0,10.0,200.0,5.0,0.40257,0.0012518
0.2,1.0,10.0,200.0,5.0,0.50101,0.0015647
0.2,1.0,10.0,200.0,5.0,0.59763,0.0018776
0.2,1.0,10.0,200.0,5.0,0.69167,0.0021906
0.2,1.0,10.0,200.0,5.0,0.78232,0.0025035
0.2,1.0,10.0,200.0,5.0,0.86788,0.0028165
0.2,1.0,10.0,300.0,5.0,0.15805,0.00032588
0.2,1.0,10.0,300.0,5.0,1.0204,0.0032588
0.2,1.0,10.0,300.0,5.0,1.0298,0.0035847
0.2,1.0,10.0,300.0,5.0,1.0389,0.0039106
0.2,1.0,10.0,300.0,5.0,1.0474,0.0042365
0.2,1.0,10.0,300.0,5.0,1.0552,0.0045624
0.2,1.0,10.0,300.0,5.0,1.0627,0.0048883
0.2,1.0,10.0,300.0,5.0,1.0696,0.0052141
0.2,1.0,10.0,300.0,5.0,1.0763,0.00554
0.2,1.0,10.0,300.0,5.0,1.0825,0.0058659
0.2,1.0,10.0,300.0,5.0,1.0885,0.0061918
0.2,1.0,10.0,300.0,5.0,0.31526,0.00065177
0.2,1.0,10.0,300.0,5.0,1.0943,0.0065177
0.2,1.0,10.0,300.0,5.0,0.4702,0.00097765
0.2,1.0,10.0,300.0,5.0,0.62104,0.0013035
0.2,1.0,10.0,300.0,5.0,0.76515,0.0016294
0.2,1.0,10.0,300.0,5.0,0.89579,0.0019553
0.2,1.0,10.0,300.0,5.0,0.98042,0.0022812
0.2,1.0,10.0,300.0,5.0,0.9986,0.0026071
0.2,1.0,10.0,300.0,5.0,1.0096,0.002933
0.2,1.0,10.0,500.0,5.0,0.15731,0.00019466
0.2,1.0,10.0,500.0,5.0,1.0185,0.0019466
0.2,1.0,10.0,500.0,5.0,1.0289,0.0021413
0.2,1.0,10.0,500.0,5.0,1.0384,0.0023359
0.2,1.0,10.0,500.0,5.0,1.0463,0.0025306
0.2,1.0,10.0,500.0,5.0,1.0542,0.0027253
0.2,1.0,10.0,500.0,5.0,1.062,0.0029199
0.2,1.0,10.0,500.0,5.0,1.0693,0.0031146
0.2,1.0,10.0,500.0,5.0,1.0755,0.0033093
0.2,1.0,10.0,500.0,5.0,1.0818,0.0035039
0.2,1.0,10.0,500.0,5.0,1.088,0.0036986
0.2,1.0,10.0,500.0,5.0,0.31389,0.00038932
0.2,1.0,10.0,500.0,5.0,1.0939,0.0038932
0.2,1.0,10.0,500.0,5.0,0.46805,0.00058399
0.2,1.0,10.0,500.0,5.0,0.61861,0.00077865
0.2,1.0,10.0,500.0,5.0,0.76174,0.00097331
0.2,1.0,10.0,500.0,5.0,0.89049,0.001168
0.2,1.0,10.0,500.0,5.0,0.95127,0.0013626
0.2,1.0,10.0,500.0,5.0,0.98851,0.0015573
0.2,1.0,10.0,500.0,5.0,1.0082,0.001752
0.2,1.0,10.0,700.0,5.0,0.15128,0.00013369
0.2,1.0,10.0,700.0,5.0,1.0132,0.0013369
0.2,1.0,10.0,700.0,5.0,1.0228,0.0014706
0.2,1.0,10.0,700.0,5.0,1.0325,0.0016043
0.2,1.0,10.0,700.0,5.0,1.0419,0.001738
0.2,1.0,10.0,700.0,5.0,1.0507,0.0018717
0.2,1.0,10.0,700.0,5.0,1.0572,0.0020054
0.2,1.0,10.0,700.0,5.0,1.0639,0.0021391
0.2,1.0,10.0,700.0,5.0,1.0705,0.0022728
0.2,1.0,10.0,700.0,5.0,1.0771,0.0024065
0.2,1.0,10.0,700.0,5.0,1.0835,0.0025401
0.2,1.0,10.0,700.0,5.0,0.30185,0.00026738
0.2,1.0,10.0,700.0,5.0,1.0896,0.0026738
0.2,1.0,10.0,700.0,5.0,0.45052,0.00040108
0.2,1.0,10.0,700.0,5.0,0.59566,0.00053477
0.2,1.0,10.0,700.0,5.0,0.73493,0.00066846
0.2,1.0,10.0,700.0,5.0,0.86482,0.00080215
0.2,1.0,10.0,700.0,5.0,0.96444,0.00093584
0.2,1.0,10.0,700.0,5.0,0.98477,0.0010695
0.2,1.0,10.0,700.0,5.0,1.0038,0.0012032
0.2,1.0,20.0,100.0,5.0,0.06241,0.00038605
0.2,1.0,20.0,100.0,5.0,0.61263,0.0038605
0.2,1.0,20.0,100.0,5.0,0.6703,0.0042466
0.2,1.0,20.0,100.0,5.0,0.72673,0.0046326
0.2,1.0,20.0,100.0,5.0,0.78162,0.0050187
0.2,1.0,20.0,100.0,5.0,0.83472,0.0054047
0.2,1.0,20.0,100.0,5.0,0.88405,0.0057908
0.2,1.0,20.0,100.0,5.0,0.92706,0.0061769
0.2,1.0,20.0,100.0,5.0,0.96079,0.0065629
0.2,1.0,20.0,100.0,5.0,0.97493,0.006949
0.2,1.0,20.0,100.0,5.0,0.98594,0.007335
0.2,1.0,20.0,100.0,5.0,0.12482,0.00077211
0.2,1.0,20.0,100.0,5.0,0.99695,0.0077211
0.2,1.0,20.0,100.0,5.0,0.1872,0.0011582
0.2,1.0,20.0,100.0,5.0,0.24933,0.0015442
0.2,1.0,20.0,100.0,5.0,0.3112,0.0019303
0.2,1.0,20.0,100.0,5.0,0.37268,0.0023163
0.2,1.0,20.0,100.0,5.0,0.43371,0.0027024
0.2,1.0,20.0,100.0,5.0,0.49414,0.0030884
0.2,1.0,20.0,100.0,5.0,0.55382,0.0034745
0.2,1.0,20.0,1000.0,5.0,0.12994,8.0381e-05
0.2,1.0,20.0,1000.0,5.0,0.99721,0.00080381
0.2,1.0,20.0,1000.0,5.0,0.99986,0.00088419
0.2,1.0,20.0,1000.0,5.0,1.0029,0.00096457
0.2,1.0,20.0,1000.0,5.0,1.0066,0.0010449
0.2,1.0,20.0,1000.0,5.0,1.0103,0.0011253
0.2,1.0,20.0,1000.0,5.0,1.0139,0.0012057
0.2,1.0,20.0,1000.0,5.0,1.0176,0.0012861
0.2,1.0,20.0,1000.0,5.0,1.0212,0.0013665
0.2,1.0,20.0,1000.0,5.0,1.0248,0.0014469
0.2,1.0,20.0,1000.0,5.0,1.0282,0.0015272
0.2,1.0,20.0,1000.0,5.0,0.2595,0.00016076
0.2,1.0,20.0,1000.0,5.0,1.0315,0.0016076
0.2,1.0,20.0,1000.0,5.0,0.38776,0.00024114
0.2,1.0,20.0,1000.0,5.0,0.51381,0.00032152
0.2,1.0,20.0,1000.0,5.0,0.63641,0.0004019
0.2,1.0,20.0,1000.0,5.0,0.75398,0.00048228
0.2,1.0,20.0,1000.0,5.0,0.86366,0.00056266
0.2,1.0,20.0,1000.0,5.0,0.95016,0.00064305
0.2,1.0,20.0,1000.0,5.0,0.98419,0.00072343
0.2,1.0,20.0,200.0,5.0,0.072212,0.00022334
0.2,1.0,20.0,200.0,5.0,0.70273,0.0022334
0.2,1.0,20.0,200.0,5.0,0.76687,0.0024568
0.2,1.0,20.0,200.0,5.0,0.82887,0.0026801
0.2,1.0,20.0,200.0,5.0,0.88558,0.0029035
0.2,1.0,20.0,200.0,5.0,0.93324,0.0031268
0.2,1.0,20.0,200.0,5.0,0.96449,0.0033501
0.2,1.0,20.0,200.0,5.0,0.98295,0.0035735
0.2,1.0,20.0,200.0,5.0,0.99607,0.0037968
0.2,1.0,20.0,200.0,5.0,0.99785,0.0040202
0.2,1.0,20.0,200.0,5.0,0.99964,0.0042435
0.2,1.0,20.0,200.0,5.0,0.14442,0.00044669
0.2,1.0,20.0,200.0,5.0,1.0014,0.0044669
0.2,1.0,20.0,200.0,5.0,0.21652,0.00067003
0.2,1.0,20.0,200.0,5.0,0.28823,0.00089337
0.2,1.0,20.0,200.0,5.0,0.3595,0.0011167
0.2,1.0,20.0,200.0,5.0,0.43021,0.0013401
0.2,1.0,20.0,200.0,5.0,0.50009,0.0015634
0.2,1.0,20.0,200.0,5.0,0.56903,0.0017867
0.2,1.0,20.0,200.0,5.0,0.63664,0.0020101
0.2,1.0,20.0,300.0,5.0,0.097375,0.00020078
0.2,1.0,20.0,300.0,5.0,0.90994,0.0020078
0.2,1.0,20.0,300.0,5.0,0.9628,0.0022086
0.2,1.0,20.0,300.0,5.0,0.98393,0.0024094
0.2,1.0,20.0,300.0,5.0,0.99051,0.0026101
0.2,1.0,20.0,300.0,5.0,0.9971,0.0028109
0.2,1.0,20.0,300.0,5.0,1.0018,0.0030117
0.2,1.0,20.0,300.0,5.0,1.0049,0.0032125
0.2,1.0,20.0,300.0,5.0,1.0081,0.0034133
0.2,1.0,20.0,300.0,5.0,1.0111,0.003614
0.2,1.0,20.0,300.0,5.0,1.0137,0.0038148
0.2,1.0,20.0,300.0,5.0,0.1947,0.00040156
0.2,1.0,20.0,300.0,5.0,1.0163,0.0040156
0.2,1.0,20.0,300.0,5.0,0.29147,0.00060234
0.2,1.0,20.0,300.0,5.0,0.38743,0.00080312
0.2,1.0,20.0,300.0,5.0,0.48216,0.0010039
0.2,1.0,20.0,300.0,5.0,0.57519,0.0012047
0.2,1.0,20.0,300.0,5.0,0.66588,0.0014055
0.2,1.0,20.0,300.0,5.0,0.75348,0.0016062
0.2,1.0,20.0,300.0,5.0,0.83721,0.001807
0.2,1.0,20.0,500.0,5.0,0.10305,0.0001275
0.2,1.0,20.0,500.0,5.0,0.94425,0.001275
0.2,1.0,20.0,500.0,5.0,0.9856,0.0014024
0.2,1.0,20.0,500.0,5.0,0.9927,0.0015299
0.2,1.0,20.0,500.0,5.0,0.99665,0.0016574
0.2,1.0,20.0,500.0,5.0,1.0006,0.0017849
0.2,1.0,20.0,500.0,5.0,1.0039,0.0019124
0.2,1.0,20.0,500.0,5.0,1.0072,0.0020399
0.2,1.0,20.0,500.0,5.0,1.0105,0.0021674
0.2,1.0,20.0,500.0,5.0,1.0137,0.0022949
0.2,1.0,20.0,500.0,5.0,1.0167,0.0024224
0.2,1.0,20.0,500.0,5.0,0.20602,0.00025499
0.2,1.0,20.0,500.0,5.0,1.0193,0.0025499
0.2,1.0,20.0,500.0,5.0,0.30833,0.00038249
0.2,1.0,20.0,500.0,5.0,0.40965,0.00050998
0.2,1.0,20.0,500.0,5.0,0.50949,0.00063748
0.2,1.0,20.0,500.0,5.0,0.60722,0.00076497
0.2,1.0,20.0,500.0,5.0,0.70205,0.00089247
0.2,1.0,20.0,500.0,5.0,0.79313,0.00102
0.2,1.0,20.0,500.0,5.0,0.87729,0.0011475
0.2,1.0,20.0,700.0,5.0,0.074813,6.6111e-05
0.2,1.0,20.0,700.0,5.0,0.726,0.00066111
0.2,1.0,20.0,700.0,5.0,0.79179,0.00072722
0.2,1.0,20.0,700.0,5.0,0.85436,0.00079333
0.2,1.0,20.0,700.0,5.0,0.90919,0.00085945
0.2,1.0,20.0,700.0,5.0,0.95462,0.00092556
0.2,1.0,20.0,700.0,5.0,0.96818,0.00099167
0.2,1.0,20.0,700.0,5.0,0.98175,0.0010578
0.2,1.0,20.0,700.0,5.0,0.99531,0.0011239
0.2,1.0,20.0,700.0,5.0,0.99874,0.00119
0.2,1.0,20.0,700.0,5.0,1.0003,0.0012561
0.2,1.0,20.0,700.0,5.0,0.14963,0.00013222
0.2,1.0,20.0,700.0,5.0,1.0018,0.0013222
0.2,1.0,20.0,700.0,5.0,0.22427,0.00019833
0.2,1.0,20.0,700.0,5.0,0.29852,0.00026444
0.2,1.0,20.0,700.0,5.0,0.37231,0.00033056
0.2,1.0,20.0,700.0,5.0,0.44535,0.00039667
0.2,1.0,20.0,700.0,5.0,0.51756,0.00046278
0.2,1.0,20.0,700.0,5.0,0.58865,0.00052889
0.2,1.0,20.0,700.0,5.0,0.65819,0.000595
0.2,1.0,3.0,100.0,5.0,0.10521,0.00065079
0.2,1.0,3.0,100.0,5.0,0.97953,0.0065079
0.2,1.0,3.0,100.0,5.0,1.0112,0.0071587
0.2,1.0,3.0,100.0,5.0,1.0382,0.0078095
0.2,1.0,3.0,100.0,5.0,1.0652,0.0084603
0.2,1.0,3.0,100.0,5.0,1.0914,0.0091111
0.2,1.0,3.0,100.0,5.0,1.1164,0.0097618
0.2,1.0,3.0,100.0,5.0,1.1407,0.010413
0.2,1.0,3.0,100.0,5.0,1.1638,0.011063
0.2,1.0,3.0,100.0,5.0,1.1864,0.011714
0.2,1.0,3.0,100.0,5.0,1.2077,0.012365
0.2,1.0,3.0,100.0,5.0,0.21035,0.0013016
0.2,1.0,3.0,100.0,5.0,1.2276,0.013016
0.2,1.0,3.0,100.0,5.0,0.31512,0.0019524
0.2,1.0,3.0,100.0,5.0,0.41927,0.0026032
0.2,1.0,3.0,100.0,5.0,0.52245,0.0032539
0.2,1.0,3.0,100.0,5.0,0.62426,0.0039047
0.2,1.0,3.0,100.0,5.0,0.72383,0.0045555
0.2,1.0,3.0,100.0,5.0,0.82019,0.0052063
0.2,1.0,3.0,100.0,5.0,0.90955,0.0058571
0.2,1.0,3.0,1000.0,5.0,0.33293,0.00020647
0.2,1.0,3.0,1000.0,5.0,1.436,0.0020647
0.2,1.0,3.0,1000.0,5.0,1.4798,0.0022712
0.2,1.0,3.0,1000.0,5.0,1.5239,0.0024776
0.2,1.0,3.0,1000.0,5.0,1.5669,0.0026841
0.2,1.0,3.0,1000.0,5.0,1.6055,0.0028906
0.2,1.0,3.0,1000.0,5.0,1.6427,0.003097
0.2,1.0,3.0,1000.0,5.0,1.6795,0.0033035
0.2,1.0,3.0,1000.0,5.0,1.7141,0.00351
0.2,1.0,3.0,1000.0,5.0,1.7465,0.0037164
0.2,1.0,3.0,1000.0,5.0,1.7789,0.0039229
0.2,1.0,3.0,1000.0,5.0,0.65759,0.00041294
0.2,1.0,3.0,1000.0,5.0,1.8106,0.0041294
0.2,1.0,3.0,1000.0,5.0,0.93462,0.00061941
0.2,1.0,3.0,1000.0,5.0,1.0456,0.00082587
0.2,1.0,3.0,1000.0,5.0,1.1249,0.0010323
0.2,1.0,3.0,1000.0,5.0,1.2046,0.0012388
0.2,1.0,3.0,1000.0,5.0,1.2718,0.0014453
0.2,1.0,3.0,1000.0,5.0,1.3271,0.0016517
0.2,1.0,3.0,1000.0,5.0,1.3828,0.0018582
0.2,1.0,3.0,200.0,5.0,0.15066,0.00046598
0.2,1.0,3.0,200.0,5.0,1.0996,0.0046598
0.2,1.0,3.0,200.0,5.0,1.1347,0.0051258
0.2,1.0,3.0,200.0,5.0,1.1686,0.0055918
0.2,1.0,3.0,200.0,5.0,1.2003,0.0060578
0.2,1.0,3.0,200.0,5.0,1.2305,0.0065238
0.2,1.0,3.0,200.0,5.0,1.2594,0.0069898
0.2,1.0,3.0,200.0,5.0,1.287,0.0074558
0.2,1.0,3.0,200.0,5.0,1.3133,0.0079217
0.2,1.0,3.0,200.0,5.0,1.3387,0.0083877
0.2,1.0,3.0,200.0,5.0,1.3627,0.0088537
0.2,1.0,3.0,200.0,5.0,0.30089,0.00093197
0.2,1.0,3.0,200.0,5.0,1.3847,0.0093197
0.2,1.0,3.0,200.0,5.0,0.44996,0.001398
0.2,1.0,3.0,200.0,5.0,0.59667,0.0018639
0.2,1.0,3.0,200.0,5.0,0.73935,0.0023299
0.2,1.0,3.0,200.0,5.0,0.87459,0.0027959
0.2,1.0,3.0,200.0,5.0,0.97992,0.0032619
0.2,1.0,3.0,200.0,5.0,1.0229,0.0037279
0.2,1.0,3.0,200.0,5.0,1.0621,0.0041939
0.2,1.0,3.0,300.0,5.0,0.18224,0.00037586
0.2,1.0,3.0,300.0,5.0,1.1715,0.0037586
0.2,1.0,3.0,300.0,5.0,1.2096,0.0041345
0.2,1.0,3.0,300.0,5.0,1.2456,0.0045103
0.2,1.0,3.0,300.0,5.0,1.2797,0.0048862
0.2,1.0,3.0,300.0,5.0,1.3118,0.005262
0.2,1.0,3.0,300.0,5.0,1.3427,0.0056379
0.2,1.0,3.0,300.0,5.0,1.3719,0.0060138
0.2,1.0,3.0,300.0,5.0,1.4002,0.0063896
0.2,1.0,3.0,300.0,5.0,1.4271,0.0067655
0.2,1.0,3.0,300.0,5.0,1.4531,0.0071413
0.2,1.0,3.0,300.0,5.0,0.3636,0.00075172
0.2,1.0,3.0,300.0,5.0,1.4779,0.0075172
0.2,1.0,3.0,300.0,5.0,0.54274,0.0011276
0.2,1.0,3.0,300.0,5.0,0.7167,0.0015034
0.2,1.0,3.0,300.0,5.0,0.87933,0.0018793
0.2,1.0,3.0,300.0,5.0,0.98842,0.0022552
0.2,1.0,3.0,300.0,5.0,1.0405,0.002631
0.2,1.0,3.0,300.0,5.0,1.088,0.0030069
0.2,1.0,3.0,300.0,5.0,1.1304,0.0033827
0.2,1.0,3.0,500.0,5.0,0.23825,0.000295
0.2,1.0,3.0,500.0,5.0,1.2814,0.00295
0.2,1.0,3.0,500.0,5.0,1.3235,0.003245
0.2,1.0,3.0,500.0,5.0,1.363,0.00354
0.2,1.0,3.0,500.0,5.0,1.3999,0.003835
0.2,1.0,3.0,500.0,5.0,1.436,0.00413
0.2,1.0,3.0,500.0,5.0,1.4688,0.0044249
0.2,1.0,3.0,500.0,5.0,1.5013,0.0047199
0.2,1.0,3.0,500.0,5.0,1.5317,0.0050149
0.2,1.0,3.0,500.0,5.0,1.5613,0.0053099
0.2,1.0,3.0,500.0,5.0,1.5899,0.0056049
0.2,1.0,3.0,500.0,5.0,0.47417,0.00058999
0.2,1.0,3.0,500.0,5.0,1.6172,0.0058999
0.2,1.0,3.0,500.0,5.0,0.70407,0.00088499
0.2,1.0,3.0,500.0,5.0,0.90646,0.00118
0.2,1.0,3.0,500.0,5.0,1.0179,0.001475
0.2,1.0,3.0,500.0,5.0,1.0776,0.00177
0.2,1.0,3.0,500.0,5.0,1.1363,0.002065
0.2,1.0,3.0,500.0,5.0,1.1877,0.00236
0.2,1.0,3.0,500.0,5.0,1.2372,0.002655
0.2,1.0,3.0,700.0,5.0,0.28237,0.0002499
0.2,1.0,3.0,700.0,5.0,1.3567,0.002499
0.2,1.0,3.0,700.0,5.0,1.4007,0.0027489
0.2,1.0,3.0,700.0,5.0,1.4438,0.0029988
0.2,1.0,3.0,700.0,5.0,1.4819,0.0032487
0.2,1.0,3.0,700.0,5.0,1.5194,0.0034986
0.2,1.0,3.0,700.0,5.0,1.5552,0.0037485
0.2,1.0,3.0,700.0,5.0,1.5887,0.0039984
0.2,1.0,3.0,700.0,5.0,1.6216,0.0042483
0.2,1.0,3.0,700.0,5.0,1.6531,0.0044982
0.2,1.0,3.0,700.0,5.0,1.6828,0.0047481
0.2,1.0,3.0,700.0,5.0,0.56037,0.0004998
0.2,1.0,3.0,700.0,5.0,1.7124,0.004998
0.2,1.0,3.0,700.0,5.0,0.82585,0.0007497
0.2,1.0,3.0,700.0,5.0,1.0024,0.0009996
0.2,1.0,3.0,700.0,5.0,1.0694,0.0012495
0.2,1.0,3.0,700.0,5.0,1.1404,0.0014994
0.2,1.0,3.0,700.0,5.0,1.2033,0.0017493
0.2,1.0,3.0,700.0,5.0,1.2569,0.0019992
0.2,1.0,3.0,700.0,5.0,1.3099,0.0022491
0.2,1.0,4.0,100.0,5.0,0.10264,0.00063489
0.2,1.0,4.0,100.0,5.0,0.95574,0.0063489
0.2,1.0,4.0,100.0,5.0,0.99869,0.0069838
0.2,1.0,4.0,100.0,5.0,1.0154,0.0076187
0.2,1.0,4.0,100.0,5.0,1.0345,0.0082536
0.2,1.0,4.0,100.0,5.0,1.0531,0.0088885
0.2,1.0,4.0,100.0,5.0,1.0711,0.0095234
0.2,1.0,4.0,100.0,5.0,1.0884,0.010158
0.2,1.0,4.0,100.0,5.0,1.1049,0.010793
0.2,1.0,4.0,100.0,5.0,1.1208,0.011428
0.2,1.0,4.0,100.0,5.0,1.136,0.012063
0.2,1.0,4.0,100.0,5.0,0.20521,0.0012698
0.2,1.0,4.0,100.0,5.0,1.1506,0.012698
0.2,1.0,4.0,100.0,5.0,0.30737,0.0019047
0.2,1.0,4.0,100.0,5.0,0.40889,0.0025396
0.2,1.0,4.0,100.0,5.0,0.50932,0.0031745
0.2,1.0,4.0,100.0,5.0,0.60825,0.0038093
0.2,1.0,4.0,100.0,5.0,0.70509,0.0044442
0.2,1.0,4.0,100.0,5.0,0.79853,0.0050791
0.2,1.0,4.0,100.0,5.0,0.88639,0.005714
0.2,1.0,4.0,1000.0,5.0,0.29955,0.00018566
0.2,1.0,4.0,1000.0,5.0,1.2642,0.0018566
0.2,1.0,4.0,1000.0,5.0,1.2974,0.0020423
0.2,1.0,4.0,1000.0,5.0,1.3257,0.002228
0.2,1.0,4.0,1000.0,5.0,1.352,0.0024136
0.2,1.0,4.0,1000.0,5.0,1.3781,0.0025993
0.2,1.0,4.0,1000.0,5.0,1.4033,0.0027849
0.2,1.0,4.0,1000.0,5.0,1.4256,0.0029706
0.2,1.0,4.0,1000.0,5.0,1.4472,0.0031563
0.2,1.0,4.0,1000.0,5.0,1.4686,0.0033419
0.2,1.0,4.0,1000.0,5.0,1.4891,0.0035276
0.2,1.0,4.0,1000.0,5.0,0.59257,0.00037133
0.2,1.0,4.0,1000.0,5.0,1.508,0.0037133
0.2,1.0,4.0,1000.0,5.0,0.86622,0.00055699
0.2,1.0,4.0,1000.0,5.0,1.0012,0.00074265
0.2,1.0,4.0,1000.0,5.0,1.0535,0.00092831
0.2,1.0,4.0,1000.0,5.0,1.1044,0.001114
0.2,1.0,4.0,1000.0,5.0,1.1546,0.0012996
0.2,1.0,4.0,1000.0,5.0,1.1957,0.0014853
0.2,1.0,4.0,1000.0,5.0,1.2301,0.001671
0.2,1.0,4.0,200.0,5.0,0.14593,0.00045135
0.2,1.0,4.0,200.0,5.0,1.057,0.0045135
0.2,1.0,4.0,200.0,5.0,1.0822,0.0049648
0.2,1.0,4.0,200.0,5.0,1.106,0.0054161
0.2,1.0,4.0,200.0,5.0,1.1285,0.0058675
0.2,1.0,4.0,200.0,5.0,1.1499,0.0063188
0.2,1.0,4.0,200.0,5.0,1.17,0.0067702
0.2,1.0,4.0,200.0,5.0,1.1893,0.0072215
0.2,1.0,4.0,200.0,5.0,1.2076,0.0076729
0.2,1.0,4.0,200.0,5.0,1.225,0.0081242
0.2,1.0,4.0,200.0,5.0,1.2417,0.0085756
0.2,1.0,4.0,200.0,5.0,0.2914,0.00090269
0.2,1.0,4.0,200.0,5.0,1.2576,0.0090269
0.2,1.0,4.0,200.0,5.0,0.43561,0.001354
0.2,1.0,4.0,200.0,5.0,0.57753,0.0018054
0.2,1.0,4.0,200.0,5.0,0.71523,0.0022567
0.2,1.0,4.0,200.0,5.0,0.84618,0.0027081
0.2,1.0,4.0,200.0,5.0,0.94603,0.0031594
0.2,1.0,4.0,200.0,5.0,1.0049,0.0036108
0.2,1.0,4.0,200.0,5.0,1.0305,0.0040621
0.2,1.0,4.0,300.0,5.0,0.17514,0.0003612
0.2,1.0,4.0,300.0,5.0,1.106,0.003612
0.2,1.0,4.0,300.0,5.0,1.1327,0.0039732
0.2,1.0,4.0,300.0,5.0,1.1581,0.0043344
0.2,1.0,4.0,300.0,5.0,1.1817,0.0046955
0.2,1.0,4.0,300.0,5.0,1.2042,0.0050567
0.2,1.0,4.0,300.0,5.0,1.2251,0.0054179
0.2,1.0,4.0,300.0,5.0,1.2454,0.0057791
0.2,1.0,4.0,300.0,5.0,1.2645,0.0061403
0.2,1.0,4.0,300.0,5.0,1.283,0.0065015
0.2,1.0,4.0,300.0,5.0,1.3004,0.0068627
0.2,1.0,4.0,300.0,5.0,0.34936,0.00072239
0.2,1.0,4.0,300.0,5.0,1.3174,0.0072239
0.2,1.0,4.0,300.0,5.0,0.52123,0.0010836
0.2,1.0,4.0,300.0,5.0,0.68839,0.0014448
0.2,1.0,4.0,300.0,5.0,0.84539,0.001806
0.2,1.0,4.0,300.0,5.0,0.95463,0.0021672
0.2,1.0,4.0,300.0,5.0,1.014,0.0025284
0.2,1.0,4.0,300.0,5.0,1.0464,0.0028896
0.2,1.0,4.0,300.0,5.0,1.077,0.0032508
0.2,1.0,4.0,500.0,5.0,0.2131,0.00026378
0.2,1.0,4.0,500.0,5.0,1.1615,0.0026378
0.2,1.0,4.0,500.0,5.0,1.1903,0.0029016
0.2,1.0,4.0,500.0,5.0,1.2162,0.0031654
0.2,1.0,4.0,500.0,5.0,1.2417,0.0034292
0.2,1.0,4.0,500.0,5.0,1.265,0.003693
0.2,1.0,4.0,500.0,5.0,1.2872,0.0039567
0.2,1.0,4.0,500.0,5.0,1.3089,0.0042205
0.2,1.0,4.0,500.0,5.0,1.3286,0.0044843
0.2,1.0,4.0,500.0,5.0,1.348,0.0047481
0.2,1.0,4.0,500.0,5.0,1.3666,0.0050119
0.2,1.0,4.0,500.0,5.0,0.42432,0.00052757
0.2,1.0,4.0,500.0,5.0,1.3841,0.0052757
0.2,1.0,4.0,500.0,5.0,0.63075,0.00079135
0.2,1.0,4.0,500.0,5.0,0.82607,0.0010551
0.2,1.0,4.0,500.0,5.0,0.98101,0.0013189
0.2,1.0,4.0,500.0,5.0,1.021,0.0015827
0.2,1.0,4.0,500.0,5.0,1.0603,0.0018465
0.2,1.0,4.0,500.0,5.0,1.0988,0.0021103
0.2,1.0,4.0,500.0,5.0,1.1301,0.002374
0.2,1.0,4.0,700.0,5.0,0.24354,0.00021542
0.2,1.0,4.0,700.0,5.0,1.2003,0.0021542
0.2,1.0,4.0,700.0,5.0,1.2312,0.0023696
0.2,1.0,4.0,700.0,5.0,1.2579,0.002585
0.2,1.0,4.0,700.0,5.0,1.2834,0.0028005
0.2,1.0,4.0,700.0,5.0,1.3086,0.0030159
0.2,1.0,4.0,700.0,5.0,1.3316,0.0032313
0.2,1.0,4.0,700.0,5.0,1.3529,0.0034467
0.2,1.0,4.0,700.0,5.0,1.3741,0.0036621
0.2,1.0,4.0,700.0,5.0,1.3945,0.0038776
0.2,1.0,4.0,700.0,5.0,1.413,0.004093
0.2,1.0,4.0,700.0,5.0,0.48403,0.00043084
0.2,1.0,4.0,700.0,5.0,1.4314,0.0043084
0.2,1.0,4.0,700.0,5.0,0.71657,0.00064626
0.2,1.0,4.0,700.0,5.0,0.91534,0.00086168
0.2,1.0,4.0,700.0,5.0,1.0086,0.0010771
0.2,1.0,4.0,700.0,5.0,1.0515,0.0012925
0.2,1.0,4.0,700.0,5.0,1.0951,0.0015079
0.2,1.0,4.0,700.0,5.0,1.1364,0.0017234
0.2,1.0,4.0,700.0,5.0,1.1683,0.0019388
0.2,1.0,6.0,100.0,5.0,0.097098,0.00060063
0.2,1.0,6.0,100.0,5.0,0.9162,0.0060063
0.2,1.0,6.0,100.0,5.0,0.96567,0.0066069
0.2,1.0,6.0,100.0,5.0,0.99261,0.0072076
0.2,1.0,6.0,100.0,5.0,1.0077,0.0078082
0.2,1.0,6.0,100.0,5.0,1.0188,0.0084088
0.2,1.0,6.0,100.0,5.0,1.0301,0.0090094
0.2,1.0,6.0,100.0,5.0,1.041,0.0096101
0.2,1.0,6.0,100.0,5.0,1.0513,0.010211
0.2,1.0,6.0,100.0,5.0,1.0613,0.010811
0.2,1.0,6.0,100.0,5.0,1.0709,0.011412
0.2,1.0,6.0,100.0,5.0,0.19415,0.0012013
0.2,1.0,6.0,100.0,5.0,1.0801,0.012013
0.2,1.0,6.0,100.0,5.0,0.29079,0.0018019
0.2,1.0,6.0,100.0,5.0,0.38677,0.0024025
0.2,1.0,6.0,100.0,5.0,0.48181,0.0030031
0.2,1.0,6.0,100.0,5.0,0.5754,0.0036038
0.2,1.0,6.0,100.0,5.0,0.66693,0.0042044
0.2,1.0,6.0,100.0,5.0,0.75577,0.004805
0.2,1.0,6.0,100.0,5.0,0.84101,0.0054057
0.2,1.0,6.0,1000.0,5.0,0.27642,0.00017127
0.2,1.0,6.0,1000.0,5.0,1.1442,0.0017127
0.2,1.0,6.0,1000.0,5.0,1.163,0.001884
0.2,1.0,6.0,1000.0,5.0,1.1815,0.0020553
0.2,1.0,6.0,1000.0,5.0,1.1983,0.0022265
0.2,1.0,6.0,1000.0,5.0,1.2126,0.0023978
0.2,1.0,6.0,1000.0,5.0,1.2267,0.0025691
0.2,1.0,6.0,1000.0,5.0,1.2407,0.0027404
0.2,1.0,6.0,1000.0,5.0,1.254,0.0029116
0.2,1.0,6.0,1000.0,5.0,1.2658,0.0030829
0.2,1.0,6.0,1000.0,5.0,1.2771,0.0032542
0.2,1.0,6.0,1000.0,5.0,0.5472,0.00034255
0.2,1.0,6.0,1000.0,5.0,1.2884,0.0034255
0.2,1.0,6.0,1000.0,5.0,0.80108,0.00051382
0.2,1.0,6.0,1000.0,5.0,0.95471,0.00068509
0.2,1.0,6.0,1000.0,5.0,1.0156,0.00085636
0.2,1.0,6.0,1000.0,5.0,1.0444,0.0010276
0.2,1.0,6.0,1000.0,5.0,1.0737,0.0011989
0.2,1.0,6.0,1000.0,5.0,1.1025,0.0013702
0.2,1.0,6.0,1000.0,5.0,1.1257,0.0015415
0.2,1.0,6.0,200.0,5.0,0.13692,0.00042347
0.2,1.0,6.0,200.0,5.0,1.0199,0.0042347
0.2,1.0,6.0,200.0,5.0,1.0356,0.0046581
0.2,1.0,6.0,200.0,5.0,1.0506,0.0050816
0.2,1.0,6.0,200.0,5.0,1.0644,0.0055051
0.2,1.0,6.0,200.0,5.0,1.078,0.0059285
0.2,1.0,6.0,200.0,5.0,1.0903,0.006352
0.2,1.0,6.0,200.0,5.0,1.1023,0.0067755
0.2,1.0,6.0,200.0,5.0,1.1136,0.0071989
0.2,1.0,6.0,200.0,5.0,1.1244,0.0076224
0.2,1.0,6.0,200.0,5.0,1.1347,0.0080458
0.2,1.0,6.0,200.0,5.0,0.27343,0.00084693
0.2,1.0,6.0,200.0,5.0,1.1444,0.0084693
0.2,1.0,6.0,200.0,5.0,0.4087,0.0012704
0.2,1.0,6.0,200.0,5.0,0.54186,0.0016939
0.2,1.0,6.0,200.0,5.0,0.67161,0.0021173
0.2,1.0,6.0,200.0,5.0,0.79548,0.0025408
0.2,1.0,6.0,200.0,5.0,0.90739,0.0029643
0.2,1.0,6.0,200.0,5.0,0.98012,0.0033877
0.2,1.0,6.0,200.0,5.0,1.0021,0.0038112
0.2,1.0,6.0,300.0,5.0,0.16525,0.00034076
0.2,1.0,6.0,300.0,5.0,1.0512,0.0034076
0.2,1.0,6.0,300.0,5.0,1.0682,0.0037483
0.2,1.0,6.0,300.0,5.0,1.0838,0.0040891
0.2,1.0,6.0,300.0,5.0,1.0986,0.0044299
0.2,1.0,6.0,300.0,5.0,1.1125,0.0047706
0.2,1.0,6.0,300.0,5.0,1.1254,0.0051114
0.2,1.0,6.0,300.0,5.0,1.138,0.0054521
0.2,1.0,6.0,300.0,5.0,1.1495,0.0057929
0.2,1.0,6.0,300.0,5.0,1.1609,0.0061337
0.2,1.0,6.0,300.0,5.0,1.1712,0.0064744
0.2,1.0,6.0,300.0,5.0,0.32962,0.00068152
0.2,1.0,6.0,300.0,5.0,1.1816,0.0068152
0.2,1.0,6.0,300.0,5.0,0.49166,0.0010223
0.2,1.0,6.0,300.0,5.0,0.64951,0.001363
0.2,1.0,6.0,300.0,5.0,0.79975,0.0017038
0.2,1.0,6.0,300.0,5.0,0.92389,0.0020446
0.2,1.0,6.0,300.0,5.0,0.99767,0.0023853
0.2,1.0,6.0,300.0,5.0,1.0136,0.0027261
0.2,1.0,6.0,300.0,5.0,1.0334,0.0030668
0.2,1.0,6.0,500.0,5.0,0.20665,0.00025579
0.2,1.0,6.0,500.0,5.0,1.0905,0.0025579
0.2,1.0,6.0,500.0,5.0,1.109,0.0028137
0.2,1.0,6.0,500.0,5.0,1.1253,0.0030695
0.2,1.0,6.0,500.0,5.0,1.1405,0.0033253
0.2,1.0,6.0,500.0,5.0,1.1553,0.0035811
0.2,1.0,6.0,500.0,5.0,1.1687,0.0038369
0.2,1.0,6.0,500.0,5.0,1.1814,0.0040927
0.2,1.0,6.0,500.0,5.0,1.1938,0.0043485
0.2,1.0,6.0,500.0,5.0,1.2052,0.0046043
0.2,1.0,6.0,500.0,5.0,1.2163,0.0048601
0.2,1.0,6.0,500.0,5.0,0.41132,0.00051159
0.2,1.0,6.0,500.0,5.0,1.2271,0.0051159
0.2,1.0,6.0,500.0,5.0,0.61086,0.00076738
0.2,1.0,6.0,500.0,5.0,0.80059,0.0010232
0.2,1.0,6.0,500.0,5.0,0.93579,0.001279
0.2,1.0,6.0,500.0,5.0,1.0031,0.0015348
0.2,1.0,6.0,500.0,5.0,1.0266,0.0017906
0.2,1.0,6.0,500.0,5.0,1.0507,0.0020463
0.2,1.0,6.0,500.0,5.0,1.0721,0.0023021
0.2,1.0,6.0,700.0,5.0,0.24004,0.00021232
0.2,1.0,6.0,700.0,5.0,1.1179,0.0021232
0.2,1.0,6.0,700.0,5.0,1.1368,0.0023355
0.2,1.0,6.0,700.0,5.0,1.1546,0.0025478
0.2,1.0,6.0,700.0,5.0,1.1694,0.0027602
0.2,1.0,6.0,700.0,5.0,1.1843,0.0029725
0.2,1.0,6.0,700.0,5.0,1.1988,0.0031848
0.2,1.0,6.0,700.0,5.0,1.2117,0.0033971
0.2,1.0,6.0,700.0,5.0,1.224,0.0036095
0.2,1.0,6.0,700.0,5.0,1.2361,0.0038218
0.2,1.0,6.0,700.0,5.0,1.2476,0.0040341
0.2,1.0,6.0,700.0,5.0,0.47668,0.00042464
0.2,1.0,6.0,700.0,5.0,1.2581,0.0042464
0.2,1.0,6.0,700.0,5.0,0.7043,0.00063696
0.2,1.0,6.0,700.0,5.0,0.90753,0.00084928
0.2,1.0,6.0,700.0,5.0,0.98417,0.0010616
0.2,1.0,6.0,700.0,5.0,1.0239,0.0012739
0.2,1.0,6.0,700.0,5.0,1.0509,0.0014862
0.2,1.0,6.0,700.0,5.0,1.0775,0.0016986
0.2,1.0,6.0,700.0,5.0,1.0986,0.0019109
0.4,0.2,10.0,100.0,20.0,0.097341,0.0026678
0.4,0.2,10.0,100.0,20.0,0.79312,0.026678
0.4,0.2,10.0,100.0,20.0,0.83229,0.029346
0.4,0.2,10.0,100.0,20.0,0.8658,0.032014
0.4,0.2,10.0,100.0,20.0,0.89485,0.034682
0.4,0.2,10.0,100.0,20.0,0.9172,0.03735
0.4,0.2,10.0,100.0,20.0,0.9375,0.040018
0.4,0.2,10.0,100.0,20.0,0.95197,0.042685
0.4,0.2,10.0,100.0,20.0,0.95914,0.045353
0.4,0.2,10.0,100.0,20.0,0.96631,0.048021
0.4,0.2,10.0,100.0,20.0,0.97348,0.050689
0.4,0.2,10.0,100.0,20.0,0.19377,0.0053357
0.4,0.2,10.0,100.0,20.0,0.98066,0.053357
0.4,0.2,10.0,100.0,20.0,0.28831,0.0080035
0.4,0.2,10.0,100.0,20.0,0.38,0.010671
0.4,0.2,10.0,100.0,20.0,0.46796,0.013339
0.4,0.2,10.0,100.0,20.0,0.55123,0.016007
0.4,0.2,10.0,100.0,20.0,0.62544,0.018675
0.4,0.2,10.0,100.0,20.0,0.6904,0.021343
0.4,0.2,10.0,100.0,20.0,0.74571,0.024011
0.4,0.2,10.0,1000.0,20.0,0.21716,0.00059892
0.4,0.2,10.0,1000.0,20.0,0.98559,0.0059892
0.4,0.2,10.0,1000.0,20.0,0.99218,0.0065881
0.4,0.2,10.0,1000.0,20.0,0.99704,0.0071871
0.4,0.2,10.0,1000.0,20.0,1.0017,0.007786
0.4,0.2,10.0,1000.0,20.0,1.0067,0.0083849
0.4,0.2,10.0,1000.0,20.0,1.0126,0.0089838
0.4,0.2,10.0,1000.0,20.0,1.019,0.0095828
0.4,0.2,10.0,1000.0,20.0,1.0254,0.010182
0.4,0.2,10.0,1000.0,20.0,1.0318,0.010781
0.4,0.2,10.0,1000.0,20.0,1.0378,0.01138
0.4,0.2,10.0,1000.0,20.0,0.42369,0.0011978
0.4,0.2,10.0,1000.0,20.0,1.0436,0.011978
0.4,0.2,10.0,1000.0,20.0,0.60732,0.0017968
0.4,0.2,10.0,1000.0,20.0,0.74421,0.0023957
0.4,0.2,10.0,1000.0,20.0,0.84038,0.0029946
0.4,0.2,10.0,1000.0,20.0,0.90496,0.0035935
0.4,0.2,10.0,1000.0,20.0,0.94393,0.0041925
0.4,0.2,10.0,1000.0,20.0,0.96664,0.0047914
0.4,0.2,10.0,1000.0,20.0,0.97899,0.0053903
0.4,0.2,10.0,200.0,20.0,0.11899,0.0016321
0.4,0.2,10.0,200.0,20.0,0.8738,0.016321
0.4,0.2,10.0,200.0,20.0,0.90577,0.017953
0.4,0.2,10.0,200.0,20.0,0.93408,0.019585
0.4,0.2,10.0,200.0,20.0,0.948,0.021217
0.4,0.2,10.0,200.0,20.0,0.96003,0.022849
0.4,0.2,10.0,200.0,20.0,0.97205,0.024481
0.4,0.2,10.0,200.0,20.0,0.97884,0.026113
0.4,0.2,10.0,200.0,20.0,0.98267,0.027745
0.4,0.2,10.0,200.0,20.0,0.98651,0.029377
0.4,0.2,10.0,200.0,20.0,0.99034,0.031009
0.4,0.2,10.0,200.0,20.0,0.23629,0.0032641
0.4,0.2,10.0,200.0,20.0,0.99418,0.032641
0.4,0.2,10.0,200.0,20.0,0.35023,0.0048962
0.4,0.2,10.0,200.0,20.0,0.45899,0.0065282
0.4,0.2,10.0,200.0,20.0,0.56037,0.0081603
0.4,0.2,10.0,200.0,20.0,0.64904,0.0097923
0.4,0.2,10.0,200.0,20.0,0.72312,0.011424
0.4,0.2,10.0,200.0,20.0,0.78474,0.013056
0.4,0.2,10.0,200.0,20.0,0.83477,0.014689
0.4,0.2,10.0,300.0,20.0,0.13235,0.001211
0.4,0.2,10.0,300.0,20.0,0.912,0.01211
0.4,0.2,10.0,300.0,20.0,0.93558,0.013321
0.4,0.2,10.0,300.0,20.0,0.95903,0.014532
0.4,0.2,10.0,300.0,20.0,0.96713,0.015743
0.4,0.2,10.0,300.0,20.0,0.97359,0.016954
0.4,0.2,10.0,300.0,20.0,0.98005,0.018165
0.4,0.2,10.0,300.0,20.0,0.98651,0.019376
0.4,0.2,10.0,300.0,20.0,0.99025,0.020587
0.4,0.2,10.0,300.0,20.0,0.99366,0.021798
0.4,0.2,10.0,300.0,20.0,0.99706,0.023009
0.4,0.2,10.0,300.0,20.0,0.26245,0.0024219
0.4,0.2,10.0,300.0,20.0,1.0005,0.024219
0.4,0.2,10.0,300.0,20.0,0.3878,0.0036329
0.4,0.2,10.0,300.0,20.0,0.50594,0.0048439
0.4,0.2,10.0,300.0,20.0,0.61226,0.0060549
0.4,0.2,10.0,300.0,20.0,0.70155,0.0072658
0.4,0.2,10.0,300.0,20.0,0.77203,0.0084768
0.4,0.2,10.0,300.0,20.0,0.82906,0.0096878
0.4,0.2,10.0,300.0,20.0,0.87421,0.010899
0.4,0.2,10.0,500.0,20.0,0.15481,0.00085053
0.4,0.2,10.0,500.0,20.0,0.95112,0.0085053
0.4,0.2,10.0,500.0,20.0,0.97022,0.0093558
0.4,0.2,10.0,500.0,20.0,0.97629,0.010206
0.4,0.2,10.0,500.0,20.0,0.98232,0.011057
0.4,0.2,10.0,500.0,20.0,0.98768,0.011907
0.4,0.2,10.0,500.0,20.0,0.99183,0.012758
0.4,0.2,10.0,500.0,20.0,0.99597,0.013608
0.4,0.2,10.0,500.0,20.0,0.9996,0.014459
0.4,0.2,10.0,500.0,20.0,1.0031,0.015309
0.4,0.2,10.0,500.0,20.0,1.0068,0.01616
0.4,0.2,10.0,500.0,20.0,0.30587,0.0017011
0.4,0.2,10.0,500.0,20.0,1.0111,0.017011
0.4,0.2,10.0,500.0,20.0,0.44938,0.0025516
0.4,0.2,10.0,500.0,20.0,0.58067,0.0034021
0.4,0.2,10.0,500.0,20.0,0.68928,0.0042526
0.4,0.2,10.0,500.0,20.0,0.77406,0.0051032
0.4,0.2,10.0,500.0,20.0,0.83947,0.0059537
0.4,0.2,10.0,500.0,20.0,0.8892,0.0068042
0.4,0.2,10.0,500.0,20.0,0.92694,0.0076547
0.4,0.2,10.0,700.0,20.0,0.17681,0.00069471
0.4,0.2,10.0,700.0,20.0,0.97213,0.0069471
0.4,0.2,10.0,700.0,20.0,0.97891,0.0076419
0.4,0.2,10.0,700.0,20.0,0.9857,0.0083366
0.4,0.2,10.0,700.0,20.0,0.99061,0.0090313
0.4,0.2,10.0,700.0,20.0,0.99508,0.009726
0.4,0.2,10.0,700.0,20.0,0.99937,0.010421
0.4,0.2,10.0,700.0,20.0,1.0033,0.011115
0.4,0.2,10.0,700.0,20.0,1.0075,0.01181
0.4,0.2,10.0,700.0,20.0,1.0125,0.012505
0.4,0.2,10.0,700.0,20.0,1.0176,0.0132
0.4,0.2,10.0,700.0,20.0,0.348,0.0013894
0.4,0.2,10.0,700.0,20.0,1.0229,0.013894
0.4,0.2,10.0,700.0,20.0,0.50783,0.0020841
0.4,0.2,10.0,700.0,20.0,0.64592,0.0027789
0.4,0.2,10.0,700.0,20.0,0.75214,0.0034736
0.4,0.2,10.0,700.0,20.0,0.83109,0.0041683
0.4,0.2,10.0,700.0,20.0,0.88979,0.004863
0.4,0.2,10.0,700.0,20.0,0.93229,0.0055577
0.4,0.2,10.0,700.0,20.0,0.95592,0.0062524
0.4,0.2,20.0,100.0,20.0,0.087518,0.0023984
0.4,0.2,20.0,100.0,20.0,0.7359,0.023984
0.4,0.2,20.0,100.0,20.0,0.77704,0.026383
0.4,0.2,20.0,100.0,20.0,0.81157,0.028781
0.4,0.2,20.0,100.0,20.0,0.84057,0.031179
0.4,0.2,20.0,100.0,20.0,0.86733,0.033578
0.4,0.2,20.0,100.0,20.0,0.88784,0.035976
0.4,0.2,20.0,100.0,20.0,0.90798,0.038375
0.4,0.2,20.0,100.0,20.0,0.92253,0.040773
0.4,0.2,20.0,100.0,20.0,0.93401,0.043172
0.4,0.2,20.0,100.0,20.0,0.9455,0.04557
0.4,0.2,20.0,100.0,20.0,0.17431,0.0047968
0.4,0.2,20.0,100.0,20.0,0.95699,0.047968
0.4,0.2,20.0,100.0,20.0,0.2596,0.0071953
0.4,0.2,20.0,100.0,20.0,0.34275,0.0095937
0.4,0.2,20.0,100.0,20.0,0.42279,0.011992
0.4,0.2,20.0,100.0,20.0,0.4992,0.014391
0.4,0.2,20.0,100.0,20.0,0.57051,0.016789
0.4,0.2,20.0,100.0,20.0,0.63419,0.019187
0.4,0.2,20.0,100.0,20.0,0.68889,0.021586
0.4,0.2,20.0,1000.0,20.0,0.22525,0.0006222
0.4,0.2,20.0,1000.0,20.0,0.97206,0.006222
0.4,0.2,20.0,1000.0,20.0,0.97631,0.0068441
0.4,0.2,20.0,1000.0,20.0,0.97945,0.0074663
0.4,0.2,20.0,1000.0,20.0,0.98258,0.0080885
0.4,0.2,20.0,1000.0,20.0,0.98532,0.0087107
0.4,0.2,20.0,1000.0,20.0,0.98786,0.0093329
0.4,0.2,20.0,1000.0,20.0,0.99028,0.0099551
0.4,0.2,20.0,1000.0,20.0,0.99243,0.010577
0.4,0.2,20.0,1000.0,20.0,0.99455,0.0112
0.4,0.2,20.0,1000.0,20.0,0.99644,0.011822
0.4,0.2,20.0,1000.0,20.0,0.43766,0.0012444
0.4,0.2,20.0,1000.0,20.0,0.99832,0.012444
0.4,0.2,20.0,1000.0,20.0,0.62119,0.0018666
0.4,0.2,20.0,1000.0,20.0,0.75248,0.0024888
0.4,0.2,20.0,1000.0,20.0,0.84059,0.003111
0.4,0.2,20.0,1000.0,20.0,0.9011,0.0037332
0.4,0.2,20.0,1000.0,20.0,0.93974,0.0043554
0.4,0.2,20.0,1000.0,20.0,0.95671,0.0049776
0.4,0.2,20.0,1000.0,20.0,0.96767,0.0055998
0.4,0.2,20.0,200.0,20.0,0.098549,0.0013505
0.4,0.2,20.0,200.0,20.0,0.78739,0.013505
0.4,0.2,20.0,200.0,20.0,0.82361,0.014855
0.4,0.2,20.0,200.0,20.0,0.85451,0.016206
0.4,0.2,20.0,200.0,20.0,0.88208,0.017556
0.4,0.2,20.0,200.0,20.0,0.90285,0.018907
0.4,0.2,20.0,200.0,20.0,0.92247,0.020257
0.4,0.2,20.0,200.0,20.0,0.93631,0.021608
0.4,0.2,20.0,200.0,20.0,0.94405,0.022958
0.4,0.2,20.0,200.0,20.0,0.95178,0.024309
0.4,0.2,20.0,200.0,20.0,0.95951,0.025659
0.4,0.2,20.0,200.0,20.0,0.19605,0.002701
0.4,0.2,20.0,200.0,20.0,0.96725,0.02701
0.4,0.2,20.0,200.0,20.0,0.29142,0.0040515
0.4,0.2,20.0,200.0,20.0,0.38358,0.005402
0.4,0.2,20.0,200.0,20.0,0.47152,0.0067524
0.4,0.2,20.0,200.0,20.0,0.55399,0.0081029
0.4,0.2,20.0,200.0,20.0,0.62706,0.0094534
0.4,0.2,20.0,200.0,20.0,0.69009,0.010804
0.4,0.2,20.0,200.0,20.0,0.74258,0.012154
0.4,0.2,20.0,300.0,20.0,0.10787,0.00098603
0.4,0.2,20.0,300.0,20.0,0.82183,0.0098603
0.4,0.2,20.0,300.0,20.0,0.8567,0.010846
0.4,0.2,20.0,300.0,20.0,0.88481,0.011832
0.4,0.2,20.0,300.0,20.0,0.90799,0.012818
0.4,0.2,20.0,300.0,20.0,0.92656,0.013804
0.4,0.2,20.0,300.0,20.0,0.94465,0.01479
0.4,0.2,20.0,300.0,20.0,0.95003,0.015776
0.4,0.2,20.0,300.0,20.0,0.9554,0.016762
0.4,0.2,20.0,300.0,20.0,0.96078,0.017749
0.4,0.2,20.0,300.0,20.0,0.96615,0.018735
0.4,0.2,20.0,300.0,20.0,0.21435,0.0019721
0.4,0.2,20.0,300.0,20.0,0.97153,0.019721
0.4,0.2,20.0,300.0,20.0,0.31806,0.0029581
0.4,0.2,20.0,300.0,20.0,0.41761,0.0039441
0.4,0.2,20.0,300.0,20.0,0.51171,0.0049301
0.4,0.2,20.0,300.0,20.0,0.59722,0.0059162
0.4,0.2,20.0,300.0,20.0,0.66973,0.0069022
0.4,0.2,20.0,300.0,20.0,0.73009,0.0078882
0.4,0.2,20.0,300.0,20.0,0.78048,0.0088743
0.4,0.2,20.0,500.0,20.0,0.16478,0.00090631
0.4,0.2,20.0,500.0,20.0,0.94537,0.0090631
0.4,0.2,20.0,500.0,20.0,0.96149,0.0099695
0.4,0.2,20.0,500.0,20.0,0.96626,0.010876
0.4,0.2,20.0,500.0,20.0,0.97035,0.011782
0.4,0.2,20.0,500.0,20.0,0.9743,0.012688
0.4,0.2,20.0,500.0,20.0,0.97688,0.013595
0.4,0.2,20.0,500.0,20.0,0.97946,0.014501
0.4,0.2,20.0,500.0,20.0,0.98202,0.015407
0.4,0.2,20.0,500.0,20.0,0.98406,0.016314
0.4,0.2,20.0,500.0,20.0,0.9861,0.01722
0.4,0.2,20.0,500.0,20.0,0.32466,0.0018126
0.4,0.2,20.0,500.0,20.0,0.98814,0.018126
0.4,0.2,20.0,500.0,20.0,0.47455,0.0027189
0.4,0.2,20.0,500.0,20.0,0.60727,0.0036253
0.4,0.2,20.0,500.0,20.0,0.71128,0.0045316
0.4,0.2,20.0,500.0,20.0,0.79023,0.0054379
0.4,0.2,20.0,500.0,20.0,0.84792,0.0063442
0.4,0.2,20.0,500.0,20.0,0.89212,0.0072505
0.4,0.2,20.0,500.0,20.0,0.92491,0.0081568
0.4,0.2,20.0,700.0,20.0,0.19478,0.0007667
0.4,0.2,20.0,700.0,20.0,0.96598,0.007667
0.4,0.2,20.0,700.0,20.0,0.97022,0.0084337
0.4,0.2,20.0,700.0,20.0,0.97445,0.0092004
0.4,0.2,20.0,700.0,20.0,0.97752,0.0099671
0.4,0.2,20.0,700.0,20.0,0.98042,0.010734
0.4,0.2,20.0,700.0,20.0,0.98322,0.0115
0.4,0.2,20.0,700.0,20.0,0.98554,0.012267
0.4,0.2,20.0,700.0,20.0,0.98785,0.013034
0.4,0.2,20.0,700.0,20.0,0.98996,0.013801
0.4,0.2,20.0,700.0,20.0,0.99189,0.014567
0.4,0.2,20.0,700.0,20.0,0.38133,0.0015334
0.4,0.2,20.0,700.0,20.0,0.99382,0.015334
0.4,0.2,20.0,700.0,20.0,0.55103,0.0023001
0.4,0.2,20.0,700.0,20.0,0.6869,0.0030668
0.4,0.2,20.0,700.0,20.0,0.78463,0.0038335
0.4,0.2,20.0,700.0,20.0,0.85311,0.0046002
0.4,0.2,20.0,700.0,20.0,0.90299,0.0053669
0.4,0.2,20.0,700.0,20.0,0.93724,0.0061336
0.4,0.2,20.0,700.0,20.0,0.9545,0.0069003
0.4,0.2,3.0,100.0,20.0,0.092348,0.0025311
0.4,0.2,3.0,100.0,20.0,0.81384,0.025311
0.4,0.2,3.0,100.0,20.0,0.86613,0.027842
0.4,0.2,3.0,100.0,20.0,0.90895,0.030373
0.4,0.2,3.0,100.0,20.0,0.94394,0.032904
0.4,0.2,3.0,100.0,20.0,0.97324,0.035436
0.4,0.2,3.0,100.0,20.0,0.99355,0.037967
0.4,0.2,3.0,100.0,20.0,1.0074,0.040498
0.4,0.2,3.0,100.0,20.0,1.0224,0.043029
0.4,0.2,3.0,100.0,20.0,1.0387,0.04556
0.4,0.2,3.0,100.0,20.0,1.0553,0.048091
0.4,0.2,3.0,100.0,20.0,0.1843,0.0050622
0.4,0.2,3.0,100.0,20.0,1.0717,0.050622
0.4,0.2,3.0,100.0,20.0,0.27519,0.0075933
0.4,0.2,3.0,100.0,20.0,0.36467,0.010124
0.4,0.2,3.0,100.0,20.0,0.45182,0.012656
0.4,0.2,3.0,100.0,20.0,0.53611,0.015187
0.4,0.2,3.0,100.0,20.0,0.61623,0.017718
0.4,0.2,3.0,100.0,20.0,0.68936,0.020249
0.4,0.2,3.0,100.0,20.0,0.75511,0.02278
0.4,0.2,3.0,1000.0,20.0,0.23243,0.00064014
0.4,0.2,3.0,1000.0,20.0,1.1542,0.0064014
0.4,0.2,3.0,1000.0,20.0,1.196,0.0070415
0.4,0.2,3.0,1000.0,20.0,1.2342,0.0076817
0.4,0.2,3.0,1000.0,20.0,1.2651,0.0083218
0.4,0.2,3.0,1000.0,20.0,1.295,0.0089619
0.4,0.2,3.0,1000.0,20.0,1.326,0.0096021
0.4,0.2,3.0,1000.0,20.0,1.3568,0.010242
0.4,0.2,3.0,1000.0,20.0,1.3866,0.010882
0.4,0.2,3.0,1000.0,20.0,1.4149,0.011522
0.4,0.2,3.0,1000.0,20.0,1.4396,0.012163
0.4,0.2,3.0,1000.0,20.0,0.45645,0.0012803
0.4,0.2,3.0,1000.0,20.0,1.4631,0.012803
0.4,0.2,3.0,1000.0,20.0,0.65853,0.0019204
0.4,0.2,3.0,1000.0,20.0,0.8179,0.0025606
0.4,0.2,3.0,1000.0,20.0,0.9305,0.0032007
0.4,0.2,3.0,1000.0,20.0,0.98333,0.0038408
0.4,0.2,3.0,1000.0,20.0,1.0257,0.004481
0.4,0.2,3.0,1000.0,20.0,1.0674,0.0051211
0.4,0.2,3.0,1000.0,20.0,1.1109,0.0057612
0.4,0.2,3.0,200.0,20.0,0.10622,0.0014561
0.4,0.2,3.0,200.0,20.0,0.88848,0.014561
0.4,0.2,3.0,200.0,20.0,0.93356,0.016017
0.4,0.2,3.0,200.0,20.0,0.96648,0.017474
0.4,0.2,3.0,200.0,20.0,0.99411,0.01893
0.4,0.2,3.0,200.0,20.0,1.0101,0.020386
0.4,0.2,3.0,200.0,20.0,1.0278,0.021842
0.4,0.2,3.0,200.0,20.0,1.0473,0.023298
0.4,0.2,3.0,200.0,20.0,1.0664,0.024754
0.4,0.2,3.0,200.0,20.0,1.0855,0.02621
0.4,0.2,3.0,200.0,20.0,1.1045,0.027667
0.4,0.2,3.0,200.0,20.0,0.21183,0.0029123
0.4,0.2,3.0,200.0,20.0,1.1224,0.029123
0.4,0.2,3.0,200.0,20.0,0.31577,0.0043684
0.4,0.2,3.0,200.0,20.0,0.41759,0.0058245
0.4,0.2,3.0,200.0,20.0,0.51587,0.0072807
0.4,0.2,3.0,200.0,20.0,0.60873,0.0087368
0.4,0.2,3.0,200.0,20.0,0.69364,0.010193
0.4,0.2,3.0,200.0,20.0,0.76848,0.011649
0.4,0.2,3.0,200.0,20.0,0.83375,0.013105
0.4,0.2,3.0,300.0,20.0,0.11638,0.0010638
0.4,0.2,3.0,300.0,20.0,0.9354,0.010638
0.4,0.2,3.0,300.0,20.0,0.9638,0.011702
0.4,0.2,3.0,300.0,20.0,0.99208,0.012766
0.4,0.2,3.0,300.0,20.0,1.0139,0.01383
0.4,0.2,3.0,300.0,20.0,1.0339,0.014894
0.4,0.2,3.0,300.0,20.0,1.056,0.015958
0.4,0.2,3.0,300.0,20.0,1.0777,0.017021
0.4,0.2,3.0,300.0,20.0,1.0976,0.018085
0.4,0.2,3.0,300.0,20.0,1.1179,0.019149
0.4,0.2,3.0,300.0,20.0,1.1382,0.020213
0.4,0.2,3.0,300.0,20.0,0.23192,0.0021277
0.4,0.2,3.0,300.0,20.0,1.1578,0.021277
0.4,0.2,3.0,300.0,20.0,0.34527,0.0031915
0.4,0.2,3.0,300.0,20.0,0.45573,0.0042554
0.4,0.2,3.0,300.0,20.0,0.56128,0.0053192
0.4,0.2,3.0,300.0,20.0,0.65844,0.006383
0.4,0.2,3.0,300.0,20.0,0.74438,0.0074469
0.4,0.2,3.0,300.0,20.0,0.8187,0.0085107
0.4,0.2,3.0,300.0,20.0,0.88144,0.0095746
0.4,0.2,3.0,500.0,20.0,0.16298,0.00089486
0.4,0.2,3.0,500.0,20.0,1.032,0.0089486
0.4,0.2,3.0,500.0,20.0,1.063,0.0098435
0.4,0.2,3.0,500.0,20.0,1.0943,0.010738
0.4,0.2,3.0,500.0,20.0,1.1241,0.011633
0.4,0.2,3.0,500.0,20.0,1.1499,0.012528
0.4,0.2,3.0,500.0,20.0,1.1761,0.013423
0.4,0.2,3.0,500.0,20.0,1.2025,0.014318
0.4,0.2,3.0,500.0,20.0,1.2282,0.015213
0.4,0.2,3.0,500.0,20.0,1.2521,0.016108
0.4,0.2,3.0,500.0,20.0,1.2738,0.017002
0.4,0.2,3.0,500.0,20.0,0.32323,0.0017897
0.4,0.2,3.0,500.0,20.0,1.2962,0.017897
0.4,0.2,3.0,500.0,20.0,0.47779,0.0026846
0.4,0.2,3.0,500.0,20.0,0.62153,0.0035795
0.4,0.2,3.0,500.0,20.0,0.74559,0.0044743
0.4,0.2,3.0,500.0,20.0,0.84575,0.0053692
0.4,0.2,3.0,500.0,20.0,0.92343,0.006264
0.4,0.2,3.0,500.0,20.0,0.97072,0.0071589
0.4,0.2,3.0,500.0,20.0,1.0043,0.0080538
0.4,0.2,3.0,700.0,20.0,0.20005,0.00078579
0.4,0.2,3.0,700.0,20.0,1.0998,0.0078579
0.4,0.2,3.0,700.0,20.0,1.1374,0.0086437
0.4,0.2,3.0,700.0,20.0,1.1727,0.0094295
0.4,0.2,3.0,700.0,20.0,1.2017,0.010215
0.4,0.2,3.0,700.0,20.0,1.2311,0.011001
0.4,0.2,3.0,700.0,20.0,1.261,0.011787
0.4,0.2,3.0,700.0,20.0,1.2903,0.012573
0.4,0.2,3.0,700.0,20.0,1.3178,0.013358
0.4,0.2,3.0,700.0,20.0,1.3419,0.014144
0.4,0.2,3.0,700.0,20.0,1.3661,0.01493
0.4,0.2,3.0,700.0,20.0,0.39492,0.0015716
0.4,0.2,3.0,700.0,20.0,1.3905,0.015716
0.4,0.2,3.0,700.0,20.0,0.5779,0.0023574
0.4,0.2,3.0,700.0,20.0,0.73575,0.0031432
0.4,0.2,3.0,700.0,20.0,0.85648,0.003929
0.4,0.2,3.0,700.0,20.0,0.9392,0.0047147
0.4,0.2,3.0,700.0,20.0,0.99536,0.0055005
0.4,0.2,3.0,700.0,20.0,1.0245,0.0062863
0.4,0.2,3.0,700.0,20.0,1.0617,0.0070721
0.4,0.2,4.0,100.0,20.0,0.095172,0.0026086
0.4,0.2,4.0,100.0,20.0,0.81391,0.026086
0.4,0.2,4.0,100.0,20.0,0.86146,0.028694
0.4,0.2,4.0,100.0,20.0,0.90115,0.031303
0.4,0.2,4.0,100.0,20.0,0.93293,0.033911
0.4,0.2,4.0,100.0,20.0,0.96215,0.03652
0.4,0.2,4.0,100.0,20.0,0.97618,0.039129
0.4,0.2,4.0,100.0,20.0,0.98809,0.041737
0.4,0.2,4.0,100.0,20.0,1.0,0.044346
0.4,0.2,4.0,100.0,20.0,1.0101,0.046954
0.4,0.2,4.0,100.0,20.0,1.02,0.049563
0.4,0.2,4.0,100.0,20.0,0.18975,0.0052171
0.4,0.2,4.0,100.0,20.0,1.0308,0.052171
0.4,0.2,4.0,100.0,20.0,0.28312,0.0078257
0.4,0.2,4.0,100.0,20.0,0.37431,0.010434
0.4,0.2,4.0,100.0,20.0,0.46289,0.013043
0.4,0.2,4.0,100.0,20.0,0.54759,0.015651
0.4,0.2,4.0,100.0,20.0,0.62673,0.01826
0.4,0.2,4.0,100.0,20.0,0.69719,0.020869
0.4,0.2,4.0,100.0,20.0,0.75932,0.023477
0.4,0.2,4.0,1000.0,20.0,0.24998,0.00069011
0.4,0.2,4.0,1000.0,20.0,1.0967,0.0069011
0.4,0.2,4.0,1000.0,20.0,1.1262,0.0075912
0.4,0.2,4.0,1000.0,20.0,1.1537,0.0082813
0.4,0.2,4.0,1000.0,20.0,1.1769,0.0089714
0.4,0.2,4.0,1000.0,20.0,1.1961,0.0096615
0.4,0.2,4.0,1000.0,20.0,1.2163,0.010352
0.4,0.2,4.0,1000.0,20.0,1.2369,0.011042
0.4,0.2,4.0,1000.0,20.0,1.2572,0.011732
0.4,0.2,4.0,1000.0,20.0,1.2767,0.012422
0.4,0.2,4.0,1000.0,20.0,1.2949,0.013112
0.4,0.2,4.0,1000.0,20.0,0.48801,0.0013802
0.4,0.2,4.0,1000.0,20.0,1.3109,0.013802
0.4,0.2,4.0,1000.0,20.0,0.69339,0.0020703
0.4,0.2,4.0,1000.0,20.0,0.83806,0.0027604
0.4,0.2,4.0,1000.0,20.0,0.92852,0.0034505
0.4,0.2,4.0,1000.0,20.0,0.988,0.0041407
0.4,0.2,4.0,1000.0,20.0,1.0098,0.0048308
0.4,0.2,4.0,1000.0,20.0,1.0367,0.0055209
0.4,0.2,4.0,1000.0,20.0,1.0667,0.006211
0.4,0.2,4.0,200.0,20.0,0.10618,0.0014555
0.4,0.2,4.0,200.0,20.0,0.86879,0.014555
0.4,0.2,4.0,200.0,20.0,0.9108,0.01601
0.4,0.2,4.0,200.0,20.0,0.94741,0.017466
0.4,0.2,4.0,200.0,20.0,0.96564,0.018921
0.4,0.2,4.0,200.0,20.0,0.98387,0.020377
0.4,0.2,4.0,200.0,20.0,0.99936,0.021832
0.4,0.2,4.0,200.0,20.0,1.0095,0.023288
0.4,0.2,4.0,200.0,20.0,1.0209,0.024743
0.4,0.2,4.0,200.0,20.0,1.0334,0.026199
0.4,0.2,4.0,200.0,20.0,1.0456,0.027654
0.4,0.2,4.0,200.0,20.0,0.2115,0.002911
0.4,0.2,4.0,200.0,20.0,1.0577,0.02911
0.4,0.2,4.0,200.0,20.0,0.31516,0.0043665
0.4,0.2,4.0,200.0,20.0,0.41585,0.0058219
0.4,0.2,4.0,200.0,20.0,0.51288,0.0072774
0.4,0.2,4.0,200.0,20.0,0.60342,0.0087329
0.4,0.2,4.0,200.0,20.0,0.68534,0.010188
0.4,0.2,4.0,200.0,20.0,0.75649,0.011644
0.4,0.2,4.0,200.0,20.0,0.81805,0.013099
0.4,0.2,4.0,300.0,20.0,0.11446,0.0010463
0.4,0.2,4.0,300.0,20.0,0.9022,0.010463
0.4,0.2,4.0,300.0,20.0,0.94391,0.011509
0.4,0.2,4.0,300.0,20.0,0.96414,0.012555
0.4,0.2,4.0,300.0,20.0,0.98239,0.013602
0.4,0.2,4.0,300.0,20.0,0.99988,0.014648
0.4,0.2,4.0,300.0,20.0,1.0112,0.015694
0.4,0.2,4.0,300.0,20.0,1.0237,0.01674
0.4,0.2,4.0,300.0,20.0,1.0377,0.017787
0.4,0.2,4.0,300.0,20.0,1.0514,0.018833
0.4,0.2,4.0,300.0,20.0,1.0643,0.019879
0.4,0.2,4.0,300.0,20.0,0.22784,0.0020926
0.4,0.2,4.0,300.0,20.0,1.0765,0.020926
0.4,0.2,4.0,300.0,20.0,0.33913,0.0031388
0.4,0.2,4.0,300.0,20.0,0.44663,0.0041851
0.4,0.2,4.0,300.0,20.0,0.54942,0.0052314
0.4,0.2,4.0,300.0,20.0,0.64292,0.0062777
0.4,0.2,4.0,300.0,20.0,0.72504,0.0073239
0.4,0.2,4.0,300.0,20.0,0.79548,0.0083702
0.4,0.2,4.0,300.0,20.0,0.85392,0.0094165
0.4,0.2,4.0,500.0,20.0,0.16256,0.00089295
0.4,0.2,4.0,500.0,20.0,1.0003,0.0089295
0.4,0.2,4.0,500.0,20.0,1.0169,0.0098225
0.4,0.2,4.0,500.0,20.0,1.0366,0.010715
0.4,0.2,4.0,500.0,20.0,1.0568,0.011608
0.4,0.2,4.0,500.0,20.0,1.0765,0.012501
0.4,0.2,4.0,500.0,20.0,1.0946,0.013394
0.4,0.2,4.0,500.0,20.0,1.1104,0.014287
0.4,0.2,4.0,500.0,20.0,1.1267,0.01518
0.4,0.2,4.0,500.0,20.0,1.1433,0.016073
0.4,0.2,4.0,500.0,20.0,1.1593,0.016966
0.4,0.2,4.0,500.0,20.0,0.32206,0.0017859
0.4,0.2,4.0,500.0,20.0,1.1746,0.017859
0.4,0.2,4.0,500.0,20.0,0.47463,0.0026789
0.4,0.2,4.0,500.0,20.0,0.61512,0.0035718
0.4,0.2,4.0,500.0,20.0,0.73332,0.0044648
0.4,0.2,4.0,500.0,20.0,0.82922,0.0053577
0.4,0.2,4.0,500.0,20.0,0.90152,0.0062507
0.4,0.2,4.0,500.0,20.0,0.95545,0.0071436
0.4,0.2,4.0,500.0,20.0,0.97913,0.0080366
0.4,0.2,4.0,700.0,20.0,0.20152,0.00079222
0.4,0.2,4.0,700.0,20.0,1.0421,0.0079222
0.4,0.2,4.0,700.0,20.0,1.067,0.0087144
0.4,0.2,4.0,700.0,20.0,1.0915,0.0095066
0.4,0.2,4.0,700.0,20.0,1.1148,0.010299
0.4,0.2,4.0,700.0,20.0,1.1348,0.011091
0.4,0.2,4.0,700.0,20.0,1.1521,0.011883
0.4,0.2,4.0,700.0,20.0,1.1708,0.012676
0.4,0.2,4.0,700.0,20.0,1.1895,0.013468
0.4,0.2,4.0,700.0,20.0,1.2077,0.01426
0.4,0.2,4.0,700.0,20.0,1.2247,0.015052
0.4,0.2,4.0,700.0,20.0,0.39707,0.0015844
0.4,0.2,4.0,700.0,20.0,1.24,0.015844
0.4,0.2,4.0,700.0,20.0,0.57815,0.0023767
0.4,0.2,4.0,700.0,20.0,0.72983,0.0031689
0.4,0.2,4.0,700.0,20.0,0.84339,0.0039611
0.4,0.2,4.0,700.0,20.0,0.92456,0.0047533
0.4,0.2,4.0,700.0,20.0,0.96877,0.0055455
0.4,0.2,4.0,700.0,20.0,0.9956,0.0063378
0.4,0.2,4.0,700.0,20.0,1.0183,0.00713
0.4,0.2,6.0,100.0,20.0,0.10352,0.0028373
0.4,0.2,6.0,100.0,20.0,0.83583,0.028373
0.4,0.2,6.0,100.0,20.0,0.87567,0.031211
0.4,0.2,6.0,100.0,20.0,0.90956,0.034048
0.4,0.2,6.0,100.0,20.0,0.93742,0.036885
0.4,0.2,6.0,100.0,20.0,0.95641,0.039723
0.4,0.2,6.0,100.0,20.0,0.96812,0.04256
0.4,0.2,6.0,100.0,20.0,0.97982,0.045397
0.4,0.2,6.0,100.0,20.0,0.98984,0.048235
0.4,0.2,6.0,100.0,20.0,0.99507,0.051072
0.4,0.2,6.0,100.0,20.0,1.0003,0.053909
0.4,0.2,6.0,100.0,20.0,0.20608,0.0056747
0.4,0.2,6.0,100.0,20.0,1.0055,0.056747
0.4,0.2,6.0,100.0,20.0,0.30665,0.008512
0.4,0.2,6.0,100.0,20.0,0.40413,0.011349
0.4,0.2,6.0,100.0,20.0,0.4975,0.014187
0.4,0.2,6.0,100.0,20.0,0.58523,0.017024
0.4,0.2,6.0,100.0,20.0,0.66258,0.019861
0.4,0.2,6.0,100.0,20.0,0.72969,0.022699
0.4,0.2,6.0,100.0,20.0,0.78733,0.025536
0.4,0.2,6.0,1000.0,20.0,0.26749,0.00073991
0.4,0.2,6.0,1000.0,20.0,1.0388,0.0073991
0.4,0.2,6.0,1000.0,20.0,1.0562,0.0081391
0.4,0.2,6.0,1000.0,20.0,1.0732,0.008879
0.4,0.2,6.0,1000.0,20.0,1.0891,0.0096189
0.4,0.2,6.0,1000.0,20.0,1.1031,0.010359
0.4,0.2,6.0,1000.0,20.0,1.1147,0.011099
0.4,0.2,6.0,1000.0,20.0,1.1249,0.011839
0.4,0.2,6.0,1000.0,20.0,1.1356,0.012579
0.4,0.2,6.0,1000.0,20.0,1.1468,0.013318
0.4,0.2,6.0,1000.0,20.0,1.1578,0.014058
0.4,0.2,6.0,1000.0,20.0,0.51729,0.0014798
0.4,0.2,6.0,1000.0,20.0,1.1684,0.014798
0.4,0.2,6.0,1000.0,20.0,0.71776,0.0022197
0.4,0.2,6.0,1000.0,20.0,0.85217,0.0029597
0.4,0.2,6.0,1000.0,20.0,0.93446,0.0036996
0.4,0.2,6.0,1000.0,20.0,0.96988,0.0044395
0.4,0.2,6.0,1000.0,20.0,0.98936,0.0051794
0.4,0.2,6.0,1000.0,20.0,1.0065,0.0059193
0.4,0.2,6.0,1000.0,20.0,1.0215,0.0066592
0.4,0.2,6.0,200.0,20.0,0.11316,0.0015512
0.4,0.2,6.0,200.0,20.0,0.87401,0.015512
0.4,0.2,6.0,200.0,20.0,0.91179,0.017063
0.4,0.2,6.0,200.0,20.0,0.94006,0.018614
0.4,0.2,6.0,200.0,20.0,0.96272,0.020165
0.4,0.2,6.0,200.0,20.0,0.97261,0.021716
0.4,0.2,6.0,200.0,20.0,0.9825,0.023267
0.4,0.2,6.0,200.0,20.0,0.9924,0.024819
0.4,0.2,6.0,200.0,20.0,0.99905,0.02637
0.4,0.2,6.0,200.0,20.0,1.0047,0.027921
0.4,0.2,6.0,200.0,20.0,1.0108,0.029472
0.4,0.2,6.0,200.0,20.0,0.22507,0.0031023
0.4,0.2,6.0,200.0,20.0,1.0176,0.031023
0.4,0.2,6.0,200.0,20.0,0.33441,0.0046535
0.4,0.2,6.0,200.0,20.0,0.43974,0.0062046
0.4,0.2,6.0,200.0,20.0,0.53951,0.0077558
0.4,0.2,6.0,200.0,20.0,0.63034,0.009307
0.4,0.2,6.0,200.0,20.0,0.70795,0.010858
0.4,0.2,6.0,200.0,20.0,0.77387,0.012409
0.4,0.2,6.0,200.0,20.0,0.829,0.01396
0.4,0.2,6.0,300.0,20.0,0.11917,0.0010892
0.4,0.2,6.0,300.0,20.0,0.89592,0.010892
0.4,0.2,6.0,300.0,20.0,0.92942,0.011981
0.4,0.2,6.0,300.0,20.0,0.95395,0.01307
0.4,0.2,6.0,300.0,20.0,0.96709,0.014159
0.4,0.2,6.0,300.0,20.0,0.98023,0.015248
0.4,0.2,6.0,300.0,20.0,0.99177,0.016337
0.4,0.2,6.0,300.0,20.0,0.99776,0.017427
0.4,0.2,6.0,300.0,20.0,1.0037,0.018516
0.4,0.2,6.0,300.0,20.0,1.0103,0.019605
0.4,0.2,6.0,300.0,20.0,1.0177,0.020694
0.4,0.2,6.0,300.0,20.0,0.23687,0.0021783
0.4,0.2,6.0,300.0,20.0,1.0254,0.021783
0.4,0.2,6.0,300.0,20.0,0.35155,0.0032675
0.4,0.2,6.0,300.0,20.0,0.46157,0.0043567
0.4,0.2,6.0,300.0,20.0,0.56473,0.0054458
0.4,0.2,6.0,300.0,20.0,0.65717,0.006535
0.4,0.2,6.0,300.0,20.0,0.73397,0.0076242
0.4,0.2,6.0,300.0,20.0,0.79861,0.0087133
0.4,0.2,6.0,300.0,20.0,0.85189,0.0098025
0.4,0.2,6.0,500.0,20.0,0.17464,0.00096011
0.4,0.2,6.0,500.0,20.0,0.98698,0.0096011
0.4,0.2,6.0,500.0,20.0,0.99814,0.010561
0.4,0.2,6.0,500.0,20.0,1.0065,0.011521
0.4,0.2,6.0,500.0,20.0,1.0172,0.012481
0.4,0.2,6.0,500.0,20.0,1.0287,0.013442
0.4,0.2,6.0,500.0,20.0,1.0403,0.014402
0.4,0.2,6.0,500.0,20.0,1.0512,0.015362
0.4,0.2,6.0,500.0,20.0,1.0609,0.016322
0.4,0.2,6.0,500.0,20.0,1.0699,0.017282
0.4,0.2,6.0,500.0,20.0,1.0788,0.018242
0.4,0.2,6.0,500.0,20.0,0.34459,0.0019202
0.4,0.2,6.0,500.0,20.0,1.088,0.019202
0.4,0.2,6.0,500.0,20.0,0.50487,0.0028803
0.4,0.2,6.0,500.0,20.0,0.64588,0.0038404
0.4,0.2,6.0,500.0,20.0,0.7576,0.0048005
0.4,0.2,6.0,500.0,20.0,0.84415,0.0057607
0.4,0.2,6.0,500.0,20.0,0.9065,0.0067208
0.4,0.2,6.0,500.0,20.0,0.95156,0.0076809
0.4,0.2,6.0,500.0,20.0,0.97088,0.008641
0.4,0.2,6.0,700.0,20.0,0.21805,0.00085843
0.4,0.2,6.0,700.0,20.0,1.0104,0.0085843
0.4,0.2,6.0,700.0,20.0,1.0239,0.0094428
0.4,0.2,6.0,700.0,20.0,1.0385,0.010301
0.4,0.2,6.0,700.0,20.0,1.0528,0.01116
0.4,0.2,6.0,700.0,20.0,1.0663,0.012018
0.4,0.2,6.0,700.0,20.0,1.0783,0.012876
0.4,0.2,6.0,700.0,20.0,1.0887,0.013735
0.4,0.2,6.0,700.0,20.0,1.0983,0.014593
0.4,0.2,6.0,700.0,20.0,1.1086,0.015452
0.4,0.2,6.0,700.0,20.0,1.119,0.01631
0.4,0.2,6.0,700.0,20.0,0.42683,0.0017169
0.4,0.2,6.0,700.0,20.0,1.129,0.017169
0.4,0.2,6.0,700.0,20.0,0.61364,0.0025753
0.4,0.2,6.0,700.0,20.0,0.75778,0.0034337
0.4,0.2,6.0,700.0,20.0,0.86035,0.0042922
0.4,0.2,6.0,700.0,20.0,0.92726,0.0051506
0.4,0.2,6.0,700.0,20.0,0.96607,0.006009
0.4,0.2,6.0,700.0,20.0,0.9872,0.0068675
0.4,0.2,6.0,700.0,20.0,0.99854,0.0077259
0.4,0.4,10.0,100.0,10.0,0.077211,0.0016306
0.4,0.4,10.0,100.0,10.0,0.72474,0.016306
0.4,0.4,10.0,100.0,10.0,0.77945,0.017937
0.4,0.4,10.0,100.0,10.0,0.82655,0.019567
0.4,0.4,10.0,100.0,10.0,0.86596,0.021198
0.4,0.4,10.0,100.0,10.0,0.89959,0.022828
0.4,0.4,10.0,100.0,10.0,0.92172,0.024459
0.4,0.4,10.0,100.0,10.0,0.94353,0.02609
0.4,0.4,10.0,100.0,10.0,0.95346,0.02772
0.4,0.4,10.0,100.0,10.0,0.96132,0.029351
0.4,0.4,10.0,100.0,10.0,0.96918,0.030981
0.4,0.4,10.0,100.0,10.0,0.15431,0.0032612
0.4,0.4,10.0,100.0,10.0,0.97703,0.032612
0.4,0.4,10.0,100.0,10.0,0.23086,0.0048918
0.4,0.4,10.0,100.0,10.0,0.30673,0.0065224
0.4,0.4,10.0,100.0,10.0,0.38154,0.008153
0.4,0.4,10.0,100.0,10.0,0.45512,0.0097836
0.4,0.4,10.0,100.0,10.0,0.52688,0.011414
0.4,0.4,10.0,100.0,10.0,0.59662,0.013045
0.4,0.4,10.0,100.0,10.0,0.66323,0.014675
0.4,0.4,10.0,1000.0,10.0,0.18354,0.0003882
0.4,0.4,10.0,1000.0,10.0,0.9867,0.003882
0.4,0.4,10.0,1000.0,10.0,0.9935,0.0042702
0.4,0.4,10.0,1000.0,10.0,0.99901,0.0046584
0.4,0.4,10.0,1000.0,10.0,1.0045,0.0050466
0.4,0.4,10.0,1000.0,10.0,1.0105,0.0054348
0.4,0.4,10.0,1000.0,10.0,1.0174,0.005823
0.4,0.4,10.0,1000.0,10.0,1.0245,0.0062112
0.4,0.4,10.0,1000.0,10.0,1.0316,0.0065994
0.4,0.4,10.0,1000.0,10.0,1.0384,0.0069876
0.4,0.4,10.0,1000.0,10.0,1.0446,0.0073758
0.4,0.4,10.0,1000.0,10.0,0.36379,0.0007764
0.4,0.4,10.0,1000.0,10.0,1.0502,0.007764
0.4,0.4,10.0,1000.0,10.0,0.53705,0.0011646
0.4,0.4,10.0,1000.0,10.0,0.69631,0.0015528
0.4,0.4,10.0,1000.0,10.0,0.82313,0.001941
0.4,0.4,10.0,1000.0,10.0,0.90304,0.0023292
0.4,0.4,10.0,1000.0,10.0,0.94605,0.0027174
0.4,0.4,10.0,1000.0,10.0,0.96658,0.0031056
0.4,0.4,10.0,1000.0,10.0,0.97935,0.0034938
0.4,0.4,10.0,200.0,10.0,0.091866,0.00097006
0.4,0.4,10.0,200.0,10.0,0.82286,0.0097006
0.4,0.4,10.0,200.0,10.0,0.86951,0.010671
0.4,0.4,10.0,200.0,10.0,0.90489,0.011641
0.4,0.4,10.0,200.0,10.0,0.93488,0.012611
0.4,0.4,10.0,200.0,10.0,0.94786,0.013581
0.4,0.4,10.0,200.0,10.0,0.96039,0.014551
0.4,0.4,10.0,200.0,10.0,0.97285,0.015521
0.4,0.4,10.0,200.0,10.0,0.9772,0.016491
0.4,0.4,10.0,200.0,10.0,0.98154,0.017461
0.4,0.4,10.0,200.0,10.0,0.98588,0.018431
0.4,0.4,10.0,200.0,10.0,0.18343,0.0019401
0.4,0.4,10.0,200.0,10.0,0.99022,0.019401
0.4,0.4,10.0,200.0,10.0,0.27416,0.0029102
0.4,0.4,10.0,200.0,10.0,0.36369,0.0038802
0.4,0.4,10.0,200.0,10.0,0.4514,0.0048503
0.4,0.4,10.0,200.0,10.0,0.53682,0.0058203
0.4,0.4,10.0,200.0,10.0,0.61908,0.0067904
0.4,0.4,10.0,200.0,10.0,0.69608,0.0077604
0.4,0.4,10.0,200.0,10.0,0.76458,0.0087305
0.4,0.4,10.0,300.0,10.0,0.11813,0.00083164
0.4,0.4,10.0,300.0,10.0,0.92964,0.0083164
0.4,0.4,10.0,300.0,10.0,0.95342,0.009148
0.4,0.4,10.0,300.0,10.0,0.96694,0.0099797
0.4,0.4,10.0,300.0,10.0,0.97608,0.010811
0.4,0.4,10.0,300.0,10.0,0.982,0.011643
0.4,0.4,10.0,300.0,10.0,0.98746,0.012475
0.4,0.4,10.0,300.0,10.0,0.99186,0.013306
0.4,0.4,10.0,300.0,10.0,0.99616,0.014138
0.4,0.4,10.0,300.0,10.0,0.99988,0.014969
0.4,0.4,10.0,300.0,10.0,1.0036,0.015801
0.4,0.4,10.0,300.0,10.0,0.23546,0.0016633
0.4,0.4,10.0,300.0,10.0,1.0072,0.016633
0.4,0.4,10.0,300.0,10.0,0.35105,0.0024949
0.4,0.4,10.0,300.0,10.0,0.46392,0.0033266
0.4,0.4,10.0,300.0,10.0,0.57277,0.0041582
0.4,0.4,10.0,300.0,10.0,0.67517,0.0049898
0.4,0.4,10.0,300.0,10.0,0.76543,0.0058215
0.4,0.4,10.0,300.0,10.0,0.83849,0.0066531
0.4,0.4,10.0,300.0,10.0,0.89209,0.0074847
0.4,0.4,10.0,500.0,10.0,0.13698,0.00057877
0.4,0.4,10.0,500.0,10.0,0.96018,0.0057877
0.4,0.4,10.0,500.0,10.0,0.97435,0.0063665
0.4,0.4,10.0,500.0,10.0,0.98077,0.0069452
0.4,0.4,10.0,500.0,10.0,0.98703,0.007524
0.4,0.4,10.0,500.0,10.0,0.99219,0.0081028
0.4,0.4,10.0,500.0,10.0,0.99695,0.0086816
0.4,0.4,10.0,500.0,10.0,1.0013,0.0092603
0.4,0.4,10.0,500.0,10.0,1.0055,0.0098391
0.4,0.4,10.0,500.0,10.0,1.0102,0.010418
0.4,0.4,10.0,500.0,10.0,1.0152,0.010997
0.4,0.4,10.0,500.0,10.0,0.27265,0.0011575
0.4,0.4,10.0,500.0,10.0,1.0202,0.011575
0.4,0.4,10.0,500.0,10.0,0.40557,0.0017363
0.4,0.4,10.0,500.0,10.0,0.53404,0.0023151
0.4,0.4,10.0,500.0,10.0,0.65542,0.0028939
0.4,0.4,10.0,500.0,10.0,0.76157,0.0034726
0.4,0.4,10.0,500.0,10.0,0.84481,0.0040514
0.4,0.4,10.0,500.0,10.0,0.90484,0.0046302
0.4,0.4,10.0,500.0,10.0,0.94264,0.0052089
0.4,0.4,10.0,700.0,10.0,0.15483,0.00046746
0.4,0.4,10.0,700.0,10.0,0.97506,0.0046746
0.4,0.4,10.0,700.0,10.0,0.98278,0.0051421
0.4,0.4,10.0,700.0,10.0,0.98911,0.0056096
0.4,0.4,10.0,700.0,10.0,0.99453,0.006077
0.4,0.4,10.0,700.0,10.0,0.99956,0.0065445
0.4,0.4,10.0,700.0,10.0,1.0042,0.007012
0.4,0.4,10.0,700.0,10.0,1.0093,0.0074794
0.4,0.4,10.0,700.0,10.0,1.0151,0.0079469
0.4,0.4,10.0,700.0,10.0,1.0211,0.0084144
0.4,0.4,10.0,700.0,10.0,1.0269,0.0088818
0.4,0.4,10.0,700.0,10.0,0.30773,0.00093493
0.4,0.4,10.0,700.0,10.0,1.0324,0.0093493
0.4,0.4,10.0,700.0,10.0,0.45659,0.0014024
0.4,0.4,10.0,700.0,10.0,0.5986,0.0018699
0.4,0.4,10.0,700.0,10.0,0.72713,0.0023373
0.4,0.4,10.0,700.0,10.0,0.82923,0.0028048
0.4,0.4,10.0,700.0,10.0,0.89866,0.0032723
0.4,0.4,10.0,700.0,10.0,0.94012,0.0037397
0.4,0.4,10.0,700.0,10.0,0.96495,0.0042072
0.4,0.4,20.0,100.0,10.0,0.068876,0.0014546
0.4,0.4,20.0,100.0,10.0,0.65543,0.014546
0.4,0.4,20.0,100.0,10.0,0.7102,0.016
0.4,0.4,20.0,100.0,10.0,0.7595,0.017455
0.4,0.4,20.0,100.0,10.0,0.80235,0.01891
0.4,0.4,20.0,100.0,10.0,0.83899,0.020364
0.4,0.4,20.0,100.0,10.0,0.87094,0.021819
0.4,0.4,20.0,100.0,10.0,0.89443,0.023273
0.4,0.4,20.0,100.0,10.0,0.91613,0.024728
0.4,0.4,20.0,100.0,10.0,0.92898,0.026183
0.4,0.4,20.0,100.0,10.0,0.94183,0.027637
0.4,0.4,20.0,100.0,10.0,0.13769,0.0029092
0.4,0.4,20.0,100.0,10.0,0.95468,0.029092
0.4,0.4,20.0,100.0,10.0,0.20608,0.0043638
0.4,0.4,20.0,100.0,10.0,0.2739,0.0058183
0.4,0.4,20.0,100.0,10.0,0.341,0.0072729
0.4,0.4,20.0,100.0,10.0,0.40702,0.0087275
0.4,0.4,20.0,100.0,10.0,0.4719,0.010182
0.4,0.4,20.0,100.0,10.0,0.53528,0.011637
0.4,0.4,20.0,100.0,10.0,0.59656,0.013091
0.4,0.4,20.0,1000.0,10.0,0.19426,0.00041116
0.4,0.4,20.0,1000.0,10.0,0.97531,0.0041116
0.4,0.4,20.0,1000.0,10.0,0.97927,0.0045228
0.4,0.4,20.0,1000.0,10.0,0.98299,0.0049339
0.4,0.4,20.0,1000.0,10.0,0.9862,0.0053451
0.4,0.4,20.0,1000.0,10.0,0.98922,0.0057563
0.4,0.4,20.0,1000.0,10.0,0.99194,0.0061674
0.4,0.4,20.0,1000.0,10.0,0.99447,0.0065786
0.4,0.4,20.0,1000.0,10.0,0.99686,0.0069897
0.4,0.4,20.0,1000.0,10.0,0.99903,0.0074009
0.4,0.4,20.0,1000.0,10.0,1.0011,0.0078121
0.4,0.4,20.0,1000.0,10.0,0.38431,0.00082232
0.4,0.4,20.0,1000.0,10.0,1.0032,0.0082232
0.4,0.4,20.0,1000.0,10.0,0.56503,0.0012335
0.4,0.4,20.0,1000.0,10.0,0.72637,0.0016446
0.4,0.4,20.0,1000.0,10.0,0.84398,0.0020558
0.4,0.4,20.0,1000.0,10.0,0.91352,0.002467
0.4,0.4,20.0,1000.0,10.0,0.94713,0.0028781
0.4,0.4,20.0,1000.0,10.0,0.96471,0.0032893
0.4,0.4,20.0,1000.0,10.0,0.9702,0.0037005
0.4,0.4,20.0,200.0,10.0,0.10316,0.0010893
0.4,0.4,20.0,200.0,10.0,0.87107,0.010893
0.4,0.4,20.0,200.0,10.0,0.90694,0.011982
0.4,0.4,20.0,200.0,10.0,0.93231,0.013072
0.4,0.4,20.0,200.0,10.0,0.94728,0.014161
0.4,0.4,20.0,200.0,10.0,0.95954,0.01525
0.4,0.4,20.0,200.0,10.0,0.96496,0.01634
0.4,0.4,20.0,200.0,10.0,0.96858,0.017429
0.4,0.4,20.0,200.0,10.0,0.97219,0.018518
0.4,0.4,20.0,200.0,10.0,0.97467,0.019608
0.4,0.4,20.0,200.0,10.0,0.97711,0.020697
0.4,0.4,20.0,200.0,10.0,0.20579,0.0021786
0.4,0.4,20.0,200.0,10.0,0.97955,0.021786
0.4,0.4,20.0,200.0,10.0,0.30712,0.0032679
0.4,0.4,20.0,200.0,10.0,0.4065,0.0043572
0.4,0.4,20.0,200.0,10.0,0.50314,0.0054465
0.4,0.4,20.0,200.0,10.0,0.59597,0.0065358
0.4,0.4,20.0,200.0,10.0,0.68284,0.0076251
0.4,0.4,20.0,200.0,10.0,0.75908,0.0087145
0.4,0.4,20.0,200.0,10.0,0.82145,0.0098038
0.4,0.4,20.0,300.0,10.0,0.1287,0.00090625
0.4,0.4,20.0,300.0,10.0,0.94026,0.0090625
0.4,0.4,20.0,300.0,10.0,0.9553,0.0099687
0.4,0.4,20.0,300.0,10.0,0.96351,0.010875
0.4,0.4,20.0,300.0,10.0,0.96953,0.011781
0.4,0.4,20.0,300.0,10.0,0.97306,0.012687
0.4,0.4,20.0,300.0,10.0,0.97659,0.013594
0.4,0.4,20.0,300.0,10.0,0.97923,0.0145
0.4,0.4,20.0,300.0,10.0,0.98186,0.015406
0.4,0.4,20.0,300.0,10.0,0.98425,0.016312
0.4,0.4,20.0,300.0,10.0,0.98638,0.017219
0.4,0.4,20.0,300.0,10.0,0.25624,0.0018125
0.4,0.4,20.0,300.0,10.0,0.98851,0.018125
0.4,0.4,20.0,300.0,10.0,0.38126,0.0027187
0.4,0.4,20.0,300.0,10.0,0.50236,0.003625
0.4,0.4,20.0,300.0,10.0,0.61744,0.0045312
0.4,0.4,20.0,300.0,10.0,0.72155,0.0054375
0.4,0.4,20.0,300.0,10.0,0.80652,0.0063437
0.4,0.4,20.0,300.0,10.0,0.86941,0.00725
0.4,0.4,20.0,300.0,10.0,0.91328,0.0081562
0.4,0.4,20.0,500.0,10.0,0.15825,0.00066903
0.4,0.4,20.0,500.0,10.0,0.96611,0.0066903
0.4,0.4,20.0,500.0,10.0,0.97102,0.0073594
0.4,0.4,20.0,500.0,10.0,0.97539,0.0080284
0.4,0.4,20.0,500.0,10.0,0.97887,0.0086974
0.4,0.4,20.0,500.0,10.0,0.98221,0.0093665
0.4,0.4,20.0,500.0,10.0,0.98497,0.010036
0.4,0.4,20.0,500.0,10.0,0.98772,0.010705
0.4,0.4,20.0,500.0,10.0,0.98999,0.011374
0.4,0.4,20.0,500.0,10.0,0.99226,0.012043
0.4,0.4,20.0,500.0,10.0,0.99423,0.012712
0.4,0.4,20.0,500.0,10.0,0.31426,0.0013381
0.4,0.4,20.0,500.0,10.0,0.9962,0.013381
0.4,0.4,20.0,500.0,10.0,0.4655,0.0020071
0.4,0.4,20.0,500.0,10.0,0.60867,0.0026761
0.4,0.4,20.0,500.0,10.0,0.73587,0.0033452
0.4,0.4,20.0,500.0,10.0,0.83304,0.0040142
0.4,0.4,20.0,500.0,10.0,0.89856,0.0046832
0.4,0.4,20.0,500.0,10.0,0.93847,0.0053523
0.4,0.4,20.0,500.0,10.0,0.95516,0.0060213
0.4,0.4,20.0,700.0,10.0,0.17625,0.00053257
0.4,0.4,20.0,700.0,10.0,0.97126,0.0053257
0.4,0.4,20.0,700.0,10.0,0.97584,0.0058583
0.4,0.4,20.0,700.0,10.0,0.97963,0.0063909
0.4,0.4,20.0,700.0,10.0,0.98308,0.0069234
0.4,0.4,20.0,700.0,10.0,0.98612,0.007456
0.4,0.4,20.0,700.0,10.0,0.98894,0.0079886
0.4,0.4,20.0,700.0,10.0,0.99148,0.0085211
0.4,0.4,20.0,700.0,10.0,0.99383,0.0090537
0.4,0.4,20.0,700.0,10.0,0.99602,0.0095863
0.4,0.4,20.0,700.0,10.0,0.99802,0.010119
0.4,0.4,20.0,700.0,10.0,0.34935,0.0010651
0.4,0.4,20.0,700.0,10.0,0.99995,0.010651
0.4,0.4,20.0,700.0,10.0,0.51576,0.0015977
0.4,0.4,20.0,700.0,10.0,0.6699,0.0021303
0.4,0.4,20.0,700.0,10.0,0.79513,0.0026629
0.4,0.4,20.0,700.0,10.0,0.88012,0.0031954
0.4,0.4,20.0,700.0,10.0,0.93143,0.003728
0.4,0.4,20.0,700.0,10.0,0.95328,0.0042606
0.4,0.4,20.0,700.0,10.0,0.96592,0.0047931
0.4,0.4,3.0,100.0,10.0,0.082412,0.0017405
0.4,0.4,3.0,100.0,10.0,0.78236,0.017405
0.4,0.4,3.0,100.0,10.0,0.84264,0.019145
0.4,0.4,3.0,100.0,10.0,0.89395,0.020886
0.4,0.4,3.0,100.0,10.0,0.93555,0.022626
0.4,0.4,3.0,100.0,10.0,0.96579,0.024367
0.4,0.4,3.0,100.0,10.0,0.989,0.026107
0.4,0.4,3.0,100.0,10.0,1.0036,0.027848
0.4,0.4,3.0,100.0,10.0,1.0189,0.029588
0.4,0.4,3.0,100.0,10.0,1.0358,0.031329
0.4,0.4,3.0,100.0,10.0,1.0532,0.033069
0.4,0.4,3.0,100.0,10.0,0.16472,0.003481
0.4,0.4,3.0,100.0,10.0,1.0703,0.03481
0.4,0.4,3.0,100.0,10.0,0.24667,0.0052215
0.4,0.4,3.0,100.0,10.0,0.32802,0.0069619
0.4,0.4,3.0,100.0,10.0,0.40862,0.0087024
0.4,0.4,3.0,100.0,10.0,0.48823,0.010443
0.4,0.4,3.0,100.0,10.0,0.56627,0.012183
0.4,0.4,3.0,100.0,10.0,0.6422,0.013924
0.4,0.4,3.0,100.0,10.0,0.71489,0.015664
0.4,0.4,3.0,1000.0,10.0,0.24174,0.00051167
0.4,0.4,3.0,1000.0,10.0,1.2197,0.0051167
0.4,0.4,3.0,1000.0,10.0,1.2578,0.0056283
0.4,0.4,3.0,1000.0,10.0,1.2924,0.00614
0.4,0.4,3.0,1000.0,10.0,1.3287,0.0066517
0.4,0.4,3.0,1000.0,10.0,1.3645,0.0071633
0.4,0.4,3.0,1000.0,10.0,1.3984,0.007675
0.4,0.4,3.0,1000.0,10.0,1.4292,0.0081867
0.4,0.4,3.0,1000.0,10.0,1.4563,0.0086983
0.4,0.4,3.0,1000.0,10.0,1.4848,0.00921
0.4,0.4,3.0,1000.0,10.0,1.513,0.0097217
0.4,0.4,3.0,1000.0,10.0,0.47847,0.0010233
0.4,0.4,3.0,1000.0,10.0,1.5406,0.010233
0.4,0.4,3.0,1000.0,10.0,0.7008,0.001535
0.4,0.4,3.0,1000.0,10.0,0.87637,0.0020467
0.4,0.4,3.0,1000.0,10.0,0.98056,0.0025583
0.4,0.4,3.0,1000.0,10.0,1.0201,0.00307
0.4,0.4,3.0,1000.0,10.0,1.0693,0.0035817
0.4,0.4,3.0,1000.0,10.0,1.1217,0.0040933
0.4,0.4,3.0,1000.0,10.0,1.1725,0.004605
0.4,0.4,3.0,200.0,10.0,0.10022,0.0010583
0.4,0.4,3.0,200.0,10.0,0.90371,0.010583
0.4,0.4,3.0,200.0,10.0,0.95159,0.011641
0.4,0.4,3.0,200.0,10.0,0.97949,0.012699
0.4,0.4,3.0,200.0,10.0,1.0014,0.013757
0.4,0.4,3.0,200.0,10.0,1.0195,0.014816
0.4,0.4,3.0,200.0,10.0,1.0409,0.015874
0.4,0.4,3.0,200.0,10.0,1.062,0.016932
0.4,0.4,3.0,200.0,10.0,1.0828,0.01799
0.4,0.4,3.0,200.0,10.0,1.1036,0.019049
0.4,0.4,3.0,200.0,10.0,1.1232,0.020107
0.4,0.4,3.0,200.0,10.0,0.2002,0.0021165
0.4,0.4,3.0,200.0,10.0,1.1427,0.021165
0.4,0.4,3.0,200.0,10.0,0.29951,0.0031748
0.4,0.4,3.0,200.0,10.0,0.39778,0.004233
0.4,0.4,3.0,200.0,10.0,0.49456,0.0052913
0.4,0.4,3.0,200.0,10.0,0.58916,0.0063495
0.4,0.4,3.0,200.0,10.0,0.68039,0.0074078
0.4,0.4,3.0,200.0,10.0,0.76532,0.008466
0.4,0.4,3.0,200.0,10.0,0.84044,0.0095243
0.4,0.4,3.0,300.0,10.0,0.13032,0.0009175
0.4,0.4,3.0,300.0,10.0,0.99958,0.009175
0.4,0.4,3.0,300.0,10.0,1.0251,0.010092
0.4,0.4,3.0,300.0,10.0,1.0535,0.01101
0.4,0.4,3.0,300.0,10.0,1.0812,0.011927
0.4,0.4,3.0,300.0,10.0,1.1071,0.012845
0.4,0.4,3.0,300.0,10.0,1.1335,0.013762
0.4,0.4,3.0,300.0,10.0,1.1586,0.01468
0.4,0.4,3.0,300.0,10.0,1.1818,0.015597
0.4,0.4,3.0,300.0,10.0,1.2052,0.016515
0.4,0.4,3.0,300.0,10.0,1.2275,0.017432
0.4,0.4,3.0,300.0,10.0,0.25997,0.001835
0.4,0.4,3.0,300.0,10.0,1.2485,0.01835
0.4,0.4,3.0,300.0,10.0,0.38815,0.0027525
0.4,0.4,3.0,300.0,10.0,0.51383,0.00367
0.4,0.4,3.0,300.0,10.0,0.63546,0.0045875
0.4,0.4,3.0,300.0,10.0,0.74882,0.005505
0.4,0.4,3.0,300.0,10.0,0.84794,0.0064225
0.4,0.4,3.0,300.0,10.0,0.9229,0.00734
0.4,0.4,3.0,300.0,10.0,0.97577,0.0082575
0.4,0.4,3.0,500.0,10.0,0.17866,0.0007552
0.4,0.4,3.0,500.0,10.0,1.1004,0.007552
0.4,0.4,3.0,500.0,10.0,1.1358,0.0083072
0.4,0.4,3.0,500.0,10.0,1.1681,0.0090624
0.4,0.4,3.0,500.0,10.0,1.201,0.0098176
0.4,0.4,3.0,500.0,10.0,1.2328,0.010573
0.4,0.4,3.0,500.0,10.0,1.261,0.011328
0.4,0.4,3.0,500.0,10.0,1.2884,0.012083
0.4,0.4,3.0,500.0,10.0,1.3159,0.012838
0.4,0.4,3.0,500.0,10.0,1.342,0.013594
0.4,0.4,3.0,500.0,10.0,1.3658,0.014349
0.4,0.4,3.0,500.0,10.0,0.35546,0.0015104
0.4,0.4,3.0,500.0,10.0,1.3897,0.015104
0.4,0.4,3.0,500.0,10.0,0.52805,0.0022656
0.4,0.4,3.0,500.0,10.0,0.69177,0.0030208
0.4,0.4,3.0,500.0,10.0,0.83292,0.003776
0.4,0.4,3.0,500.0,10.0,0.92966,0.0045312
0.4,0.4,3.0,500.0,10.0,0.99085,0.0052864
0.4,0.4,3.0,500.0,10.0,1.0217,0.0060416
0.4,0.4,3.0,500.0,10.0,1.0609,0.0067968
0.4,0.4,3.0,700.0,10.0,0.21672,0.00065484
0.4,0.4,3.0,700.0,10.0,1.1752,0.0065484
0.4,0.4,3.0,700.0,10.0,1.2102,0.0072032
0.4,0.4,3.0,700.0,10.0,1.2469,0.007858
0.4,0.4,3.0,700.0,10.0,1.2828,0.0085129
0.4,0.4,3.0,700.0,10.0,1.3167,0.0091677
0.4,0.4,3.0,700.0,10.0,1.346,0.0098225
0.4,0.4,3.0,700.0,10.0,1.3755,0.010477
0.4,0.4,3.0,700.0,10.0,1.4048,0.011132
0.4,0.4,3.0,700.0,10.0,1.4329,0.011787
0.4,0.4,3.0,700.0,10.0,1.4583,0.012442
0.4,0.4,3.0,700.0,10.0,0.42996,0.0013097
0.4,0.4,3.0,700.0,10.0,1.4832,0.013097
0.4,0.4,3.0,700.0,10.0,0.63458,0.0019645
0.4,0.4,3.0,700.0,10.0,0.81269,0.0026193
0.4,0.4,3.0,700.0,10.0,0.93077,0.0032742
0.4,0.4,3.0,700.0,10.0,0.99778,0.003929
0.4,0.4,3.0,700.0,10.0,1.0374,0.0045839
0.4,0.4,3.0,700.0,10.0,1.085,0.0052387
0.4,0.4,3.0,700.0,10.0,1.1321,0.0058935
0.4,0.4,4.0,100.0,10.0,0.082748,0.0017476
0.4,0.4,4.0,100.0,10.0,0.77825,0.017476
0.4,0.4,4.0,100.0,10.0,0.83586,0.019223
0.4,0.4,4.0,100.0,10.0,0.88428,0.020971
0.4,0.4,4.0,100.0,10.0,0.92311,0.022718
0.4,0.4,4.0,100.0,10.0,0.95395,0.024466
0.4,0.4,4.0,100.0,10.0,0.97229,0.026213
0.4,0.4,4.0,100.0,10.0,0.98523,0.027961
0.4,0.4,4.0,100.0,10.0,0.99817,0.029708
0.4,0.4,4.0,100.0,10.0,1.0081,0.031456
0.4,0.4,4.0,100.0,10.0,1.0181,0.033204
0.4,0.4,4.0,100.0,10.0,0.16539,0.0034951
0.4,0.4,4.0,100.0,10.0,1.0294,0.034951
0.4,0.4,4.0,100.0,10.0,0.24752,0.0052427
0.4,0.4,4.0,100.0,10.0,0.32903,0.0069902
0.4,0.4,4.0,100.0,10.0,0.4096,0.0087378
0.4,0.4,4.0,100.0,10.0,0.48884,0.010485
0.4,0.4,4.0,100.0,10.0,0.56649,0.012233
0.4,0.4,4.0,100.0,10.0,0.64156,0.01398
0.4,0.4,4.0,100.0,10.0,0.71287,0.015728
0.4,0.4,4.0,1000.0,10.0,0.25354,0.0005373
0.4,0.4,4.0,1000.0,10.0,1.1451,0.005373
0.4,0.4,4.0,1000.0,10.0,1.1735,0.0059103
0.4,0.4,4.0,1000.0,10.0,1.1969,0.0064476
0.4,0.4,4.0,1000.0,10.0,1.2211,0.0069849
0.4,0.4,4.0,1000.0,10.0,1.2455,0.0075222
0.4,0.4,4.0,1000.0,10.0,1.269,0.0080595
0.4,0.4,4.0,1000.0,10.0,1.291,0.0085968
0.4,0.4,4.0,1000.0,10.0,1.3099,0.0091341
0.4,0.4,4.0,1000.0,10.0,1.3276,0.0096714
0.4,0.4,4.0,1000.0,10.0,1.3461,0.010209
0.4,0.4,4.0,1000.0,10.0,0.50016,0.0010746
0.4,0.4,4.0,1000.0,10.0,1.3645,0.010746
0.4,0.4,4.0,1000.0,10.0,0.72661,0.0016119
0.4,0.4,4.0,1000.0,10.0,0.88855,0.0021492
0.4,0.4,4.0,1000.0,10.0,0.96321,0.0026865
0.4,0.4,4.0,1000.0,10.0,1.0037,0.0032238
0.4,0.4,4.0,1000.0,10.0,1.0377,0.0037611
0.4,0.4,4.0,1000.0,10.0,1.0747,0.0042984
0.4,0.4,4.0,1000.0,10.0,1.111,0.0048357
0.4,0.4,4.0,200.0,10.0,0.10038,0.00106
0.4,0.4,4.0,200.0,10.0,0.89109,0.0106
0.4,0.4,4.0,200.0,10.0,0.93556,0.01166
0.4,0.4,4.0,200.0,10.0,0.96543,0.01272
0.4,0.4,4.0,200.0,10.0,0.98449,0.01378
0.4,0.4,4.0,200.0,10.0,0.99819,0.01484
0.4,0.4,4.0,200.0,10.0,1.0096,0.0159
0.4,0.4,4.0,200.0,10.0,1.0233,0.01696
0.4,0.4,4.0,200.0,10.0,1.0375,0.01802
0.4,0.4,4.0,200.0,10.0,1.0514,0.01908
0.4,0.4,4.0,200.0,10.0,1.0653,0.02014
0.4,0.4,4.0,200.0,10.0,0.20046,0.0021201
0.4,0.4,4.0,200.0,10.0,1.0789,0.021201
0.4,0.4,4.0,200.0,10.0,0.29974,0.0031801
0.4,0.4,4.0,200.0,10.0,0.3978,0.0042401
0.4,0.4,4.0,200.0,10.0,0.49411,0.0053001
0.4,0.4,4.0,200.0,10.0,0.58791,0.0063602
0.4,0.4,4.0,200.0,10.0,0.67784,0.0074202
0.4,0.4,4.0,200.0,10.0,0.76029,0.0084802
0.4,0.4,4.0,200.0,10.0,0.83235,0.0095402
0.4,0.4,4.0,300.0,10.0,0.12814,0.00090229
0.4,0.4,4.0,300.0,10.0,0.98273,0.0090229
0.4,0.4,4.0,300.0,10.0,0.99776,0.0099251
0.4,0.4,4.0,300.0,10.0,1.0134,0.010827
0.4,0.4,4.0,300.0,10.0,1.0315,0.01173
0.4,0.4,4.0,300.0,10.0,1.0501,0.012632
0.4,0.4,4.0,300.0,10.0,1.0673,0.013534
0.4,0.4,4.0,300.0,10.0,1.0843,0.014437
0.4,0.4,4.0,300.0,10.0,1.1012,0.015339
0.4,0.4,4.0,300.0,10.0,1.1171,0.016241
0.4,0.4,4.0,300.0,10.0,1.132,0.017143
0.4,0.4,4.0,300.0,10.0,0.25552,0.0018046
0.4,0.4,4.0,300.0,10.0,1.147,0.018046
0.4,0.4,4.0,300.0,10.0,0.38124,0.0027069
0.4,0.4,4.0,300.0,10.0,0.50422,0.0036091
0.4,0.4,4.0,300.0,10.0,0.62287,0.0045114
0.4,0.4,4.0,300.0,10.0,0.73316,0.0054137
0.4,0.4,4.0,300.0,10.0,0.82804,0.006316
0.4,0.4,4.0,300.0,10.0,0.90084,0.0072183
0.4,0.4,4.0,300.0,10.0,0.94912,0.0081206
0.4,0.4,4.0,500.0,10.0,0.16871,0.00071326
0.4,0.4,4.0,500.0,10.0,1.0325,0.0071326
0.4,0.4,4.0,500.0,10.0,1.0578,0.0078459
0.4,0.4,4.0,500.0,10.0,1.0821,0.0085592
0.4,0.4,4.0,500.0,10.0,1.103,0.0092724
0.4,0.4,4.0,500.0,10.0,1.1229,0.0099857
0.4,0.4,4.0,500.0,10.0,1.1433,0.010699
0.4,0.4,4.0,500.0,10.0,1.1631,0.011412
0.4,0.4,4.0,500.0,10.0,1.1809,0.012126
0.4,0.4,4.0,500.0,10.0,1.1974,0.012839
0.4,0.4,4.0,500.0,10.0,1.2142,0.013552
0.4,0.4,4.0,500.0,10.0,0.33557,0.0014265
0.4,0.4,4.0,500.0,10.0,1.2306,0.014265
0.4,0.4,4.0,500.0,10.0,0.49834,0.0021398
0.4,0.4,4.0,500.0,10.0,0.65341,0.0028531
0.4,0.4,4.0,500.0,10.0,0.79047,0.0035663
0.4,0.4,4.0,500.0,10.0,0.89281,0.0042796
0.4,0.4,4.0,500.0,10.0,0.95162,0.0049929
0.4,0.4,4.0,500.0,10.0,0.99079,0.0057061
0.4,0.4,4.0,500.0,10.0,1.0097,0.0064194
0.4,0.4,4.0,700.0,10.0,0.20568,0.00062164
0.4,0.4,4.0,700.0,10.0,1.0844,0.0062164
0.4,0.4,4.0,700.0,10.0,1.1127,0.0068381
0.4,0.4,4.0,700.0,10.0,1.1365,0.0074597
0.4,0.4,4.0,700.0,10.0,1.1581,0.0080814
0.4,0.4,4.0,700.0,10.0,1.1809,0.008703
0.4,0.4,4.0,700.0,10.0,1.203,0.0093247
0.4,0.4,4.0,700.0,10.0,1.2237,0.0099463
0.4,0.4,4.0,700.0,10.0,1.2417,0.010568
0.4,0.4,4.0,700.0,10.0,1.2591,0.01119
0.4,0.4,4.0,700.0,10.0,1.2769,0.011811
0.4,0.4,4.0,700.0,10.0,0.40783,0.0012433
0.4,0.4,4.0,700.0,10.0,1.2943,0.012433
0.4,0.4,4.0,700.0,10.0,0.60182,0.0018649
0.4,0.4,4.0,700.0,10.0,0.77503,0.0024866
0.4,0.4,4.0,700.0,10.0,0.89771,0.0031082
0.4,0.4,4.0,700.0,10.0,0.96304,0.0037299
0.4,0.4,4.0,700.0,10.0,0.99586,0.0043515
0.4,0.4,4.0,700.0,10.0,1.0238,0.0049732
0.4,0.4,4.0,700.0,10.0,1.054,0.0055948
0.4,0.4,6.0,100.0,10.0,0.08527,0.0018008
0.4,0.4,6.0,100.0,10.0,0.78917,0.018008
0.4,0.4,6.0,100.0,10.0,0.84321,0.019809
0.4,0.4,6.0,100.0,10.0,0.88685,0.02161
0.4,0.4,6.0,100.0,10.0,0.91996,0.023411
0.4,0.4,6.0,100.0,10.0,0.94863,0.025211
0.4,0.4,6.0,100.0,10.0,0.96114,0.027012
0.4,0.4,6.0,100.0,10.0,0.97364,0.028813
0.4,0.4,6.0,100.0,10.0,0.98532,0.030614
0.4,0.4,6.0,100.0,10.0,0.99117,0.032415
0.4,0.4,6.0,100.0,10.0,0.99702,0.034215
0.4,0.4,6.0,100.0,10.0,0.17037,0.0036016
0.4,0.4,6.0,100.0,10.0,1.0029,0.036016
0.4,0.4,6.0,100.0,10.0,0.25486,0.0054024
0.4,0.4,6.0,100.0,10.0,0.33848,0.0072032
0.4,0.4,6.0,100.0,10.0,0.42095,0.0090041
0.4,0.4,6.0,100.0,10.0,0.50161,0.010805
0.4,0.4,6.0,100.0,10.0,0.58031,0.012606
0.4,0.4,6.0,100.0,10.0,0.65565,0.014406
0.4,0.4,6.0,100.0,10.0,0.72607,0.016207
0.4,0.4,6.0,1000.0,10.0,0.27051,0.00057413
0.4,0.4,6.0,1000.0,10.0,1.0753,0.0057413
0.4,0.4,6.0,1000.0,10.0,1.0948,0.0063154
0.4,0.4,6.0,1000.0,10.0,1.1105,0.0068896
0.4,0.4,6.0,1000.0,10.0,1.1239,0.0074637
0.4,0.4,6.0,1000.0,10.0,1.1375,0.0080378
0.4,0.4,6.0,1000.0,10.0,1.1517,0.008612
0.4,0.4,6.0,1000.0,10.0,1.1653,0.0091861
0.4,0.4,6.0,1000.0,10.0,1.1779,0.0097602
0.4,0.4,6.0,1000.0,10.0,1.189,0.010334
0.4,0.4,6.0,1000.0,10.0,1.1991,0.010908
0.4,0.4,6.0,1000.0,10.0,0.53159,0.0011483
0.4,0.4,6.0,1000.0,10.0,1.2091,0.011483
0.4,0.4,6.0,1000.0,10.0,0.76114,0.0017224
0.4,0.4,6.0,1000.0,10.0,0.90244,0.0022965
0.4,0.4,6.0,1000.0,10.0,0.96637,0.0028707
0.4,0.4,6.0,1000.0,10.0,0.98974,0.0034448
0.4,0.4,6.0,1000.0,10.0,1.0108,0.0040189
0.4,0.4,6.0,1000.0,10.0,1.0313,0.004593
0.4,0.4,6.0,1000.0,10.0,1.0538,0.0051672
0.4,0.4,6.0,200.0,10.0,0.094655,0.00099951
0.4,0.4,6.0,200.0,10.0,0.8488,0.0099951
0.4,0.4,6.0,200.0,10.0,0.89544,0.010995
0.4,0.4,6.0,200.0,10.0,0.92871,0.011994
0.4,0.4,6.0,200.0,10.0,0.95781,0.012994
0.4,0.4,6.0,200.0,10.0,0.96869,0.013993
0.4,0.4,6.0,200.0,10.0,0.97958,0.014993
0.4,0.4,6.0,200.0,10.0,0.99046,0.015992
0.4,0.4,6.0,200.0,10.0,0.99671,0.016992
0.4,0.4,6.0,200.0,10.0,1.0028,0.017991
0.4,0.4,6.0,200.0,10.0,1.0092,0.018991
0.4,0.4,6.0,200.0,10.0,0.18902,0.001999
0.4,0.4,6.0,200.0,10.0,1.0162,0.01999
0.4,0.4,6.0,200.0,10.0,0.28261,0.0029985
0.4,0.4,6.0,200.0,10.0,0.37493,0.003998
0.4,0.4,6.0,200.0,10.0,0.46562,0.0049975
0.4,0.4,6.0,200.0,10.0,0.55397,0.005997
0.4,0.4,6.0,200.0,10.0,0.6389,0.0069965
0.4,0.4,6.0,200.0,10.0,0.71822,0.0079961
0.4,0.4,6.0,200.0,10.0,0.78904,0.0089956
0.4,0.4,6.0,300.0,10.0,0.12679,0.00089281
0.4,0.4,6.0,300.0,10.0,0.95966,0.0089281
0.4,0.4,6.0,300.0,10.0,0.98041,0.0098209
0.4,0.4,6.0,300.0,10.0,0.98988,0.010714
0.4,0.4,6.0,300.0,10.0,0.99929,0.011606
0.4,0.4,6.0,300.0,10.0,1.0074,0.012499
0.4,0.4,6.0,300.0,10.0,1.0169,0.013392
0.4,0.4,6.0,300.0,10.0,1.027,0.014285
0.4,0.4,6.0,300.0,10.0,1.0368,0.015178
0.4,0.4,6.0,300.0,10.0,1.0461,0.016071
0.4,0.4,6.0,300.0,10.0,1.0554,0.016963
0.4,0.4,6.0,300.0,10.0,0.25274,0.0017856
0.4,0.4,6.0,300.0,10.0,1.0645,0.017856
0.4,0.4,6.0,300.0,10.0,0.37673,0.0026784
0.4,0.4,6.0,300.0,10.0,0.49778,0.0035712
0.4,0.4,6.0,300.0,10.0,0.61387,0.004464
0.4,0.4,6.0,300.0,10.0,0.72129,0.0053568
0.4,0.4,6.0,300.0,10.0,0.81234,0.0062497
0.4,0.4,6.0,300.0,10.0,0.8835,0.0071425
0.4,0.4,6.0,300.0,10.0,0.93308,0.0080353
0.4,0.4,6.0,500.0,10.0,0.17872,0.00075598
0.4,0.4,6.0,500.0,10.0,1.0073,0.0075598
0.4,0.4,6.0,500.0,10.0,1.0205,0.0083157
0.4,0.4,6.0,500.0,10.0,1.0355,0.0090717
0.4,0.4,6.0,500.0,10.0,1.0497,0.0098277
0.4,0.4,6.0,500.0,10.0,1.0623,0.010584
0.4,0.4,6.0,500.0,10.0,1.0739,0.01134
0.4,0.4,6.0,500.0,10.0,1.0856,0.012096
0.4,0.4,6.0,500.0,10.0,1.0973,0.012852
0.4,0.4,6.0,500.0,10.0,1.1081,0.013608
0.4,0.4,6.0,500.0,10.0,1.1179,0.014364
0.4,0.4,6.0,500.0,10.0,0.35492,0.001512
0.4,0.4,6.0,500.0,10.0,1.1273,0.01512
0.4,0.4,6.0,500.0,10.0,0.5252,0.0022679
0.4,0.4,6.0,500.0,10.0,0.68453,0.0030239
0.4,0.4,6.0,500.0,10.0,0.81607,0.0037799
0.4,0.4,6.0,500.0,10.0,0.90934,0.0045359
0.4,0.4,6.0,500.0,10.0,0.95683,0.0052918
0.4,0.4,6.0,500.0,10.0,0.98054,0.0060478
0.4,0.4,6.0,500.0,10.0,0.99462,0.0068038
0.4,0.4,6.0,700.0,10.0,0.21978,0.0006649
0.4,0.4,6.0,700.0,10.0,1.038,0.006649
0.4,0.4,6.0,700.0,10.0,1.0561,0.0073139
0.4,0.4,6.0,700.0,10.0,1.0724,0.0079788
0.4,0.4,6.0,700.0,10.0,1.086,0.0086437
0.4,0.4,6.0,700.0,10.0,1.0986,0.0093086
0.4,0.4,6.0,700.0,10.0,1.1118,0.0099735
0.4,0.4,6.0,700.0,10.0,1.1248,0.010638
0.4,0.4,6.0,700.0,10.0,1.1368,0.011303
0.4,0.4,6.0,700.0,10.0,1.1476,0.011968
0.4,0.4,6.0,700.0,10.0,1.1576,0.012633
0.4,0.4,6.0,700.0,10.0,0.43473,0.0013298
0.4,0.4,6.0,700.0,10.0,1.1674,0.013298
0.4,0.4,6.0,700.0,10.0,0.63715,0.0019947
0.4,0.4,6.0,700.0,10.0,0.80611,0.0026596
0.4,0.4,6.0,700.0,10.0,0.91331,0.0033245
0.4,0.4,6.0,700.0,10.0,0.96177,0.0039894
0.4,0.4,6.0,700.0,10.0,0.98626,0.0046543
0.4,0.4,6.0,700.0,10.0,1.0042,0.0053192
0.4,0.4,6.0,700.0,10.0,1.0196,0.0059841
0.4,0.6,10.0,100.0,6.667,0.070194,0.0012283
0.4,0.6,10.0,100.0,6.667,0.67786,0.012283
0.4,0.6,10.0,100.0,6.667,0.73753,0.013512
0.4,0.6,10.0,100.0,6.667,0.79206,0.01474
0.4,0.6,10.0,100.0,6.667,0.83964,0.015968
0.4,0.6,10.0,100.0,6.667,0.87898,0.017197
0.4,0.6,10.0,100.0,6.667,0.91015,0.018425
0.4,0.6,10.0,100.0,6.667,0.93379,0.019653
0.4,0.6,10.0,100.0,6.667,0.9499,0.020882
0.4,0.6,10.0,100.0,6.667,0.95834,0.02211
0.4,0.6,10.0,100.0,6.667,0.96678,0.023338
0.4,0.6,10.0,100.0,6.667,0.14038,0.0024567
0.4,0.6,10.0,100.0,6.667,0.97522,0.024567
0.4,0.6,10.0,100.0,6.667,0.21031,0.003685
0.4,0.6,10.0,100.0,6.667,0.27983,0.0049134
0.4,0.6,10.0,100.0,6.667,0.34886,0.0061417
0.4,0.6,10.0,100.0,6.667,0.41713,0.00737
0.4,0.6,10.0,100.0,6.667,0.4845,0.0085984
0.4,0.6,10.0,100.0,6.667,0.55078,0.0098267
0.4,0.6,10.0,100.0,6.667,0.61534,0.011055
0.4,0.6,10.0,1000.0,6.667,0.13634,0.00023863
0.4,0.6,10.0,1000.0,6.667,0.96565,0.0023863
0.4,0.6,10.0,1000.0,6.667,0.97788,0.0026249
0.4,0.6,10.0,1000.0,6.667,0.98406,0.0028635
0.4,0.6,10.0,1000.0,6.667,0.99024,0.0031022
0.4,0.6,10.0,1000.0,6.667,0.99536,0.0033408
0.4,0.6,10.0,1000.0,6.667,1.0001,0.0035794
0.4,0.6,10.0,1000.0,6.667,1.0048,0.003818
0.4,0.6,10.0,1000.0,6.667,1.0097,0.0040567
0.4,0.6,10.0,1000.0,6.667,1.0154,0.0042953
0.4,0.6,10.0,1000.0,6.667,1.0215,0.0045339
0.4,0.6,10.0,1000.0,6.667,0.27186,0.00047725
0.4,0.6,10.0,1000.0,6.667,1.0275,0.0047725
0.4,0.6,10.0,1000.0,6.667,0.40539,0.00071588
0.4,0.6,10.0,1000.0,6.667,0.53557,0.00095451
0.4,0.6,10.0,1000.0,6.667,0.6601,0.0011931
0.4,0.6,10.0,1000.0,6.667,0.7735,0.0014318
0.4,0.6,10.0,1000.0,6.667,0.86333,0.0016704
0.4,0.6,10.0,1000.0,6.667,0.92146,0.001909
0.4,0.6,10.0,1000.0,6.667,0.94967,0.0021476
0.4,0.6,10.0,200.0,6.667,0.10556,0.00092356
0.4,0.6,10.0,200.0,6.667,0.91363,0.0092356
0.4,0.6,10.0,200.0,6.667,0.94638,0.010159
0.4,0.6,10.0,200.0,6.667,0.96084,0.011083
0.4,0.6,10.0,200.0,6.667,0.97277,0.012006
0.4,0.6,10.0,200.0,6.667,0.97919,0.01293
0.4,0.6,10.0,200.0,6.667,0.98518,0.013853
0.4,0.6,10.0,200.0,6.667,0.98993,0.014777
0.4,0.6,10.0,200.0,6.667,0.99447,0.015701
0.4,0.6,10.0,200.0,6.667,0.99843,0.016624
0.4,0.6,10.0,200.0,6.667,1.0022,0.017548
0.4,0.6,10.0,200.0,6.667,0.21083,0.0018471
0.4,0.6,10.0,200.0,6.667,1.0059,0.018471
0.4,0.6,10.0,200.0,6.667,0.3152,0.0027707
0.4,0.6,10.0,200.0,6.667,0.4182,0.0036943
0.4,0.6,10.0,200.0,6.667,0.51909,0.0046178
0.4,0.6,10.0,200.0,6.667,0.61696,0.0055414
0.4,0.6,10.0,200.0,6.667,0.70998,0.0064649
0.4,0.6,10.0,200.0,6.667,0.79396,0.0073885
0.4,0.6,10.0,200.0,6.667,0.86237,0.0083121
0.4,0.6,10.0,300.0,6.667,0.11695,0.00068218
0.4,0.6,10.0,300.0,6.667,0.94534,0.0068218
0.4,0.6,10.0,300.0,6.667,0.96437,0.007504
0.4,0.6,10.0,300.0,6.667,0.97424,0.0081861
0.4,0.6,10.0,300.0,6.667,0.98162,0.0088683
0.4,0.6,10.0,300.0,6.667,0.98737,0.0095505
0.4,0.6,10.0,300.0,6.667,0.99269,0.010233
0.4,0.6,10.0,300.0,6.667,0.99721,0.010915
0.4,0.6,10.0,300.0,6.667,1.0016,0.011597
0.4,0.6,10.0,300.0,6.667,1.0056,0.012279
0.4,0.6,10.0,300.0,6.667,1.0099,0.012961
0.4,0.6,10.0,300.0,6.667,0.23346,0.0013644
0.4,0.6,10.0,300.0,6.667,1.0145,0.013644
0.4,0.6,10.0,300.0,6.667,0.34872,0.0020465
0.4,0.6,10.0,300.0,6.667,0.46205,0.0027287
0.4,0.6,10.0,300.0,6.667,0.57242,0.0034109
0.4,0.6,10.0,300.0,6.667,0.67789,0.0040931
0.4,0.6,10.0,300.0,6.667,0.77476,0.0047753
0.4,0.6,10.0,300.0,6.667,0.85424,0.0054574
0.4,0.6,10.0,300.0,6.667,0.91103,0.0061396
0.4,0.6,10.0,500.0,6.667,0.1344,0.00047037
0.4,0.6,10.0,500.0,6.667,0.97028,0.0047037
0.4,0.6,10.0,500.0,6.667,0.97813,0.0051741
0.4,0.6,10.0,500.0,6.667,0.98577,0.0056444
0.4,0.6,10.0,500.0,6.667,0.99145,0.0061148
0.4,0.6,10.0,500.0,6.667,0.99695,0.0065852
0.4,0.6,10.0,500.0,6.667,1.0018,0.0070555
0.4,0.6,10.0,500.0,6.667,1.0067,0.0075259
0.4,0.6,10.0,500.0,6.667,1.0119,0.0079963
0.4,0.6,10.0,500.0,6.667,1.0175,0.0084666
0.4,0.6,10.0,500.0,6.667,1.0229,0.008937
0.4,0.6,10.0,500.0,6.667,0.26799,0.00094074
0.4,0.6,10.0,500.0,6.667,1.0282,0.0094074
0.4,0.6,10.0,500.0,6.667,0.39971,0.0014111
0.4,0.6,10.0,500.0,6.667,0.52832,0.0018815
0.4,0.6,10.0,500.0,6.667,0.65169,0.0023518
0.4,0.6,10.0,500.0,6.667,0.76505,0.0028222
0.4,0.6,10.0,500.0,6.667,0.85672,0.0032926
0.4,0.6,10.0,500.0,6.667,0.91831,0.0037629
0.4,0.6,10.0,500.0,6.667,0.95026,0.0042333
0.4,0.6,10.0,700.0,6.667,0.15077,0.00037698
0.4,0.6,10.0,700.0,6.667,0.97948,0.0037698
0.4,0.6,10.0,700.0,6.667,0.98658,0.0041467
0.4,0.6,10.0,700.0,6.667,0.99321,0.0045237
0.4,0.6,10.0,700.0,6.667,0.99876,0.0049007
0.4,0.6,10.0,700.0,6.667,1.0042,0.0052777
0.4,0.6,10.0,700.0,6.667,1.0097,0.0056547
0.4,0.6,10.0,700.0,6.667,1.0161,0.0060316
0.4,0.6,10.0,700.0,6.667,1.0227,0.0064086
0.4,0.6,10.0,700.0,6.667,1.0291,0.0067856
0.4,0.6,10.0,700.0,6.667,1.0349,0.0071626
0.4,0.6,10.0,700.0,6.667,0.30034,0.00075395
0.4,0.6,10.0,700.0,6.667,1.0403,0.0075395
0.4,0.6,10.0,700.0,6.667,0.44721,0.0011309
0.4,0.6,10.0,700.0,6.667,0.5894,0.0015079
0.4,0.6,10.0,700.0,6.667,0.72247,0.0018849
0.4,0.6,10.0,700.0,6.667,0.8344,0.0022619
0.4,0.6,10.0,700.0,6.667,0.91073,0.0026388
0.4,0.6,10.0,700.0,6.667,0.9526,0.0030158
0.4,0.6,10.0,700.0,6.667,0.96715,0.0033928
0.4,0.6,20.0,100.0,6.667,0.07922,0.0013863
0.4,0.6,20.0,100.0,6.667,0.75087,0.013863
0.4,0.6,20.0,100.0,6.667,0.80878,0.015249
0.4,0.6,20.0,100.0,6.667,0.85663,0.016635
0.4,0.6,20.0,100.0,6.667,0.89441,0.018022
0.4,0.6,20.0,100.0,6.667,0.92189,0.019408
0.4,0.6,20.0,100.0,6.667,0.94244,0.020794
0.4,0.6,20.0,100.0,6.667,0.9518,0.02218
0.4,0.6,20.0,100.0,6.667,0.96116,0.023567
0.4,0.6,20.0,100.0,6.667,0.96544,0.024953
0.4,0.6,20.0,100.0,6.667,0.96871,0.026339
0.4,0.6,20.0,100.0,6.667,0.15839,0.0027726
0.4,0.6,20.0,100.0,6.667,0.97198,0.027726
0.4,0.6,20.0,100.0,6.667,0.23714,0.0041588
0.4,0.6,20.0,100.0,6.667,0.31525,0.0055451
0.4,0.6,20.0,100.0,6.667,0.39251,0.0069314
0.4,0.6,20.0,100.0,6.667,0.46862,0.0083177
0.4,0.6,20.0,100.0,6.667,0.54324,0.009704
0.4,0.6,20.0,100.0,6.667,0.61576,0.01109
0.4,0.6,20.0,100.0,6.667,0.68544,0.012477
0.4,0.6,20.0,1000.0,6.667,0.18242,0.00031946
0.4,0.6,20.0,1000.0,6.667,0.97712,0.0031946
0.4,0.6,20.0,1000.0,6.667,0.98126,0.003514
0.4,0.6,20.0,1000.0,6.667,0.98515,0.0038335
0.4,0.6,20.0,1000.0,6.667,0.98849,0.0041529
0.4,0.6,20.0,1000.0,6.667,0.9916,0.0044724
0.4,0.6,20.0,1000.0,6.667,0.99448,0.0047919
0.4,0.6,20.0,1000.0,6.667,0.99707,0.0051113
0.4,0.6,20.0,1000.0,6.667,0.99955,0.0054308
0.4,0.6,20.0,1000.0,6.667,1.0019,0.0057502
0.4,0.6,20.0,1000.0,6.667,1.0041,0.0060697
0.4,0.6,20.0,1000.0,6.667,0.36241,0.00063891
0.4,0.6,20.0,1000.0,6.667,1.0064,0.0063891
0.4,0.6,20.0,1000.0,6.667,0.53679,0.00095837
0.4,0.6,20.0,1000.0,6.667,0.70005,0.0012778
0.4,0.6,20.0,1000.0,6.667,0.83448,0.0015973
0.4,0.6,20.0,1000.0,6.667,0.91725,0.0019167
0.4,0.6,20.0,1000.0,6.667,0.9534,0.0022362
0.4,0.6,20.0,1000.0,6.667,0.96442,0.0025557
0.4,0.6,20.0,1000.0,6.667,0.97196,0.0028751
0.4,0.6,20.0,200.0,6.667,0.11829,0.001035
0.4,0.6,20.0,200.0,6.667,0.94023,0.01035
0.4,0.6,20.0,200.0,6.667,0.95575,0.011385
0.4,0.6,20.0,200.0,6.667,0.96506,0.01242
0.4,0.6,20.0,200.0,6.667,0.96996,0.013455
0.4,0.6,20.0,200.0,6.667,0.9741,0.01449
0.4,0.6,20.0,200.0,6.667,0.9774,0.015525
0.4,0.6,20.0,200.0,6.667,0.98049,0.01656
0.4,0.6,20.0,200.0,6.667,0.9831,0.017595
0.4,0.6,20.0,200.0,6.667,0.98566,0.01863
0.4,0.6,20.0,200.0,6.667,0.98784,0.019665
0.4,0.6,20.0,200.0,6.667,0.23606,0.00207
0.4,0.6,20.0,200.0,6.667,0.99002,0.0207
0.4,0.6,20.0,200.0,6.667,0.35241,0.0031049
0.4,0.6,20.0,200.0,6.667,0.46657,0.0041399
0.4,0.6,20.0,200.0,6.667,0.57733,0.0051749
0.4,0.6,20.0,200.0,6.667,0.68277,0.0062099
0.4,0.6,20.0,200.0,6.667,0.77789,0.0072449
0.4,0.6,20.0,200.0,6.667,0.85427,0.0082798
0.4,0.6,20.0,200.0,6.667,0.90817,0.0093148
0.4,0.6,20.0,300.0,6.667,0.13649,0.00079624
0.4,0.6,20.0,300.0,6.667,0.96054,0.0079624
0.4,0.6,20.0,300.0,6.667,0.9685,0.0087586
0.4,0.6,20.0,300.0,6.667,0.97337,0.0095549
0.4,0.6,20.0,300.0,6.667,0.97731,0.010351
0.4,0.6,20.0,300.0,6.667,0.98083,0.011147
0.4,0.6,20.0,300.0,6.667,0.98384,0.011944
0.4,0.6,20.0,300.0,6.667,0.98664,0.01274
0.4,0.6,20.0,300.0,6.667,0.98912,0.013536
0.4,0.6,20.0,300.0,6.667,0.99149,0.014332
0.4,0.6,20.0,300.0,6.667,0.9936,0.015129
0.4,0.6,20.0,300.0,6.667,0.27208,0.0015925
0.4,0.6,20.0,300.0,6.667,0.99567,0.015925
0.4,0.6,20.0,300.0,6.667,0.40549,0.0023887
0.4,0.6,20.0,300.0,6.667,0.53529,0.003185
0.4,0.6,20.0,300.0,6.667,0.65908,0.0039812
0.4,0.6,20.0,300.0,6.667,0.77122,0.0047774
0.4,0.6,20.0,300.0,6.667,0.85927,0.0055737
0.4,0.6,20.0,300.0,6.667,0.9167,0.0063699
0.4,0.6,20.0,300.0,6.667,0.94737,0.0071662
0.4,0.6,20.0,500.0,6.667,0.15789,0.00055276
0.4,0.6,20.0,500.0,6.667,0.97122,0.0055276
0.4,0.6,20.0,500.0,6.667,0.97587,0.0060804
0.4,0.6,20.0,500.0,6.667,0.98009,0.0066332
0.4,0.6,20.0,500.0,6.667,0.98369,0.0071859
0.4,0.6,20.0,500.0,6.667,0.98689,0.0077387
0.4,0.6,20.0,500.0,6.667,0.98983,0.0082914
0.4,0.6,20.0,500.0,6.667,0.99239,0.0088442
0.4,0.6,20.0,500.0,6.667,0.99484,0.009397
0.4,0.6,20.0,500.0,6.667,0.99705,0.0099497
0.4,0.6,20.0,500.0,6.667,0.99916,0.010503
0.4,0.6,20.0,500.0,6.667,0.31425,0.0011055
0.4,0.6,20.0,500.0,6.667,1.0012,0.011055
0.4,0.6,20.0,500.0,6.667,0.46722,0.0016583
0.4,0.6,20.0,500.0,6.667,0.61396,0.0022111
0.4,0.6,20.0,500.0,6.667,0.74895,0.0027638
0.4,0.6,20.0,500.0,6.667,0.85473,0.0033166
0.4,0.6,20.0,500.0,6.667,0.92252,0.0038693
0.4,0.6,20.0,500.0,6.667,0.95338,0.0044221
0.4,0.6,20.0,500.0,6.667,0.96357,0.0049749
0.4,0.6,20.0,700.0,6.667,0.17085,0.00042731
0.4,0.6,20.0,700.0,6.667,0.97456,0.0042731
0.4,0.6,20.0,700.0,6.667,0.97922,0.0047004
0.4,0.6,20.0,700.0,6.667,0.9831,0.0051277
0.4,0.6,20.0,700.0,6.667,0.9866,0.005555
0.4,0.6,20.0,700.0,6.667,0.98981,0.0059823
0.4,0.6,20.0,700.0,6.667,0.99261,0.0064096
0.4,0.6,20.0,700.0,6.667,0.99526,0.0068369
0.4,0.6,20.0,700.0,6.667,0.99764,0.0072642
0.4,0.6,20.0,700.0,6.667,0.99985,0.0076916
0.4,0.6,20.0,700.0,6.667,1.002,0.0081189
0.4,0.6,20.0,700.0,6.667,0.33971,0.00085462
0.4,0.6,20.0,700.0,6.667,1.004,0.0085462
0.4,0.6,20.0,700.0,6.667,0.5041,0.0012819
0.4,0.6,20.0,700.0,6.667,0.6602,0.0017092
0.4,0.6,20.0,700.0,6.667,0.79689,0.0021365
0.4,0.6,20.0,700.0,6.667,0.89166,0.0025639
0.4,0.6,20.0,700.0,6.667,0.94047,0.0029912
0.4,0.6,20.0,700.0,6.667,0.9596,0.0034185
0.4,0.6,20.0,700.0,6.667,0.96953,0.0038458
0.4,0.6,3.0,100.0,6.667,0.078534,0.0013743
0.4,0.6,3.0,100.0,6.667,0.7604,0.013743
0.4,0.6,3.0,100.0,6.667,0.82487,0.015117
0.4,0.6,3.0,100.0,6.667,0.88173,0.016491
0.4,0.6,3.0,100.0,6.667,0.92921,0.017866
0.4,0.6,3.0,100.0,6.667,0.9606,0.01924
0.4,0.6,3.0,100.0,6.667,0.98613,0.020614
0.4,0.6,3.0,100.0,6.667,1.0011,0.021988
0.4,0.6,3.0,100.0,6.667,1.0167,0.023363
0.4,0.6,3.0,100.0,6.667,1.0339,0.024737
0.4,0.6,3.0,100.0,6.667,1.0518,0.026111
0.4,0.6,3.0,100.0,6.667,0.15703,0.0027485
0.4,0.6,3.0,100.0,6.667,1.0694,0.027485
0.4,0.6,3.0,100.0,6.667,0.23532,0.0041228
0.4,0.6,3.0,100.0,6.667,0.31327,0.0054971
0.4,0.6,3.0,100.0,6.667,0.3907,0.0068714
0.4,0.6,3.0,100.0,6.667,0.46748,0.0082456
0.4,0.6,3.0,100.0,6.667,0.54339,0.0096199
0.4,0.6,3.0,100.0,6.667,0.61811,0.010994
0.4,0.6,3.0,100.0,6.667,0.69077,0.012368
0.4,0.6,3.0,1000.0,6.667,0.25937,0.00045466
0.4,0.6,3.0,1000.0,6.667,1.265,0.0045466
0.4,0.6,3.0,1000.0,6.667,1.3053,0.0050013
0.4,0.6,3.0,1000.0,6.667,1.3462,0.0054559
0.4,0.6,3.0,1000.0,6.667,1.3854,0.0059106
0.4,0.6,3.0,1000.0,6.667,1.4214,0.0063652
0.4,0.6,3.0,1000.0,6.667,1.4524,0.0068199
0.4,0.6,3.0,1000.0,6.667,1.4841,0.0072746
0.4,0.6,3.0,1000.0,6.667,1.5157,0.0077292
0.4,0.6,3.0,1000.0,6.667,1.5463,0.0081839
0.4,0.6,3.0,1000.0,6.667,1.5744,0.0086385
0.4,0.6,3.0,1000.0,6.667,0.51402,0.00090932
0.4,0.6,3.0,1000.0,6.667,1.6005,0.0090932
0.4,0.6,3.0,1000.0,6.667,0.75255,0.001364
0.4,0.6,3.0,1000.0,6.667,0.92663,0.0018186
0.4,0.6,3.0,1000.0,6.667,1.0002,0.0022733
0.4,0.6,3.0,1000.0,6.667,1.0545,0.002728
0.4,0.6,3.0,1000.0,6.667,1.1139,0.0031826
0.4,0.6,3.0,1000.0,6.667,1.1719,0.0036373
0.4,0.6,3.0,1000.0,6.667,1.224,0.0040919
0.4,0.6,3.0,200.0,6.667,0.11647,0.001019
0.4,0.6,3.0,200.0,6.667,0.98223,0.01019
0.4,0.6,3.0,200.0,6.667,1.0054,0.011209
0.4,0.6,3.0,200.0,6.667,1.0305,0.012229
0.4,0.6,3.0,200.0,6.667,1.0572,0.013248
0.4,0.6,3.0,200.0,6.667,1.0832,0.014267
0.4,0.6,3.0,200.0,6.667,1.1086,0.015286
0.4,0.6,3.0,200.0,6.667,1.1327,0.016305
0.4,0.6,3.0,200.0,6.667,1.1563,0.017324
0.4,0.6,3.0,200.0,6.667,1.1787,0.018343
0.4,0.6,3.0,200.0,6.667,1.2006,0.019362
0.4,0.6,3.0,200.0,6.667,0.23267,0.0020381
0.4,0.6,3.0,200.0,6.667,1.2215,0.020381
0.4,0.6,3.0,200.0,6.667,0.3481,0.0030571
0.4,0.6,3.0,200.0,6.667,0.46229,0.0040762
0.4,0.6,3.0,200.0,6.667,0.5745,0.0050952
0.4,0.6,3.0,200.0,6.667,0.68356,0.0061143
0.4,0.6,3.0,200.0,6.667,0.78624,0.0071333
0.4,0.6,3.0,200.0,6.667,0.87489,0.0081524
0.4,0.6,3.0,200.0,6.667,0.94009,0.0091714
0.4,0.6,3.0,300.0,6.667,0.14747,0.00086026
0.4,0.6,3.0,300.0,6.667,1.048,0.0086026
0.4,0.6,3.0,300.0,6.667,1.0815,0.0094628
0.4,0.6,3.0,300.0,6.667,1.1129,0.010323
0.4,0.6,3.0,300.0,6.667,1.1441,0.011183
0.4,0.6,3.0,300.0,6.667,1.1728,0.012044
0.4,0.6,3.0,300.0,6.667,1.2007,0.012904
0.4,0.6,3.0,300.0,6.667,1.2276,0.013764
0.4,0.6,3.0,300.0,6.667,1.2526,0.014624
0.4,0.6,3.0,300.0,6.667,1.2774,0.015485
0.4,0.6,3.0,300.0,6.667,1.3006,0.016345
0.4,0.6,3.0,300.0,6.667,0.29425,0.0017205
0.4,0.6,3.0,300.0,6.667,1.3233,0.017205
0.4,0.6,3.0,300.0,6.667,0.43941,0.0025808
0.4,0.6,3.0,300.0,6.667,0.58162,0.003441
0.4,0.6,3.0,300.0,6.667,0.71829,0.0043013
0.4,0.6,3.0,300.0,6.667,0.84123,0.0051615
0.4,0.6,3.0,300.0,6.667,0.93552,0.0060218
0.4,0.6,3.0,300.0,6.667,0.98081,0.0068821
0.4,0.6,3.0,300.0,6.667,1.0151,0.0077423
0.4,0.6,3.0,500.0,6.667,0.19833,0.00069456
0.4,0.6,3.0,500.0,6.667,1.1558,0.0069456
0.4,0.6,3.0,500.0,6.667,1.1944,0.0076402
0.4,0.6,3.0,500.0,6.667,1.2317,0.0083347
0.4,0.6,3.0,500.0,6.667,1.2646,0.0090293
0.4,0.6,3.0,500.0,6.667,1.2967,0.0097239
0.4,0.6,3.0,500.0,6.667,1.3281,0.010418
0.4,0.6,3.0,500.0,6.667,1.3569,0.011113
0.4,0.6,3.0,500.0,6.667,1.3847,0.011808
0.4,0.6,3.0,500.0,6.667,1.4122,0.012502
0.4,0.6,3.0,500.0,6.667,1.4378,0.013197
0.4,0.6,3.0,500.0,6.667,0.39479,0.0013891
0.4,0.6,3.0,500.0,6.667,1.4625,0.013891
0.4,0.6,3.0,500.0,6.667,0.5866,0.0020837
0.4,0.6,3.0,500.0,6.667,0.7666,0.0027782
0.4,0.6,3.0,500.0,6.667,0.90839,0.0034728
0.4,0.6,3.0,500.0,6.667,0.97852,0.0041674
0.4,0.6,3.0,500.0,6.667,1.0253,0.0048619
0.4,0.6,3.0,500.0,6.667,1.0718,0.0055565
0.4,0.6,3.0,500.0,6.667,1.1169,0.0062511
0.4,0.6,3.0,700.0,6.667,0.23674,0.0005926
0.4,0.6,3.0,700.0,6.667,1.2266,0.005926
0.4,0.6,3.0,700.0,6.667,1.2685,0.0065186
0.4,0.6,3.0,700.0,6.667,1.3083,0.0071111
0.4,0.6,3.0,700.0,6.667,1.3428,0.0077037
0.4,0.6,3.0,700.0,6.667,1.3764,0.0082963
0.4,0.6,3.0,700.0,6.667,1.4098,0.0088889
0.4,0.6,3.0,700.0,6.667,1.4413,0.0094815
0.4,0.6,3.0,700.0,6.667,1.4698,0.010074
0.4,0.6,3.0,700.0,6.667,1.4985,0.010667
0.4,0.6,3.0,700.0,6.667,1.5266,0.011259
0.4,0.6,3.0,700.0,6.667,0.47009,0.0011852
0.4,0.6,3.0,700.0,6.667,1.553,0.011852
0.4,0.6,3.0,700.0,6.667,0.69365,0.0017778
0.4,0.6,3.0,700.0,6.667,0.88415,0.0023704
0.4,0.6,3.0,700.0,6.667,0.97733,0.002963
0.4,0.6,3.0,700.0,6.667,1.0298,0.0035556
0.4,0.6,3.0,700.0,6.667,1.0846,0.0041482
0.4,0.6,3.0,700.0,6.667,1.1392,0.0047408
0.4,0.6,3.0,700.0,6.667,1.1854,0.0053334
0.4,0.6,4.0,100.0,6.667,0.078044,0.0013657
0.4,0.6,4.0,100.0,6.667,0.75226,0.013657
0.4,0.6,4.0,100.0,6.667,0.81486,0.015023
0.4,0.6,4.0,100.0,6.667,0.86966,0.016388
0.4,0.6,4.0,100.0,6.667,0.915,0.017754
0.4,0.6,4.0,100.0,6.667,0.94767,0.01912
0.4,0.6,4.0,100.0,6.667,0.96961,0.020486
0.4,0.6,4.0,100.0,6.667,0.98326,0.021851
0.4,0.6,4.0,100.0,6.667,0.99691,0.023217
0.4,0.6,4.0,100.0,6.667,1.0068,0.024583
0.4,0.6,4.0,100.0,6.667,1.0169,0.025948
0.4,0.6,4.0,100.0,6.667,0.15605,0.0027314
0.4,0.6,4.0,100.0,6.667,1.0285,0.027314
0.4,0.6,4.0,100.0,6.667,0.23381,0.0040971
0.4,0.6,4.0,100.0,6.667,0.31114,0.0054628
0.4,0.6,4.0,100.0,6.667,0.38795,0.0068285
0.4,0.6,4.0,100.0,6.667,0.46397,0.0081942
0.4,0.6,4.0,100.0,6.667,0.53892,0.0095599
0.4,0.6,4.0,100.0,6.667,0.61248,0.010926
0.4,0.6,4.0,100.0,6.667,0.68411,0.012291
0.4,0.6,4.0,1000.0,6.667,0.27078,0.00047485
0.4,0.6,4.0,1000.0,6.667,1.1819,0.0047485
0.4,0.6,4.0,1000.0,6.667,1.2082,0.0052233
0.4,0.6,4.0,1000.0,6.667,1.2363,0.0056982
0.4,0.6,4.0,1000.0,6.667,1.2635,0.006173
0.4,0.6,4.0,1000.0,6.667,1.2887,0.0066479
0.4,0.6,4.0,1000.0,6.667,1.3104,0.0071227
0.4,0.6,4.0,1000.0,6.667,1.3308,0.0075976
0.4,0.6,4.0,1000.0,6.667,1.3519,0.0080724
0.4,0.6,4.0,1000.0,6.667,1.3724,0.0085473
0.4,0.6,4.0,1000.0,6.667,1.3917,0.0090221
0.4,0.6,4.0,1000.0,6.667,0.53546,0.0009497
0.4,0.6,4.0,1000.0,6.667,1.4093,0.009497
0.4,0.6,4.0,1000.0,6.667,0.77868,0.0014245
0.4,0.6,4.0,1000.0,6.667,0.93799,0.0018994
0.4,0.6,4.0,1000.0,6.667,0.98598,0.0023742
0.4,0.6,4.0,1000.0,6.667,1.0289,0.0028491
0.4,0.6,4.0,1000.0,6.667,1.0712,0.0033239
0.4,0.6,4.0,1000.0,6.667,1.1133,0.0037988
0.4,0.6,4.0,1000.0,6.667,1.1513,0.0042736
0.4,0.6,4.0,200.0,6.667,0.11504,0.0010066
0.4,0.6,4.0,200.0,6.667,0.96264,0.010066
0.4,0.6,4.0,200.0,6.667,0.98889,0.011072
0.4,0.6,4.0,200.0,6.667,1.0032,0.012079
0.4,0.6,4.0,200.0,6.667,1.019,0.013086
0.4,0.6,4.0,200.0,6.667,1.0367,0.014092
0.4,0.6,4.0,200.0,6.667,1.0541,0.015099
0.4,0.6,4.0,200.0,6.667,1.0714,0.016105
0.4,0.6,4.0,200.0,6.667,1.0877,0.017112
0.4,0.6,4.0,200.0,6.667,1.1036,0.018118
0.4,0.6,4.0,200.0,6.667,1.1188,0.019125
0.4,0.6,4.0,200.0,6.667,0.22979,0.0020132
0.4,0.6,4.0,200.0,6.667,1.1334,0.020132
0.4,0.6,4.0,200.0,6.667,0.34366,0.0030197
0.4,0.6,4.0,200.0,6.667,0.45613,0.0040263
0.4,0.6,4.0,200.0,6.667,0.56642,0.0050329
0.4,0.6,4.0,200.0,6.667,0.67326,0.0060395
0.4,0.6,4.0,200.0,6.667,0.77352,0.0070461
0.4,0.6,4.0,200.0,6.667,0.85932,0.0080526
0.4,0.6,4.0,200.0,6.667,0.92453,0.0090592
0.4,0.6,4.0,300.0,6.667,0.14229,0.00083002
0.4,0.6,4.0,300.0,6.667,1.0085,0.0083002
0.4,0.6,4.0,300.0,6.667,1.0292,0.0091302
0.4,0.6,4.0,300.0,6.667,1.0517,0.0099603
0.4,0.6,4.0,300.0,6.667,1.0723,0.01079
0.4,0.6,4.0,300.0,6.667,1.0928,0.01162
0.4,0.6,4.0,300.0,6.667,1.1124,0.01245
0.4,0.6,4.0,300.0,6.667,1.1305,0.01328
0.4,0.6,4.0,300.0,6.667,1.1483,0.01411
0.4,0.6,4.0,300.0,6.667,1.1653,0.01494
0.4,0.6,4.0,300.0,6.667,1.1812,0.01577
0.4,0.6,4.0,300.0,6.667,0.28387,0.00166
0.4,0.6,4.0,300.0,6.667,1.1968,0.0166
0.4,0.6,4.0,300.0,6.667,0.42377,0.0024901
0.4,0.6,4.0,300.0,6.667,0.56071,0.0033201
0.4,0.6,4.0,300.0,6.667,0.69241,0.0041501
0.4,0.6,4.0,300.0,6.667,0.81143,0.0049801
0.4,0.6,4.0,300.0,6.667,0.9056,0.0058102
0.4,0.6,4.0,300.0,6.667,0.9647,0.0066402
0.4,0.6,4.0,300.0,6.667,0.98726,0.0074702
0.4,0.6,4.0,500.0,6.667,0.18278,0.00064005
0.4,0.6,4.0,500.0,6.667,1.0696,0.0064005
0.4,0.6,4.0,500.0,6.667,1.0957,0.0070405
0.4,0.6,4.0,500.0,6.667,1.1191,0.0076806
0.4,0.6,4.0,500.0,6.667,1.1428,0.0083206
0.4,0.6,4.0,500.0,6.667,1.1656,0.0089606
0.4,0.6,4.0,500.0,6.667,1.1857,0.0096007
0.4,0.6,4.0,500.0,6.667,1.205,0.010241
0.4,0.6,4.0,500.0,6.667,1.2242,0.010881
0.4,0.6,4.0,500.0,6.667,1.2425,0.011521
0.4,0.6,4.0,500.0,6.667,1.2591,0.012161
0.4,0.6,4.0,500.0,6.667,0.36394,0.0012801
0.4,0.6,4.0,500.0,6.667,1.2756,0.012801
0.4,0.6,4.0,500.0,6.667,0.54117,0.0019201
0.4,0.6,4.0,500.0,6.667,0.71008,0.0025602
0.4,0.6,4.0,500.0,6.667,0.85303,0.0032002
0.4,0.6,4.0,500.0,6.667,0.94073,0.0038403
0.4,0.6,4.0,500.0,6.667,0.98772,0.0044803
0.4,0.6,4.0,500.0,6.667,1.0113,0.0051204
0.4,0.6,4.0,500.0,6.667,1.04,0.0057604
0.4,0.6,4.0,700.0,6.667,0.22095,0.00055294
0.4,0.6,4.0,700.0,6.667,1.1231,0.0055294
0.4,0.6,4.0,700.0,6.667,1.1484,0.0060823
0.4,0.6,4.0,700.0,6.667,1.1741,0.0066353
0.4,0.6,4.0,700.0,6.667,1.1997,0.0071882
0.4,0.6,4.0,700.0,6.667,1.2235,0.0077412
0.4,0.6,4.0,700.0,6.667,1.2441,0.0082941
0.4,0.6,4.0,700.0,6.667,1.2642,0.008847
0.4,0.6,4.0,700.0,6.667,1.2845,0.0094
0.4,0.6,4.0,700.0,6.667,1.3038,0.0099529
0.4,0.6,4.0,700.0,6.667,1.3213,0.010506
0.4,0.6,4.0,700.0,6.667,0.43879,0.0011059
0.4,0.6,4.0,700.0,6.667,1.338,0.011059
0.4,0.6,4.0,700.0,6.667,0.64876,0.0016588
0.4,0.6,4.0,700.0,6.667,0.83203,0.0022118
0.4,0.6,4.0,700.0,6.667,0.94445,0.0027647
0.4,0.6,4.0,700.0,6.667,0.99096,0.0033176
0.4,0.6,4.0,700.0,6.667,1.0214,0.0038706
0.4,0.6,4.0,700.0,6.667,1.0566,0.0044235
0.4,0.6,4.0,700.0,6.667,1.0917,0.0049765
0.4,0.6,6.0,100.0,6.667,0.078187,0.0013682
0.4,0.6,6.0,100.0,6.667,0.7492,0.013682
0.4,0.6,6.0,100.0,6.667,0.80978,0.01505
0.4,0.6,6.0,100.0,6.667,0.86212,0.016418
0.4,0.6,6.0,100.0,6.667,0.9048,0.017787
0.4,0.6,6.0,100.0,6.667,0.93654,0.019155
0.4,0.6,6.0,100.0,6.667,0.95566,0.020523
0.4,0.6,6.0,100.0,6.667,0.96875,0.021891
0.4,0.6,6.0,100.0,6.667,0.98183,0.02326
0.4,0.6,6.0,100.0,6.667,0.98844,0.024628
0.4,0.6,6.0,100.0,6.667,0.99468,0.025996
0.4,0.6,6.0,100.0,6.667,0.15635,0.0027364
0.4,0.6,6.0,100.0,6.667,1.0009,0.027364
0.4,0.6,6.0,100.0,6.667,0.23416,0.0041046
0.4,0.6,6.0,100.0,6.667,0.31153,0.0054728
0.4,0.6,6.0,100.0,6.667,0.38821,0.006841
0.4,0.6,6.0,100.0,6.667,0.46401,0.0082092
0.4,0.6,6.0,100.0,6.667,0.53858,0.0095774
0.4,0.6,6.0,100.0,6.667,0.61143,0.010946
0.4,0.6,6.0,100.0,6.667,0.68216,0.012314
0.4,0.6,6.0,1000.0,6.667,0.28207,0.00049536
0.4,0.6,6.0,1000.0,6.667,1.0999,0.0049536
0.4,0.6,6.0,1000.0,6.667,1.1166,0.005449
0.4,0.6,6.0,1000.0,6.667,1.1318,0.0059443
0.4,0.6,6.0,1000.0,6.667,1.1479,0.0064397
0.4,0.6,6.0,1000.0,6.667,1.1636,0.006935
0.4,0.6,6.0,1000.0,6.667,1.1779,0.0074304
0.4,0.6,6.0,1000.0,6.667,1.1906,0.0079258
0.4,0.6,6.0,1000.0,6.667,1.2022,0.0084211
0.4,0.6,6.0,1000.0,6.667,1.2137,0.0089165
0.4,0.6,6.0,1000.0,6.667,1.2253,0.0094119
0.4,0.6,6.0,1000.0,6.667,0.55574,0.00099072
0.4,0.6,6.0,1000.0,6.667,1.2364,0.0099072
0.4,0.6,6.0,1000.0,6.667,0.79776,0.0014861
0.4,0.6,6.0,1000.0,6.667,0.93017,0.0019814
0.4,0.6,6.0,1000.0,6.667,0.98287,0.0024768
0.4,0.6,6.0,1000.0,6.667,1.0041,0.0029722
0.4,0.6,6.0,1000.0,6.667,1.0277,0.0034675
0.4,0.6,6.0,1000.0,6.667,1.0539,0.0039629
0.4,0.6,6.0,1000.0,6.667,1.0786,0.0044582
0.4,0.6,6.0,200.0,6.667,0.10184,0.00089105
0.4,0.6,6.0,200.0,6.667,0.90755,0.0089105
0.4,0.6,6.0,200.0,6.667,0.94707,0.0098015
0.4,0.6,6.0,200.0,6.667,0.96574,0.010693
0.4,0.6,6.0,200.0,6.667,0.98107,0.011584
0.4,0.6,6.0,200.0,6.667,0.99007,0.012475
0.4,0.6,6.0,200.0,6.667,0.99834,0.013366
0.4,0.6,6.0,200.0,6.667,1.0056,0.014257
0.4,0.6,6.0,200.0,6.667,1.0134,0.015148
0.4,0.6,6.0,200.0,6.667,1.0222,0.016039
0.4,0.6,6.0,200.0,6.667,1.0309,0.01693
0.4,0.6,6.0,200.0,6.667,0.20348,0.0017821
0.4,0.6,6.0,200.0,6.667,1.0395,0.017821
0.4,0.6,6.0,200.0,6.667,0.30441,0.0026731
0.4,0.6,6.0,200.0,6.667,0.40422,0.0035642
0.4,0.6,6.0,200.0,6.667,0.50242,0.0044552
0.4,0.6,6.0,200.0,6.667,0.59829,0.0053463
0.4,0.6,6.0,200.0,6.667,0.69051,0.0062373
0.4,0.6,6.0,200.0,6.667,0.77626,0.0071284
0.4,0.6,6.0,200.0,6.667,0.84926,0.0080194
0.4,0.6,6.0,300.0,6.667,0.13338,0.00077811
0.4,0.6,6.0,300.0,6.667,0.97939,0.0077811
0.4,0.6,6.0,300.0,6.667,0.99332,0.0085592
0.4,0.6,6.0,300.0,6.667,1.003,0.0093373
0.4,0.6,6.0,300.0,6.667,1.0134,0.010115
0.4,0.6,6.0,300.0,6.667,1.0251,0.010893
0.4,0.6,6.0,300.0,6.667,1.0366,0.011672
0.4,0.6,6.0,300.0,6.667,1.0476,0.01245
0.4,0.6,6.0,300.0,6.667,1.0584,0.013228
0.4,0.6,6.0,300.0,6.667,1.0689,0.014006
0.4,0.6,6.0,300.0,6.667,1.0787,0.014784
0.4,0.6,6.0,300.0,6.667,0.26611,0.0015562
0.4,0.6,6.0,300.0,6.667,1.0881,0.015562
0.4,0.6,6.0,300.0,6.667,0.39727,0.0023343
0.4,0.6,6.0,300.0,6.667,0.5256,0.0031124
0.4,0.6,6.0,300.0,6.667,0.64935,0.0038905
0.4,0.6,6.0,300.0,6.667,0.76419,0.0046686
0.4,0.6,6.0,300.0,6.667,0.86001,0.0054467
0.4,0.6,6.0,300.0,6.667,0.92452,0.0062248
0.4,0.6,6.0,300.0,6.667,0.96315,0.007003
0.4,0.6,6.0,500.0,6.667,0.19016,0.00066616
0.4,0.6,6.0,500.0,6.667,1.0269,0.0066616
0.4,0.6,6.0,500.0,6.667,1.0443,0.0073277
0.4,0.6,6.0,500.0,6.667,1.0598,0.0079939
0.4,0.6,6.0,500.0,6.667,1.0737,0.00866
0.4,0.6,6.0,500.0,6.667,1.0876,0.0093262
0.4,0.6,6.0,500.0,6.667,1.1009,0.0099924
0.4,0.6,6.0,500.0,6.667,1.1131,0.010659
0.4,0.6,6.0,500.0,6.667,1.1243,0.011325
0.4,0.6,6.0,500.0,6.667,1.1353,0.011991
0.4,0.6,6.0,500.0,6.667,1.146,0.012657
0.4,0.6,6.0,500.0,6.667,0.37812,0.0013323
0.4,0.6,6.0,500.0,6.667,1.156,0.013323
0.4,0.6,6.0,500.0,6.667,0.56087,0.0019985
0.4,0.6,6.0,500.0,6.667,0.73241,0.0026646
0.4,0.6,6.0,500.0,6.667,0.86846,0.0033308
0.4,0.6,6.0,500.0,6.667,0.94238,0.0039969
0.4,0.6,6.0,500.0,6.667,0.97889,0.0046631
0.4,0.6,6.0,500.0,6.667,0.99528,0.0053293
0.4,0.6,6.0,500.0,6.667,1.0105,0.0059954
0.4,0.6,6.0,700.0,6.667,0.23169,0.00058029
0.4,0.6,6.0,700.0,6.667,1.0628,0.0058029
0.4,0.6,6.0,700.0,6.667,1.0801,0.0063832
0.4,0.6,6.0,700.0,6.667,1.0951,0.0069635
0.4,0.6,6.0,700.0,6.667,1.1102,0.0075438
0.4,0.6,6.0,700.0,6.667,1.1252,0.0081241
0.4,0.6,6.0,700.0,6.667,1.1389,0.0087044
0.4,0.6,6.0,700.0,6.667,1.1512,0.0092846
0.4,0.6,6.0,700.0,6.667,1.1626,0.0098649
0.4,0.6,6.0,700.0,6.667,1.1742,0.010445
0.4,0.6,6.0,700.0,6.667,1.1853,0.011026
0.4,0.6,6.0,700.0,6.667,0.4591,0.0011606
0.4,0.6,6.0,700.0,6.667,1.1956,0.011606
0.4,0.6,6.0,700.0,6.667,0.67529,0.0017409
0.4,0.6,6.0,700.0,6.667,0.85229,0.0023212
0.4,0.6,6.0,700.0,6.667,0.93842,0.0029015
0.4,0.6,6.0,700.0,6.667,0.98474,0.0034817
0.4,0.6,6.0,700.0,6.667,1.0016,0.004062
0.4,0.6,6.0,700.0,6.667,1.0204,0.0046423
0.4,0.6,6.0,700.0,6.667,1.042,0.0052226
0.4,0.8,10.0,100.0,5.0,0.088886,0.0013314
0.4,0.8,10.0,100.0,5.0,0.83052,0.013314
0.4,0.8,10.0,100.0,5.0,0.88508,0.014645
0.4,0.8,10.0,100.0,5.0,0.925,0.015977
0.4,0.8,10.0,100.0,5.0,0.94919,0.017308
0.4,0.8,10.0,100.0,5.0,0.96567,0.01864
0.4,0.8,10.0,100.0,5.0,0.9726,0.019971
0.4,0.8,10.0,100.0,5.0,0.97931,0.021303
0.4,0.8,10.0,100.0,5.0,0.98416,0.022634
0.4,0.8,10.0,100.0,5.0,0.98889,0.023965
0.4,0.8,10.0,100.0,5.0,0.99283,0.025297
0.4,0.8,10.0,100.0,5.0,0.17772,0.0026628
0.4,0.8,10.0,100.0,5.0,0.99669,0.026628
0.4,0.8,10.0,100.0,5.0,0.26606,0.0039942
0.4,0.8,10.0,100.0,5.0,0.35369,0.0053256
0.4,0.8,10.0,100.0,5.0,0.44029,0.006657
0.4,0.8,10.0,100.0,5.0,0.52531,0.0079885
0.4,0.8,10.0,100.0,5.0,0.60823,0.0093199
0.4,0.8,10.0,100.0,5.0,0.68814,0.010651
0.4,0.8,10.0,100.0,5.0,0.76359,0.011983
0.4,0.8,10.0,1000.0,5.0,0.15826,0.00023714
0.4,0.8,10.0,1000.0,5.0,0.98433,0.0023714
0.4,0.8,10.0,1000.0,5.0,0.99181,0.0026085
0.4,0.8,10.0,1000.0,5.0,0.99786,0.0028456
0.4,0.8,10.0,1000.0,5.0,1.0038,0.0030828
0.4,0.8,10.0,1000.0,5.0,1.0097,0.0033199
0.4,0.8,10.0,1000.0,5.0,1.0168,0.0035571
0.4,0.8,10.0,1000.0,5.0,1.0245,0.0037942
0.4,0.8,10.0,1000.0,5.0,1.0319,0.0040313
0.4,0.8,10.0,1000.0,5.0,1.039,0.0042685
0.4,0.8,10.0,1000.0,5.0,1.0454,0.0045056
0.4,0.8,10.0,1000.0,5.0,0.3154,0.00047427
0.4,0.8,10.0,1000.0,5.0,1.0511,0.0047427
0.4,0.8,10.0,1000.0,5.0,0.46965,0.00071141
0.4,0.8,10.0,1000.0,5.0,0.61821,0.00094855
0.4,0.8,10.0,1000.0,5.0,0.75593,0.0011857
0.4,0.8,10.0,1000.0,5.0,0.86909,0.0014228
0.4,0.8,10.0,1000.0,5.0,0.9347,0.00166
0.4,0.8,10.0,1000.0,5.0,0.95919,0.0018971
0.4,0.8,10.0,1000.0,5.0,0.97619,0.0021342
0.4,0.8,10.0,200.0,5.0,0.1097,0.00082157
0.4,0.8,10.0,200.0,5.0,0.93494,0.0082157
0.4,0.8,10.0,200.0,5.0,0.96113,0.0090372
0.4,0.8,10.0,200.0,5.0,0.97066,0.0098588
0.4,0.8,10.0,200.0,5.0,0.97944,0.01068
0.4,0.8,10.0,200.0,5.0,0.98542,0.011502
0.4,0.8,10.0,200.0,5.0,0.99097,0.012324
0.4,0.8,10.0,200.0,5.0,0.99571,0.013145
0.4,0.8,10.0,200.0,5.0,1.0001,0.013967
0.4,0.8,10.0,200.0,5.0,1.0043,0.014788
0.4,0.8,10.0,200.0,5.0,1.0084,0.01561
0.4,0.8,10.0,200.0,5.0,0.21915,0.0016431
0.4,0.8,10.0,200.0,5.0,1.0128,0.016431
0.4,0.8,10.0,200.0,5.0,0.32772,0.0024647
0.4,0.8,10.0,200.0,5.0,0.43481,0.0032863
0.4,0.8,10.0,200.0,5.0,0.53967,0.0041078
0.4,0.8,10.0,200.0,5.0,0.6411,0.0049294
0.4,0.8,10.0,200.0,5.0,0.73705,0.005751
0.4,0.8,10.0,200.0,5.0,0.82254,0.0065725
0.4,0.8,10.0,200.0,5.0,0.8911,0.0073941
0.4,0.8,10.0,300.0,5.0,0.11876,0.00059297
0.4,0.8,10.0,300.0,5.0,0.95608,0.0059297
0.4,0.8,10.0,300.0,5.0,0.96911,0.0065227
0.4,0.8,10.0,300.0,5.0,0.97887,0.0071156
0.4,0.8,10.0,300.0,5.0,0.98571,0.0077086
0.4,0.8,10.0,300.0,5.0,0.99147,0.0083016
0.4,0.8,10.0,300.0,5.0,0.99675,0.0088945
0.4,0.8,10.0,300.0,5.0,1.0013,0.0094875
0.4,0.8,10.0,300.0,5.0,1.0059,0.01008
0.4,0.8,10.0,300.0,5.0,1.0104,0.010673
0.4,0.8,10.0,300.0,5.0,1.0154,0.011266
0.4,0.8,10.0,300.0,5.0,0.23716,0.0011859
0.4,0.8,10.0,300.0,5.0,1.0206,0.011859
0.4,0.8,10.0,300.0,5.0,0.35442,0.0017789
0.4,0.8,10.0,300.0,5.0,0.46976,0.0023719
0.4,0.8,10.0,300.0,5.0,0.58206,0.0029648
0.4,0.8,10.0,300.0,5.0,0.68952,0.0035578
0.4,0.8,10.0,300.0,5.0,0.78866,0.0041508
0.4,0.8,10.0,300.0,5.0,0.8703,0.0047438
0.4,0.8,10.0,300.0,5.0,0.92489,0.0053367
0.4,0.8,10.0,500.0,5.0,0.13654,0.00040904
0.4,0.8,10.0,500.0,5.0,0.97414,0.0040904
0.4,0.8,10.0,500.0,5.0,0.98248,0.0044995
0.4,0.8,10.0,500.0,5.0,0.98982,0.0049085
0.4,0.8,10.0,500.0,5.0,0.99557,0.0053175
0.4,0.8,10.0,500.0,5.0,1.0011,0.0057266
0.4,0.8,10.0,500.0,5.0,1.0063,0.0061356
0.4,0.8,10.0,500.0,5.0,1.0118,0.0065447
0.4,0.8,10.0,500.0,5.0,1.0179,0.0069537
0.4,0.8,10.0,500.0,5.0,1.0239,0.0073627
0.4,0.8,10.0,500.0,5.0,1.0296,0.0077718
0.4,0.8,10.0,500.0,5.0,0.2724,0.00081808
0.4,0.8,10.0,500.0,5.0,1.0351,0.0081808
0.4,0.8,10.0,500.0,5.0,0.40652,0.0012271
0.4,0.8,10.0,500.0,5.0,0.53743,0.0016362
0.4,0.8,10.0,500.0,5.0,0.66307,0.0020452
0.4,0.8,10.0,500.0,5.0,0.77858,0.0024542
0.4,0.8,10.0,500.0,5.0,0.87224,0.0028633
0.4,0.8,10.0,500.0,5.0,0.93126,0.0032723
0.4,0.8,10.0,500.0,5.0,0.9592,0.0036814
0.4,0.8,10.0,700.0,5.0,0.15333,0.00032814
0.4,0.8,10.0,700.0,5.0,0.98356,0.0032814
0.4,0.8,10.0,700.0,5.0,0.99077,0.0036095
0.4,0.8,10.0,700.0,5.0,0.99724,0.0039377
0.4,0.8,10.0,700.0,5.0,1.0031,0.0042658
0.4,0.8,10.0,700.0,5.0,1.009,0.004594
0.4,0.8,10.0,700.0,5.0,1.0159,0.0049221
0.4,0.8,10.0,700.0,5.0,1.0231,0.0052502
0.4,0.8,10.0,700.0,5.0,1.03,0.0055784
0.4,0.8,10.0,700.0,5.0,1.0362,0.0059065
0.4,0.8,10.0,700.0,5.0,1.042,0.0062347
0.4,0.8,10.0,700.0,5.0,0.30561,0.00065628
0.4,0.8,10.0,700.0,5.0,1.0475,0.0065628
0.4,0.8,10.0,700.0,5.0,0.45535,0.00098442
0.4,0.8,10.0,700.0,5.0,0.60006,0.0013126
0.4,0.8,10.0,700.0,5.0,0.73604,0.0016407
0.4,0.8,10.0,700.0,5.0,0.85153,0.0019688
0.4,0.8,10.0,700.0,5.0,0.92338,0.002297
0.4,0.8,10.0,700.0,5.0,0.96082,0.0026251
0.4,0.8,10.0,700.0,5.0,0.97319,0.0029533
0.4,0.8,20.0,100.0,5.0,0.099205,0.001486
0.4,0.8,20.0,100.0,5.0,0.88648,0.01486
0.4,0.8,20.0,100.0,5.0,0.92514,0.016346
0.4,0.8,20.0,100.0,5.0,0.94833,0.017832
0.4,0.8,20.0,100.0,5.0,0.95892,0.019318
0.4,0.8,20.0,100.0,5.0,0.96653,0.020804
0.4,0.8,20.0,100.0,5.0,0.9707,0.02229
0.4,0.8,20.0,100.0,5.0,0.97447,0.023776
0.4,0.8,20.0,100.0,5.0,0.97745,0.025262
0.4,0.8,20.0,100.0,5.0,0.98033,0.026748
0.4,0.8,20.0,100.0,5.0,0.98272,0.028234
0.4,0.8,20.0,100.0,5.0,0.19826,0.002972
0.4,0.8,20.0,100.0,5.0,0.98511,0.02972
0.4,0.8,20.0,100.0,5.0,0.29658,0.0044579
0.4,0.8,20.0,100.0,5.0,0.39376,0.0059439
0.4,0.8,20.0,100.0,5.0,0.48923,0.0074299
0.4,0.8,20.0,100.0,5.0,0.58225,0.0089159
0.4,0.8,20.0,100.0,5.0,0.67157,0.010402
0.4,0.8,20.0,100.0,5.0,0.75535,0.011888
0.4,0.8,20.0,100.0,5.0,0.8287,0.013374
0.4,0.8,20.0,1000.0,5.0,0.17867,0.00026775
0.4,0.8,20.0,1000.0,5.0,0.97865,0.0026775
0.4,0.8,20.0,1000.0,5.0,0.98288,0.0029452
0.4,0.8,20.0,1000.0,5.0,0.9868,0.003213
0.4,0.8,20.0,1000.0,5.0,0.9903,0.0034807
0.4,0.8,20.0,1000.0,5.0,0.99342,0.0037485
0.4,0.8,20.0,1000.0,5.0,0.99636,0.0040162
0.4,0.8,20.0,1000.0,5.0,0.9991,0.004284
0.4,0.8,20.0,1000.0,5.0,1.0016,0.0045517
0.4,0.8,20.0,1000.0,5.0,1.0041,0.0048194
0.4,0.8,20.0,1000.0,5.0,1.0066,0.0050872
0.4,0.8,20.0,1000.0,5.0,0.35538,0.00053549
0.4,0.8,20.0,1000.0,5.0,1.0089,0.0053549
0.4,0.8,20.0,1000.0,5.0,0.5273,0.00080324
0.4,0.8,20.0,1000.0,5.0,0.68946,0.001071
0.4,0.8,20.0,1000.0,5.0,0.82919,0.0013387
0.4,0.8,20.0,1000.0,5.0,0.9198,0.0016065
0.4,0.8,20.0,1000.0,5.0,0.9566,0.0018742
0.4,0.8,20.0,1000.0,5.0,0.96611,0.002142
0.4,0.8,20.0,1000.0,5.0,0.97337,0.0024097
0.4,0.8,20.0,200.0,5.0,0.13075,0.0009793
0.4,0.8,20.0,200.0,5.0,0.96098,0.009793
0.4,0.8,20.0,200.0,5.0,0.96863,0.010772
0.4,0.8,20.0,200.0,5.0,0.97369,0.011752
0.4,0.8,20.0,200.0,5.0,0.97806,0.012731
0.4,0.8,20.0,200.0,5.0,0.98142,0.01371
0.4,0.8,20.0,200.0,5.0,0.98465,0.014689
0.4,0.8,20.0,200.0,5.0,0.98741,0.015669
0.4,0.8,20.0,200.0,5.0,0.99002,0.016648
0.4,0.8,20.0,200.0,5.0,0.99239,0.017627
0.4,0.8,20.0,200.0,5.0,0.99458,0.018607
0.4,0.8,20.0,200.0,5.0,0.2609,0.0019586
0.4,0.8,20.0,200.0,5.0,0.99669,0.019586
0.4,0.8,20.0,200.0,5.0,0.38932,0.0029379
0.4,0.8,20.0,200.0,5.0,0.51485,0.0039172
0.4,0.8,20.0,200.0,5.0,0.63554,0.0048965
0.4,0.8,20.0,200.0,5.0,0.74801,0.0058758
0.4,0.8,20.0,200.0,5.0,0.84372,0.0068551
0.4,0.8,20.0,200.0,5.0,0.90982,0.0078344
0.4,0.8,20.0,200.0,5.0,0.94443,0.0088137
0.4,0.8,20.0,300.0,5.0,0.14486,0.00072335
0.4,0.8,20.0,300.0,5.0,0.96882,0.0072335
0.4,0.8,20.0,300.0,5.0,0.9744,0.0079568
0.4,0.8,20.0,300.0,5.0,0.97908,0.0086802
0.4,0.8,20.0,300.0,5.0,0.98265,0.0094035
0.4,0.8,20.0,300.0,5.0,0.98603,0.010127
0.4,0.8,20.0,300.0,5.0,0.989,0.01085
0.4,0.8,20.0,300.0,5.0,0.9917,0.011574
0.4,0.8,20.0,300.0,5.0,0.99425,0.012297
0.4,0.8,20.0,300.0,5.0,0.99652,0.01302
0.4,0.8,20.0,300.0,5.0,0.9987,0.013744
0.4,0.8,20.0,300.0,5.0,0.28881,0.0014467
0.4,0.8,20.0,300.0,5.0,1.0008,0.014467
0.4,0.8,20.0,300.0,5.0,0.43038,0.00217
0.4,0.8,20.0,300.0,5.0,0.5677,0.0028934
0.4,0.8,20.0,300.0,5.0,0.6976,0.0036167
0.4,0.8,20.0,300.0,5.0,0.81262,0.0043401
0.4,0.8,20.0,300.0,5.0,0.89647,0.0050634
0.4,0.8,20.0,300.0,5.0,0.94041,0.0057868
0.4,0.8,20.0,300.0,5.0,0.96099,0.0065101
0.4,0.8,20.0,500.0,5.0,0.16087,0.00048204
0.4,0.8,20.0,500.0,5.0,0.97468,0.0048204
0.4,0.8,20.0,500.0,5.0,0.97939,0.0053025
0.4,0.8,20.0,500.0,5.0,0.98349,0.0057845
0.4,0.8,20.0,500.0,5.0,0.98722,0.0062666
0.4,0.8,20.0,500.0,5.0,0.99031,0.0067486
0.4,0.8,20.0,500.0,5.0,0.9932,0.0072307
0.4,0.8,20.0,500.0,5.0,0.99586,0.0077127
0.4,0.8,20.0,500.0,5.0,0.99828,0.0081947
0.4,0.8,20.0,500.0,5.0,1.0006,0.0086768
0.4,0.8,20.0,500.0,5.0,1.0028,0.0091588
0.4,0.8,20.0,500.0,5.0,0.3204,0.00096409
0.4,0.8,20.0,500.0,5.0,1.0049,0.0096409
0.4,0.8,20.0,500.0,5.0,0.47655,0.0014461
0.4,0.8,20.0,500.0,5.0,0.6265,0.0019282
0.4,0.8,20.0,500.0,5.0,0.76427,0.0024102
0.4,0.8,20.0,500.0,5.0,0.87219,0.0028923
0.4,0.8,20.0,500.0,5.0,0.93579,0.0033743
0.4,0.8,20.0,500.0,5.0,0.95917,0.0038563
0.4,0.8,20.0,500.0,5.0,0.96833,0.0043384
0.4,0.8,20.0,700.0,5.0,0.15192,0.00032513
0.4,0.8,20.0,700.0,5.0,0.97126,0.0032513
0.4,0.8,20.0,700.0,5.0,0.97597,0.0035764
0.4,0.8,20.0,700.0,5.0,0.98038,0.0039015
0.4,0.8,20.0,700.0,5.0,0.98398,0.0042267
0.4,0.8,20.0,700.0,5.0,0.98736,0.0045518
0.4,0.8,20.0,700.0,5.0,0.99037,0.0048769
0.4,0.8,20.0,700.0,5.0,0.9931,0.005202
0.4,0.8,20.0,700.0,5.0,0.9957,0.0055272
0.4,0.8,20.0,700.0,5.0,0.99799,0.0058523
0.4,0.8,20.0,700.0,5.0,1.0002,0.0061774
0.4,0.8,20.0,700.0,5.0,0.30273,0.00065026
0.4,0.8,20.0,700.0,5.0,1.0023,0.0065026
0.4,0.8,20.0,700.0,5.0,0.45078,0.00097538
0.4,0.8,20.0,700.0,5.0,0.59376,0.0013005
0.4,0.8,20.0,700.0,5.0,0.72749,0.0016256
0.4,0.8,20.0,700.0,5.0,0.84098,0.0019508
0.4,0.8,20.0,700.0,5.0,0.91683,0.0022759
0.4,0.8,20.0,700.0,5.0,0.94989,0.002601
0.4,0.8,20.0,700.0,5.0,0.96385,0.0029262
0.4,0.8,3.0,100.0,5.0,0.089503,0.0013407
0.4,0.8,3.0,100.0,5.0,0.85327,0.013407
0.4,0.8,3.0,100.0,5.0,0.91487,0.014747
0.4,0.8,3.0,100.0,5.0,0.95949,0.016088
0.4,0.8,3.0,100.0,5.0,0.98601,0.017429
0.4,0.8,3.0,100.0,5.0,1.0048,0.018769
0.4,0.8,3.0,100.0,5.0,1.0234,0.02011
0.4,0.8,3.0,100.0,5.0,1.0441,0.021451
0.4,0.8,3.0,100.0,5.0,1.065,0.022791
0.4,0.8,3.0,100.0,5.0,1.0854,0.024132
0.4,0.8,3.0,100.0,5.0,1.1051,0.025473
0.4,0.8,3.0,100.0,5.0,0.17897,0.0026813
0.4,0.8,3.0,100.0,5.0,1.1242,0.026813
0.4,0.8,3.0,100.0,5.0,0.26813,0.004022
0.4,0.8,3.0,100.0,5.0,0.35683,0.0053626
0.4,0.8,3.0,100.0,5.0,0.44485,0.0067033
0.4,0.8,3.0,100.0,5.0,0.53186,0.008044
0.4,0.8,3.0,100.0,5.0,0.61739,0.0093846
0.4,0.8,3.0,100.0,5.0,0.70062,0.010725
0.4,0.8,3.0,100.0,5.0,0.78021,0.012066
0.4,0.8,3.0,1000.0,5.0,0.2779,0.000417
0.4,0.8,3.0,1000.0,5.0,1.3016,0.00417
0.4,0.8,3.0,1000.0,5.0,1.3461,0.004587
0.4,0.8,3.0,1000.0,5.0,1.3888,0.005004
0.4,0.8,3.0,1000.0,5.0,1.4266,0.005421
0.4,0.8,3.0,1000.0,5.0,1.4605,0.005838
0.4,0.8,3.0,1000.0,5.0,1.4952,0.006255
0.4,0.8,3.0,1000.0,5.0,1.5293,0.006672
0.4,0.8,3.0,1000.0,5.0,1.5613,0.007089
0.4,0.8,3.0,1000.0,5.0,1.5903,0.007506
0.4,0.8,3.0,1000.0,5.0,1.619,0.007923
0.4,0.8,3.0,1000.0,5.0,0.55024,0.000834
0.4,0.8,3.0,1000.0,5.0,1.6479,0.00834
0.4,0.8,3.0,1000.0,5.0,0.80017,0.001251
0.4,0.8,3.0,1000.0,5.0,0.94686,0.001668
0.4,0.8,3.0,1000.0,5.0,1.0237,0.002085
0.4,0.8,3.0,1000.0,5.0,1.0871,0.002502
0.4,0.8,3.0,1000.0,5.0,1.1514,0.002919
0.4,0.8,3.0,1000.0,5.0,1.2111,0.003336
0.4,0.8,3.0,1000.0,5.0,1.2586,0.003753
0.4,0.8,3.0,200.0,5.0,0.13207,0.00098916
0.4,0.8,3.0,200.0,5.0,1.0181,0.0098917
0.4,0.8,3.0,200.0,5.0,1.0493,0.010881
0.4,0.8,3.0,200.0,5.0,1.0797,0.01187
0.4,0.8,3.0,200.0,5.0,1.1093,0.012859
0.4,0.8,3.0,200.0,5.0,1.1373,0.013848
0.4,0.8,3.0,200.0,5.0,1.1641,0.014837
0.4,0.8,3.0,200.0,5.0,1.1898,0.015827
0.4,0.8,3.0,200.0,5.0,1.2144,0.016816
0.4,0.8,3.0,200.0,5.0,1.2381,0.017805
0.4,0.8,3.0,200.0,5.0,1.2607,0.018794
0.4,0.8,3.0,200.0,5.0,0.26378,0.0019783
0.4,0.8,3.0,200.0,5.0,1.2827,0.019783
0.4,0.8,3.0,200.0,5.0,0.39447,0.0029675
0.4,0.8,3.0,200.0,5.0,0.52334,0.0039567
0.4,0.8,3.0,200.0,5.0,0.64913,0.0049458
0.4,0.8,3.0,200.0,5.0,0.76895,0.005935
0.4,0.8,3.0,200.0,5.0,0.87393,0.0069242
0.4,0.8,3.0,200.0,5.0,0.94697,0.0079133
0.4,0.8,3.0,200.0,5.0,0.99208,0.0089025
0.4,0.8,3.0,300.0,5.0,0.16486,0.00082324
0.4,0.8,3.0,300.0,5.0,1.0938,0.0082324
0.4,0.8,3.0,300.0,5.0,1.1298,0.0090557
0.4,0.8,3.0,300.0,5.0,1.1638,0.0098789
0.4,0.8,3.0,300.0,5.0,1.1955,0.010702
0.4,0.8,3.0,300.0,5.0,1.2263,0.011525
0.4,0.8,3.0,300.0,5.0,1.2548,0.012349
0.4,0.8,3.0,300.0,5.0,1.2828,0.013172
0.4,0.8,3.0,300.0,5.0,1.309,0.013995
0.4,0.8,3.0,300.0,5.0,1.3346,0.014818
0.4,0.8,3.0,300.0,5.0,1.3588,0.015642
0.4,0.8,3.0,300.0,5.0,0.32885,0.0016465
0.4,0.8,3.0,300.0,5.0,1.3824,0.016465
0.4,0.8,3.0,300.0,5.0,0.49067,0.0024697
0.4,0.8,3.0,300.0,5.0,0.64812,0.003293
0.4,0.8,3.0,300.0,5.0,0.79657,0.0041162
0.4,0.8,3.0,300.0,5.0,0.91247,0.0049395
0.4,0.8,3.0,300.0,5.0,0.98255,0.0057627
0.4,0.8,3.0,300.0,5.0,1.0166,0.0065859
0.4,0.8,3.0,300.0,5.0,1.0564,0.0074092
0.4,0.8,3.0,500.0,5.0,0.21926,0.00065733
0.4,0.8,3.0,500.0,5.0,1.2047,0.0065733
0.4,0.8,3.0,500.0,5.0,1.2447,0.0072306
0.4,0.8,3.0,500.0,5.0,1.281,0.007888
0.4,0.8,3.0,500.0,5.0,1.317,0.0085453
0.4,0.8,3.0,500.0,5.0,1.3504,0.0092026
0.4,0.8,3.0,500.0,5.0,1.3815,0.00986
0.4,0.8,3.0,500.0,5.0,1.4125,0.010517
0.4,0.8,3.0,500.0,5.0,1.4411,0.011175
0.4,0.8,3.0,500.0,5.0,1.4688,0.011832
0.4,0.8,3.0,500.0,5.0,1.4959,0.012489
0.4,0.8,3.0,500.0,5.0,0.43617,0.0013147
0.4,0.8,3.0,500.0,5.0,1.5215,0.013147
0.4,0.8,3.0,500.0,5.0,0.64655,0.001972
0.4,0.8,3.0,500.0,5.0,0.83835,0.0026293
0.4,0.8,3.0,500.0,5.0,0.95979,0.0032867
0.4,0.8,3.0,500.0,5.0,1.0132,0.003944
0.4,0.8,3.0,500.0,5.0,1.0662,0.0046013
0.4,0.8,3.0,500.0,5.0,1.118,0.0052586
0.4,0.8,3.0,500.0,5.0,1.1613,0.005916
0.4,0.8,3.0,700.0,5.0,0.25845,0.00055381
0.4,0.8,3.0,700.0,5.0,1.2736,0.0055381
0.4,0.8,3.0,700.0,5.0,1.3162,0.0060919
0.4,0.8,3.0,700.0,5.0,1.3539,0.0066458
0.4,0.8,3.0,700.0,5.0,1.3915,0.0071996
0.4,0.8,3.0,700.0,5.0,1.4278,0.0077534
0.4,0.8,3.0,700.0,5.0,1.4603,0.0083072
0.4,0.8,3.0,700.0,5.0,1.4921,0.008861
0.4,0.8,3.0,700.0,5.0,1.5234,0.0094148
0.4,0.8,3.0,700.0,5.0,1.5527,0.0099686
0.4,0.8,3.0,700.0,5.0,1.5805,0.010522
0.4,0.8,3.0,700.0,5.0,0.5127,0.0011076
0.4,0.8,3.0,700.0,5.0,1.6084,0.011076
0.4,0.8,3.0,700.0,5.0,0.7525,0.0016614
0.4,0.8,3.0,700.0,5.0,0.92734,0.0022153
0.4,0.8,3.0,700.0,5.0,1.0087,0.0027691
0.4,0.8,3.0,700.0,5.0,1.0662,0.0033229
0.4,0.8,3.0,700.0,5.0,1.1277,0.0038767
0.4,0.8,3.0,700.0,5.0,1.1815,0.0044305
0.4,0.8,3.0,700.0,5.0,1.2269,0.0049843
0.4,0.8,4.0,100.0,5.0,0.084695,0.0012686
0.4,0.8,4.0,100.0,5.0,0.81006,0.012686
0.4,0.8,4.0,100.0,5.0,0.87281,0.013955
0.4,0.8,4.0,100.0,5.0,0.92431,0.015224
0.4,0.8,4.0,100.0,5.0,0.95938,0.016492
0.4,0.8,4.0,100.0,5.0,0.97773,0.017761
0.4,0.8,4.0,100.0,5.0,0.99289,0.01903
0.4,0.8,4.0,100.0,5.0,1.0038,0.020298
0.4,0.8,4.0,100.0,5.0,1.0155,0.021567
0.4,0.8,4.0,100.0,5.0,1.0285,0.022836
0.4,0.8,4.0,100.0,5.0,1.042,0.024104
0.4,0.8,4.0,100.0,5.0,0.16937,0.0025373
0.4,0.8,4.0,100.0,5.0,1.0553,0.025373
0.4,0.8,4.0,100.0,5.0,0.25374,0.0038059
0.4,0.8,4.0,100.0,5.0,0.33766,0.0050746
0.4,0.8,4.0,100.0,5.0,0.42092,0.0063432
0.4,0.8,4.0,100.0,5.0,0.50319,0.0076118
0.4,0.8,4.0,100.0,5.0,0.5841,0.0088805
0.4,0.8,4.0,100.0,5.0,0.66299,0.010149
0.4,0.8,4.0,100.0,5.0,0.73894,0.011418
0.4,0.8,4.0,1000.0,5.0,0.29026,0.00043574
0.4,0.8,4.0,1000.0,5.0,1.208,0.0043574
0.4,0.8,4.0,1000.0,5.0,1.2387,0.0047932
0.4,0.8,4.0,1000.0,5.0,1.2685,0.0052289
0.4,0.8,4.0,1000.0,5.0,1.2951,0.0056647
0.4,0.8,4.0,1000.0,5.0,1.3182,0.0061004
0.4,0.8,4.0,1000.0,5.0,1.3409,0.0065362
0.4,0.8,4.0,1000.0,5.0,1.3639,0.0069719
0.4,0.8,4.0,1000.0,5.0,1.3856,0.0074077
0.4,0.8,4.0,1000.0,5.0,1.4054,0.0078434
0.4,0.8,4.0,1000.0,5.0,1.4239,0.0082791
0.4,0.8,4.0,1000.0,5.0,0.57327,0.00087149
0.4,0.8,4.0,1000.0,5.0,1.4427,0.0087149
0.4,0.8,4.0,1000.0,5.0,0.8246,0.0013072
0.4,0.8,4.0,1000.0,5.0,0.9457,0.001743
0.4,0.8,4.0,1000.0,5.0,1.0112,0.0021787
0.4,0.8,4.0,1000.0,5.0,1.0537,0.0026145
0.4,0.8,4.0,1000.0,5.0,1.1006,0.0030502
0.4,0.8,4.0,1000.0,5.0,1.144,0.003486
0.4,0.8,4.0,1000.0,5.0,1.1786,0.0039217
0.4,0.8,4.0,200.0,5.0,0.12937,0.00096891
0.4,0.8,4.0,200.0,5.0,0.99461,0.0096891
0.4,0.8,4.0,200.0,5.0,1.0133,0.010658
0.4,0.8,4.0,200.0,5.0,1.0333,0.011627
0.4,0.8,4.0,200.0,5.0,1.0537,0.012596
0.4,0.8,4.0,200.0,5.0,1.0738,0.013565
0.4,0.8,4.0,200.0,5.0,1.0926,0.014534
0.4,0.8,4.0,200.0,5.0,1.1108,0.015503
0.4,0.8,4.0,200.0,5.0,1.1279,0.016472
0.4,0.8,4.0,200.0,5.0,1.1445,0.01744
0.4,0.8,4.0,200.0,5.0,1.1602,0.018409
0.4,0.8,4.0,200.0,5.0,0.25837,0.0019378
0.4,0.8,4.0,200.0,5.0,1.1755,0.019378
0.4,0.8,4.0,200.0,5.0,0.38624,0.0029067
0.4,0.8,4.0,200.0,5.0,0.51213,0.0038756
0.4,0.8,4.0,200.0,5.0,0.63464,0.0048446
0.4,0.8,4.0,200.0,5.0,0.75103,0.0058135
0.4,0.8,4.0,200.0,5.0,0.85409,0.0067824
0.4,0.8,4.0,200.0,5.0,0.92883,0.0077513
0.4,0.8,4.0,200.0,5.0,0.97263,0.0087202
0.4,0.8,4.0,300.0,5.0,0.15748,0.00078631
0.4,0.8,4.0,300.0,5.0,1.0367,0.0078631
0.4,0.8,4.0,300.0,5.0,1.0616,0.0086494
0.4,0.8,4.0,300.0,5.0,1.085,0.0094357
0.4,0.8,4.0,300.0,5.0,1.1078,0.010222
0.4,0.8,4.0,300.0,5.0,1.1287,0.011008
0.4,0.8,4.0,300.0,5.0,1.1488,0.011795
0.4,0.8,4.0,300.0,5.0,1.168,0.012581
0.4,0.8,4.0,300.0,5.0,1.1859,0.013367
0.4,0.8,4.0,300.0,5.0,1.2035,0.014154
0.4,0.8,4.0,300.0,5.0,1.2199,0.01494
0.4,0.8,4.0,300.0,5.0,0.31412,0.0015726
0.4,0.8,4.0,300.0,5.0,1.2359,0.015726
0.4,0.8,4.0,300.0,5.0,0.46859,0.0023589
0.4,0.8,4.0,300.0,5.0,0.61882,0.0031452
0.4,0.8,4.0,300.0,5.0,0.76041,0.0039315
0.4,0.8,4.0,300.0,5.0,0.88014,0.0047179
0.4,0.8,4.0,300.0,5.0,0.95406,0.0055042
0.4,0.8,4.0,300.0,5.0,0.98741,0.0062905
0.4,0.8,4.0,300.0,5.0,1.0122,0.0070768
0.4,0.8,4.0,500.0,5.0,0.19889,0.00059615
0.4,0.8,4.0,500.0,5.0,1.0995,0.0059615
0.4,0.8,4.0,500.0,5.0,1.1255,0.0065577
0.4,0.8,4.0,500.0,5.0,1.1519,0.0071538
0.4,0.8,4.0,500.0,5.0,1.1759,0.00775
0.4,0.8,4.0,500.0,5.0,1.1976,0.0083461
0.4,0.8,4.0,500.0,5.0,1.2192,0.0089423
0.4,0.8,4.0,500.0,5.0,1.2398,0.0095384
0.4,0.8,4.0,500.0,5.0,1.2586,0.010135
0.4,0.8,4.0,500.0,5.0,1.2769,0.010731
0.4,0.8,4.0,500.0,5.0,1.2948,0.011327
0.4,0.8,4.0,500.0,5.0,0.39592,0.0011923
0.4,0.8,4.0,500.0,5.0,1.3115,0.011923
0.4,0.8,4.0,500.0,5.0,0.58783,0.0017885
0.4,0.8,4.0,500.0,5.0,0.76719,0.0023846
0.4,0.8,4.0,500.0,5.0,0.90757,0.0029808
0.4,0.8,4.0,500.0,5.0,0.97462,0.0035769
0.4,0.8,4.0,500.0,5.0,1.0069,0.0041731
0.4,0.8,4.0,500.0,5.0,1.0372,0.0047692
0.4,0.8,4.0,500.0,5.0,1.0704,0.0053654
0.4,0.8,4.0,700.0,5.0,0.23708,0.00050782
0.4,0.8,4.0,700.0,5.0,1.1483,0.0050782
0.4,0.8,4.0,700.0,5.0,1.1768,0.005586
0.4,0.8,4.0,700.0,5.0,1.2048,0.0060938
0.4,0.8,4.0,700.0,5.0,1.2298,0.0066016
0.4,0.8,4.0,700.0,5.0,1.252,0.0071094
0.4,0.8,4.0,700.0,5.0,1.2744,0.0076173
0.4,0.8,4.0,700.0,5.0,1.2963,0.0081251
0.4,0.8,4.0,700.0,5.0,1.3161,0.0086329
0.4,0.8,4.0,700.0,5.0,1.3346,0.0091407
0.4,0.8,4.0,700.0,5.0,1.3531,0.0096485
0.4,0.8,4.0,700.0,5.0,0.47062,0.0010156
0.4,0.8,4.0,700.0,5.0,1.3713,0.010156
0.4,0.8,4.0,700.0,5.0,0.69372,0.0015235
0.4,0.8,4.0,700.0,5.0,0.87558,0.0020313
0.4,0.8,4.0,700.0,5.0,0.97001,0.0025391
0.4,0.8,4.0,700.0,5.0,1.0072,0.0030469
0.4,0.8,4.0,700.0,5.0,1.0454,0.0035547
0.4,0.8,4.0,700.0,5.0,1.085,0.0040625
0.4,0.8,4.0,700.0,5.0,1.1197,0.0045704
0.4,0.8,6.0,100.0,5.0,0.083574,0.0012518
0.4,0.8,6.0,100.0,5.0,0.79593,0.012518
0.4,0.8,6.0,100.0,5.0,0.85736,0.01377
0.4,0.8,6.0,100.0,5.0,0.90621,0.015022
0.4,0.8,6.0,100.0,5.0,0.94107,0.016274
0.4,0.8,6.0,100.0,5.0,0.96404,0.017526
0.4,0.8,6.0,100.0,5.0,0.97597,0.018778
0.4,0.8,6.0,100.0,5.0,0.9858,0.02003
0.4,0.8,6.0,100.0,5.0,0.9932,0.021281
0.4,0.8,6.0,100.0,5.0,0.99986,0.022533
0.4,0.8,6.0,100.0,5.0,1.0061,0.023785
0.4,0.8,6.0,100.0,5.0,0.16712,0.0025037
0.4,0.8,6.0,100.0,5.0,1.0126,0.025037
0.4,0.8,6.0,100.0,5.0,0.25033,0.0037555
0.4,0.8,6.0,100.0,5.0,0.33303,0.0050074
0.4,0.8,6.0,100.0,5.0,0.41497,0.0062592
0.4,0.8,6.0,100.0,5.0,0.49582,0.0075111
0.4,0.8,6.0,100.0,5.0,0.57517,0.0087629
0.4,0.8,6.0,100.0,5.0,0.65239,0.010015
0.4,0.8,6.0,100.0,5.0,0.72659,0.011267
0.4,0.8,6.0,1000.0,5.0,0.30435,0.00045751
0.4,0.8,6.0,1000.0,5.0,1.1193,0.0045751
0.4,0.8,6.0,1000.0,5.0,1.1365,0.0050326
0.4,0.8,6.0,1000.0,5.0,1.1545,0.0054901
0.4,0.8,6.0,1000.0,5.0,1.1714,0.0059476
0.4,0.8,6.0,1000.0,5.0,1.1864,0.0064051
0.4,0.8,6.0,1000.0,5.0,1.1997,0.0068627
0.4,0.8,6.0,1000.0,5.0,1.2126,0.0073202
0.4,0.8,6.0,1000.0,5.0,1.2255,0.0077777
0.4,0.8,6.0,1000.0,5.0,1.2378,0.0082352
0.4,0.8,6.0,1000.0,5.0,1.249,0.0086927
0.4,0.8,6.0,1000.0,5.0,0.59842,0.00091502
0.4,0.8,6.0,1000.0,5.0,1.2596,0.0091502
0.4,0.8,6.0,1000.0,5.0,0.84603,0.0013725
0.4,0.8,6.0,1000.0,5.0,0.96304,0.00183
0.4,0.8,6.0,1000.0,5.0,0.99255,0.0022876
0.4,0.8,6.0,1000.0,5.0,1.0199,0.0027451
0.4,0.8,6.0,1000.0,5.0,1.049,0.0032026
0.4,0.8,6.0,1000.0,5.0,1.0771,0.0036601
0.4,0.8,6.0,1000.0,5.0,1.1005,0.0041176
0.4,0.8,6.0,200.0,5.0,0.10668,0.00079895
0.4,0.8,6.0,200.0,5.0,0.93644,0.0079895
0.4,0.8,6.0,200.0,5.0,0.96196,0.0087885
0.4,0.8,6.0,200.0,5.0,0.97944,0.0095874
0.4,0.8,6.0,200.0,5.0,0.99003,0.010386
0.4,0.8,6.0,200.0,5.0,0.99893,0.011185
0.4,0.8,6.0,200.0,5.0,1.0071,0.011984
0.4,0.8,6.0,200.0,5.0,1.0159,0.012783
0.4,0.8,6.0,200.0,5.0,1.0255,0.013582
0.4,0.8,6.0,200.0,5.0,1.0352,0.014381
0.4,0.8,6.0,200.0,5.0,1.0446,0.01518
0.4,0.8,6.0,200.0,5.0,0.21317,0.0015979
0.4,0.8,6.0,200.0,5.0,1.0539,0.015979
0.4,0.8,6.0,200.0,5.0,0.31894,0.0023969
0.4,0.8,6.0,200.0,5.0,0.42358,0.0031958
0.4,0.8,6.0,200.0,5.0,0.52636,0.0039948
0.4,0.8,6.0,200.0,5.0,0.62637,0.0047937
0.4,0.8,6.0,200.0,5.0,0.72202,0.0055927
0.4,0.8,6.0,200.0,5.0,0.80986,0.0063916
0.4,0.8,6.0,200.0,5.0,0.88279,0.0071906
0.4,0.8,6.0,300.0,5.0,0.13986,0.00069841
0.4,0.8,6.0,300.0,5.0,0.99006,0.0069841
0.4,0.8,6.0,300.0,5.0,1.0021,0.0076826
0.4,0.8,6.0,300.0,5.0,1.013,0.008381
0.4,0.8,6.0,300.0,5.0,1.0259,0.0090794
0.4,0.8,6.0,300.0,5.0,1.0386,0.0097778
0.4,0.8,6.0,300.0,5.0,1.0507,0.010476
0.4,0.8,6.0,300.0,5.0,1.0625,0.011175
0.4,0.8,6.0,300.0,5.0,1.0736,0.011873
0.4,0.8,6.0,300.0,5.0,1.0841,0.012571
0.4,0.8,6.0,300.0,5.0,1.0941,0.01327
0.4,0.8,6.0,300.0,5.0,0.2791,0.0013968
0.4,0.8,6.0,300.0,5.0,1.1038,0.013968
0.4,0.8,6.0,300.0,5.0,0.41664,0.0020952
0.4,0.8,6.0,300.0,5.0,0.55115,0.0027937
0.4,0.8,6.0,300.0,5.0,0.68036,0.0034921
0.4,0.8,6.0,300.0,5.0,0.79894,0.0041905
0.4,0.8,6.0,300.0,5.0,0.892,0.0048889
0.4,0.8,6.0,300.0,5.0,0.94587,0.0055873
0.4,0.8,6.0,300.0,5.0,0.97746,0.0062857
0.4,0.8,6.0,500.0,5.0,0.20665,0.00061964
0.4,0.8,6.0,500.0,5.0,1.0484,0.0061964
0.4,0.8,6.0,500.0,5.0,1.0652,0.006816
0.4,0.8,6.0,500.0,5.0,1.0808,0.0074356
0.4,0.8,6.0,500.0,5.0,1.0962,0.0080553
0.4,0.8,6.0,500.0,5.0,1.1104,0.0086749
0.4,0.8,6.0,500.0,5.0,1.1233,0.0092945
0.4,0.8,6.0,500.0,5.0,1.1357,0.0099142
0.4,0.8,6.0,500.0,5.0,1.1476,0.010534
0.4,0.8,6.0,500.0,5.0,1.1588,0.011153
0.4,0.8,6.0,500.0,5.0,1.1693,0.011773
0.4,0.8,6.0,500.0,5.0,0.4107,0.0012393
0.4,0.8,6.0,500.0,5.0,1.1795,0.012393
0.4,0.8,6.0,500.0,5.0,0.60796,0.0018589
0.4,0.8,6.0,500.0,5.0,0.78778,0.0024785
0.4,0.8,6.0,500.0,5.0,0.92244,0.0030982
0.4,0.8,6.0,500.0,5.0,0.964,0.0037178
0.4,0.8,6.0,500.0,5.0,0.99351,0.0043375
0.4,0.8,6.0,500.0,5.0,1.0093,0.0049571
0.4,0.8,6.0,500.0,5.0,1.0287,0.0055767
0.4,0.8,6.0,700.0,5.0,0.25089,0.00053786
0.4,0.8,6.0,700.0,5.0,1.0836,0.0053786
0.4,0.8,6.0,700.0,5.0,1.1003,0.0059164
0.4,0.8,6.0,700.0,5.0,1.1173,0.0064543
0.4,0.8,6.0,700.0,5.0,1.1334,0.0069922
0.4,0.8,6.0,700.0,5.0,1.1478,0.00753
0.4,0.8,6.0,700.0,5.0,1.1608,0.0080679
0.4,0.8,6.0,700.0,5.0,1.1737,0.0086057
0.4,0.8,6.0,700.0,5.0,1.1862,0.0091436
0.4,0.8,6.0,700.0,5.0,1.1977,0.0096815
0.4,0.8,6.0,700.0,5.0,1.2085,0.010219
0.4,0.8,6.0,700.0,5.0,0.49668,0.0010757
0.4,0.8,6.0,700.0,5.0,1.2189,0.010757
0.4,0.8,6.0,700.0,5.0,0.72698,0.0016136
0.4,0.8,6.0,700.0,5.0,0.90353,0.0021514
0.4,0.8,6.0,700.0,5.0,0.96399,0.0026893
0.4,0.8,6.0,700.0,5.0,0.99677,0.0032272
0.4,0.8,6.0,700.0,5.0,1.0167,0.003765
0.4,0.8,6.0,700.0,5.0,1.0412,0.0043029
0.4,0.8,6.0,700.0,5.0,1.0643,0.0048407
0.4,1.0,10.0,100.0,5.0,0.096223,0.001255
0.4,1.0,10.0,100.0,5.0,0.87971,0.01255
0.4,1.0,10.0,100.0,5.0,0.92777,0.013805
0.4,1.0,10.0,100.0,5.0,0.95645,0.01506
0.4,1.0,10.0,100.0,5.0,0.97414,0.016315
0.4,1.0,10.0,100.0,5.0,0.98131,0.01757
0.4,1.0,10.0,100.0,5.0,0.98758,0.018825
0.4,1.0,10.0,100.0,5.0,0.99235,0.02008
0.4,1.0,10.0,100.0,5.0,0.99676,0.021335
0.4,1.0,10.0,100.0,5.0,1.0007,0.02259
0.4,1.0,10.0,100.0,5.0,1.0045,0.023845
0.4,1.0,10.0,100.0,5.0,0.19237,0.00251
0.4,1.0,10.0,100.0,5.0,1.0084,0.0251
0.4,1.0,10.0,100.0,5.0,0.2879,0.003765
0.4,1.0,10.0,100.0,5.0,0.38252,0.00502
0.4,1.0,10.0,100.0,5.0,0.47566,0.006275
0.4,1.0,10.0,100.0,5.0,0.56669,0.00753
0.4,1.0,10.0,100.0,5.0,0.65458,0.008785
0.4,1.0,10.0,100.0,5.0,0.73811,0.01004
0.4,1.0,10.0,100.0,5.0,0.81469,0.011295
0.4,1.0,10.0,1000.0,5.0,0.21456,0.00028013
0.4,1.0,10.0,1000.0,5.0,1.0145,0.0028013
0.4,1.0,10.0,1000.0,5.0,1.0256,0.0030815
0.4,1.0,10.0,1000.0,5.0,1.0365,0.0033616
0.4,1.0,10.0,1000.0,5.0,1.0464,0.0036417
0.4,1.0,10.0,1000.0,5.0,1.0549,0.0039219
0.4,1.0,10.0,1000.0,5.0,1.0621,0.004202
0.4,1.0,10.0,1000.0,5.0,1.0686,0.0044821
0.4,1.0,10.0,1000.0,5.0,1.0747,0.0047623
0.4,1.0,10.0,1000.0,5.0,1.081,0.0050424
0.4,1.0,10.0,1000.0,5.0,1.0874,0.0053225
0.4,1.0,10.0,1000.0,5.0,0.42595,0.00056027
0.4,1.0,10.0,1000.0,5.0,1.0936,0.0056027
0.4,1.0,10.0,1000.0,5.0,0.62792,0.0008404
0.4,1.0,10.0,1000.0,5.0,0.80774,0.0011205
0.4,1.0,10.0,1000.0,5.0,0.93199,0.0014007
0.4,1.0,10.0,1000.0,5.0,0.9643,0.0016808
0.4,1.0,10.0,1000.0,5.0,0.98786,0.0019609
0.4,1.0,10.0,1000.0,5.0,0.99637,0.0022411
0.4,1.0,10.0,1000.0,5.0,1.0048,0.0025212
0.4,1.0,10.0,200.0,5.0,0.10766,0.00070209
0.4,1.0,10.0,200.0,5.0,0.93441,0.0070209
0.4,1.0,10.0,200.0,5.0,0.96496,0.007723
0.4,1.0,10.0,200.0,5.0,0.97549,0.0084251
0.4,1.0,10.0,200.0,5.0,0.98511,0.0091271
0.4,1.0,10.0,200.0,5.0,0.99058,0.0098292
0.4,1.0,10.0,200.0,5.0,0.9959,0.010531
0.4,1.0,10.0,200.0,5.0,1.0003,0.011233
0.4,1.0,10.0,200.0,5.0,1.0046,0.011935
0.4,1.0,10.0,200.0,5.0,1.0091,0.012638
0.4,1.0,10.0,200.0,5.0,1.0142,0.01334
0.4,1.0,10.0,200.0,5.0,0.21515,0.0014042
0.4,1.0,10.0,200.0,5.0,1.0193,0.014042
0.4,1.0,10.0,200.0,5.0,0.32176,0.0021063
0.4,1.0,10.0,200.0,5.0,0.42703,0.0028084
0.4,1.0,10.0,200.0,5.0,0.53006,0.0035104
0.4,1.0,10.0,200.0,5.0,0.62987,0.0042125
0.4,1.0,10.0,200.0,5.0,0.72464,0.0049146
0.4,1.0,10.0,200.0,5.0,0.81134,0.0056167
0.4,1.0,10.0,200.0,5.0,0.88443,0.0063188
0.4,1.0,10.0,300.0,5.0,0.11697,0.00050851
0.4,1.0,10.0,300.0,5.0,0.96092,0.0050851
0.4,1.0,10.0,300.0,5.0,0.97414,0.0055937
0.4,1.0,10.0,300.0,5.0,0.98495,0.0061022
0.4,1.0,10.0,300.0,5.0,0.99095,0.0066107
0.4,1.0,10.0,300.0,5.0,0.99659,0.0071192
0.4,1.0,10.0,300.0,5.0,1.0013,0.0076277
0.4,1.0,10.0,300.0,5.0,1.0062,0.0081362
0.4,1.0,10.0,300.0,5.0,1.0114,0.0086447
0.4,1.0,10.0,300.0,5.0,1.017,0.0091533
0.4,1.0,10.0,300.0,5.0,1.0225,0.0096618
0.4,1.0,10.0,300.0,5.0,0.23365,0.001017
0.4,1.0,10.0,300.0,5.0,1.0279,0.01017
0.4,1.0,10.0,300.0,5.0,0.3492,0.0015255
0.4,1.0,10.0,300.0,5.0,0.46296,0.0020341
0.4,1.0,10.0,300.0,5.0,0.57363,0.0025426
0.4,1.0,10.0,300.0,5.0,0.67973,0.0030511
0.4,1.0,10.0,300.0,5.0,0.77865,0.0035596
0.4,1.0,10.0,300.0,5.0,0.86344,0.0040681
0.4,1.0,10.0,300.0,5.0,0.9249,0.0045766
0.4,1.0,10.0,500.0,5.0,0.14096,0.00036772
0.4,1.0,10.0,500.0,5.0,0.98414,0.0036772
0.4,1.0,10.0,500.0,5.0,0.99166,0.0040449
0.4,1.0,10.0,500.0,5.0,0.99797,0.0044126
0.4,1.0,10.0,500.0,5.0,1.0036,0.0047804
0.4,1.0,10.0,500.0,5.0,1.0097,0.0051481
0.4,1.0,10.0,500.0,5.0,1.017,0.0055158
0.4,1.0,10.0,500.0,5.0,1.0241,0.0058835
0.4,1.0,10.0,500.0,5.0,1.0305,0.0062512
0.4,1.0,10.0,500.0,5.0,1.0365,0.006619
0.4,1.0,10.0,500.0,5.0,1.042,0.0069867
0.4,1.0,10.0,500.0,5.0,0.28125,0.00073544
0.4,1.0,10.0,500.0,5.0,1.0475,0.0073544
0.4,1.0,10.0,500.0,5.0,0.41947,0.0011032
0.4,1.0,10.0,500.0,5.0,0.55416,0.0014709
0.4,1.0,10.0,500.0,5.0,0.68227,0.0018386
0.4,1.0,10.0,500.0,5.0,0.79916,0.0022063
0.4,1.0,10.0,500.0,5.0,0.89317,0.002574
0.4,1.0,10.0,500.0,5.0,0.94725,0.0029418
0.4,1.0,10.0,500.0,5.0,0.97192,0.0033095
0.4,1.0,10.0,700.0,5.0,0.16798,0.00031308
0.4,1.0,10.0,700.0,5.0,0.99671,0.0031308
0.4,1.0,10.0,700.0,5.0,1.0032,0.0034438
0.4,1.0,10.0,700.0,5.0,1.0105,0.0037569
0.4,1.0,10.0,700.0,5.0,1.0191,0.00407
0.4,1.0,10.0,700.0,5.0,1.0279,0.0043831
0.4,1.0,10.0,700.0,5.0,1.0358,0.0046961
0.4,1.0,10.0,700.0,5.0,1.0427,0.0050092
0.4,1.0,10.0,700.0,5.0,1.049,0.0053223
0.4,1.0,10.0,700.0,5.0,1.0548,0.0056354
0.4,1.0,10.0,700.0,5.0,1.0605,0.0059484
0.4,1.0,10.0,700.0,5.0,0.33464,0.00062615
0.4,1.0,10.0,700.0,5.0,1.0664,0.0062615
0.4,1.0,10.0,700.0,5.0,0.49749,0.00093923
0.4,1.0,10.0,700.0,5.0,0.65323,0.0012523
0.4,1.0,10.0,700.0,5.0,0.79533,0.0015654
0.4,1.0,10.0,700.0,5.0,0.90247,0.0018785
0.4,1.0,10.0,700.0,5.0,0.95215,0.0021915
0.4,1.0,10.0,700.0,5.0,0.98008,0.0025046
0.4,1.0,10.0,700.0,5.0,0.9885,0.0028177
0.4,1.0,20.0,100.0,5.0,0.11699,0.0015258
0.4,1.0,20.0,100.0,5.0,0.95464,0.015258
0.4,1.0,20.0,100.0,5.0,0.96707,0.016784
0.4,1.0,20.0,100.0,5.0,0.9763,0.018309
0.4,1.0,20.0,100.0,5.0,0.9802,0.019835
0.4,1.0,20.0,100.0,5.0,0.98407,0.021361
0.4,1.0,20.0,100.0,5.0,0.98702,0.022887
0.4,1.0,20.0,100.0,5.0,0.98988,0.024413
0.4,1.0,20.0,100.0,5.0,0.9923,0.025938
0.4,1.0,20.0,100.0,5.0,0.99465,0.027464
0.4,1.0,20.0,100.0,5.0,0.99671,0.02899
0.4,1.0,20.0,100.0,5.0,0.23366,0.0030516
0.4,1.0,20.0,100.0,5.0,0.99874,0.030516
0.4,1.0,20.0,100.0,5.0,0.34911,0.0045774
0.4,1.0,20.0,100.0,5.0,0.46253,0.0061032
0.4,1.0,20.0,100.0,5.0,0.57265,0.0076289
0.4,1.0,20.0,100.0,5.0,0.67773,0.0091547
0.4,1.0,20.0,100.0,5.0,0.77532,0.010681
0.4,1.0,20.0,100.0,5.0,0.85828,0.012206
0.4,1.0,20.0,100.0,5.0,0.91971,0.013732
0.4,1.0,20.0,1000.0,5.0,0.14337,0.00018699
0.4,1.0,20.0,1000.0,5.0,0.97541,0.0018699
0.4,1.0,20.0,1000.0,5.0,0.98041,0.0020569
0.4,1.0,20.0,1000.0,5.0,0.98439,0.0022439
0.4,1.0,20.0,1000.0,5.0,0.98779,0.0024309
0.4,1.0,20.0,1000.0,5.0,0.9909,0.0026179
0.4,1.0,20.0,1000.0,5.0,0.99366,0.0028049
0.4,1.0,20.0,1000.0,5.0,0.99627,0.0029919
0.4,1.0,20.0,1000.0,5.0,0.99865,0.0031789
0.4,1.0,20.0,1000.0,5.0,1.0009,0.0033659
0.4,1.0,20.0,1000.0,5.0,1.0032,0.0035529
0.4,1.0,20.0,1000.0,5.0,0.2859,0.00037398
0.4,1.0,20.0,1000.0,5.0,1.0054,0.0037398
0.4,1.0,20.0,1000.0,5.0,0.42608,0.00056098
0.4,1.0,20.0,1000.0,5.0,0.562,0.00074797
0.4,1.0,20.0,1000.0,5.0,0.6908,0.00093496
0.4,1.0,20.0,1000.0,5.0,0.8063,0.001122
0.4,1.0,20.0,1000.0,5.0,0.89594,0.0013089
0.4,1.0,20.0,1000.0,5.0,0.9446,0.0014959
0.4,1.0,20.0,1000.0,5.0,0.96718,0.0016829
0.4,1.0,20.0,200.0,5.0,0.13824,0.00090151
0.4,1.0,20.0,200.0,5.0,0.97469,0.0090151
0.4,1.0,20.0,200.0,5.0,0.98014,0.0099166
0.4,1.0,20.0,200.0,5.0,0.98472,0.010818
0.4,1.0,20.0,200.0,5.0,0.98806,0.01172
0.4,1.0,20.0,200.0,5.0,0.99132,0.012621
0.4,1.0,20.0,200.0,5.0,0.99403,0.013523
0.4,1.0,20.0,200.0,5.0,0.99661,0.014424
0.4,1.0,20.0,200.0,5.0,0.99894,0.015326
0.4,1.0,20.0,200.0,5.0,1.0011,0.016227
0.4,1.0,20.0,200.0,5.0,1.0033,0.017129
0.4,1.0,20.0,200.0,5.0,0.27577,0.001803
0.4,1.0,20.0,200.0,5.0,1.0053,0.01803
0.4,1.0,20.0,200.0,5.0,0.41123,0.0027045
0.4,1.0,20.0,200.0,5.0,0.54303,0.003606
0.4,1.0,20.0,200.0,5.0,0.66854,0.0045075
0.4,1.0,20.0,200.0,5.0,0.78349,0.005409
0.4,1.0,20.0,200.0,5.0,0.8781,0.0063105
0.4,1.0,20.0,200.0,5.0,0.93647,0.007212
0.4,1.0,20.0,200.0,5.0,0.96258,0.0081136
0.4,1.0,20.0,300.0,5.0,0.14549,0.00063256
0.4,1.0,20.0,300.0,5.0,0.97773,0.0063256
0.4,1.0,20.0,300.0,5.0,0.98265,0.0069581
0.4,1.0,20.0,300.0,5.0,0.98669,0.0075907
0.4,1.0,20.0,300.0,5.0,0.99023,0.0082232
0.4,1.0,20.0,300.0,5.0,0.99323,0.0088558
0.4,1.0,20.0,300.0,5.0,0.99606,0.0094884
0.4,1.0,20.0,300.0,5.0,0.9985,0.010121
0.4,1.0,20.0,300.0,5.0,1.0009,0.010753
0.4,1.0,20.0,300.0,5.0,1.0031,0.011386
0.4,1.0,20.0,300.0,5.0,1.0053,0.012019
0.4,1.0,20.0,300.0,5.0,0.29011,0.0012651
0.4,1.0,20.0,300.0,5.0,1.0076,0.012651
0.4,1.0,20.0,300.0,5.0,0.4323,0.0018977
0.4,1.0,20.0,300.0,5.0,0.56999,0.0025302
0.4,1.0,20.0,300.0,5.0,0.70002,0.0031628
0.4,1.0,20.0,300.0,5.0,0.81609,0.0037953
0.4,1.0,20.0,300.0,5.0,0.90411,0.0044279
0.4,1.0,20.0,300.0,5.0,0.95347,0.0050605
0.4,1.0,20.0,300.0,5.0,0.96809,0.005693
0.4,1.0,20.0,500.0,5.0,0.15328,0.00039988
0.4,1.0,20.0,500.0,5.0,0.98006,0.0039988
0.4,1.0,20.0,500.0,5.0,0.98481,0.0043987
0.4,1.0,20.0,500.0,5.0,0.98858,0.0047986
0.4,1.0,20.0,500.0,5.0,0.99213,0.0051985
0.4,1.0,20.0,500.0,5.0,0.99505,0.0055984
0.4,1.0,20.0,500.0,5.0,0.99785,0.0059983
0.4,1.0,20.0,500.0,5.0,1.0003,0.0063981
0.4,1.0,20.0,500.0,5.0,1.0027,0.006798
0.4,1.0,20.0,500.0,5.0,1.0051,0.0071979
0.4,1.0,20.0,500.0,5.0,1.0076,0.0075978
0.4,1.0,20.0,500.0,5.0,0.30549,0.00079977
0.4,1.0,20.0,500.0,5.0,1.01,0.0079977
0.4,1.0,20.0,500.0,5.0,0.45481,0.0011997
0.4,1.0,20.0,500.0,5.0,0.59866,0.0015995
0.4,1.0,20.0,500.0,5.0,0.73306,0.0019994
0.4,1.0,20.0,500.0,5.0,0.84775,0.0023993
0.4,1.0,20.0,500.0,5.0,0.92528,0.0027992
0.4,1.0,20.0,500.0,5.0,0.96058,0.0031991
0.4,1.0,20.0,500.0,5.0,0.97299,0.003599
0.4,1.0,20.0,700.0,5.0,0.15793,0.00029431
0.4,1.0,20.0,700.0,5.0,0.98108,0.0029431
0.4,1.0,20.0,700.0,5.0,0.98557,0.0032374
0.4,1.0,20.0,700.0,5.0,0.98937,0.0035317
0.4,1.0,20.0,700.0,5.0,0.99269,0.003826
0.4,1.0,20.0,700.0,5.0,0.99577,0.0041203
0.4,1.0,20.0,700.0,5.0,0.99848,0.0044146
0.4,1.0,20.0,700.0,5.0,1.0011,0.0047089
0.4,1.0,20.0,700.0,5.0,1.0036,0.0050032
0.4,1.0,20.0,700.0,5.0,1.0061,0.0052975
0.4,1.0,20.0,700.0,5.0,1.0086,0.0055918
0.4,1.0,20.0,700.0,5.0,0.31465,0.00058861
0.4,1.0,20.0,700.0,5.0,1.0113,0.0058861
0.4,1.0,20.0,700.0,5.0,0.46818,0.00088292
0.4,1.0,20.0,700.0,5.0,0.61559,0.0011772
0.4,1.0,20.0,700.0,5.0,0.75202,0.0014715
0.4,1.0,20.0,700.0,5.0,0.86506,0.0017658
0.4,1.0,20.0,700.0,5.0,0.9382,0.0020601
0.4,1.0,20.0,700.0,5.0,0.96224,0.0023545
0.4,1.0,20.0,700.0,5.0,0.97576,0.0026488
0.4,1.0,3.0,100.0,5.0,0.10244,0.0013361
0.4,1.0,3.0,100.0,5.0,0.94215,0.013361
0.4,1.0,3.0,100.0,5.0,0.97949,0.014697
0.4,1.0,3.0,100.0,5.0,1.0052,0.016033
0.4,1.0,3.0,100.0,5.0,1.0272,0.01737
0.4,1.0,3.0,100.0,5.0,1.0517,0.018706
0.4,1.0,3.0,100.0,5.0,1.0757,0.020042
0.4,1.0,3.0,100.0,5.0,1.0989,0.021378
0.4,1.0,3.0,100.0,5.0,1.1213,0.022714
0.4,1.0,3.0,100.0,5.0,1.1429,0.02405
0.4,1.0,3.0,100.0,5.0,1.1636,0.025386
0.4,1.0,3.0,100.0,5.0,0.2048,0.0026722
0.4,1.0,3.0,100.0,5.0,1.1837,0.026722
0.4,1.0,3.0,100.0,5.0,0.3067,0.0040083
0.4,1.0,3.0,100.0,5.0,0.40788,0.0053445
0.4,1.0,3.0,100.0,5.0,0.5079,0.0066806
0.4,1.0,3.0,100.0,5.0,0.60607,0.0080167
0.4,1.0,3.0,100.0,5.0,0.70134,0.0093528
0.4,1.0,3.0,100.0,5.0,0.79208,0.010689
0.4,1.0,3.0,100.0,5.0,0.87415,0.012025
0.4,1.0,3.0,1000.0,5.0,0.3088,0.00040371
0.4,1.0,3.0,1000.0,5.0,1.3588,0.0040371
0.4,1.0,3.0,1000.0,5.0,1.4055,0.0044408
0.4,1.0,3.0,1000.0,5.0,1.4454,0.0048445
0.4,1.0,3.0,1000.0,5.0,1.484,0.0052483
0.4,1.0,3.0,1000.0,5.0,1.5226,0.005652
0.4,1.0,3.0,1000.0,5.0,1.5592,0.0060557
0.4,1.0,3.0,1000.0,5.0,1.5919,0.0064594
0.4,1.0,3.0,1000.0,5.0,1.6242,0.0068631
0.4,1.0,3.0,1000.0,5.0,1.6564,0.0072668
0.4,1.0,3.0,1000.0,5.0,1.6871,0.0076705
0.4,1.0,3.0,1000.0,5.0,0.60905,0.00080742
0.4,1.0,3.0,1000.0,5.0,1.7153,0.0080742
0.4,1.0,3.0,1000.0,5.0,0.86563,0.0012111
0.4,1.0,3.0,1000.0,5.0,1.0008,0.0016148
0.4,1.0,3.0,1000.0,5.0,1.0656,0.0020186
0.4,1.0,3.0,1000.0,5.0,1.1377,0.0024223
0.4,1.0,3.0,1000.0,5.0,1.2059,0.002826
0.4,1.0,3.0,1000.0,5.0,1.2604,0.0032297
0.4,1.0,3.0,1000.0,5.0,1.3094,0.0036334
0.4,1.0,3.0,200.0,5.0,0.14719,0.0009599
0.4,1.0,3.0,200.0,5.0,1.0609,0.009599
0.4,1.0,3.0,200.0,5.0,1.0948,0.010559
0.4,1.0,3.0,200.0,5.0,1.127,0.011519
0.4,1.0,3.0,200.0,5.0,1.1579,0.012479
0.4,1.0,3.0,200.0,5.0,1.1871,0.013439
0.4,1.0,3.0,200.0,5.0,1.2149,0.014399
0.4,1.0,3.0,200.0,5.0,1.2416,0.015358
0.4,1.0,3.0,200.0,5.0,1.267,0.016318
0.4,1.0,3.0,200.0,5.0,1.2915,0.017278
0.4,1.0,3.0,200.0,5.0,1.3148,0.018238
0.4,1.0,3.0,200.0,5.0,0.29385,0.0019198
0.4,1.0,3.0,200.0,5.0,1.3373,0.019198
0.4,1.0,3.0,200.0,5.0,0.43902,0.0028797
0.4,1.0,3.0,200.0,5.0,0.58137,0.0038396
0.4,1.0,3.0,200.0,5.0,0.71861,0.0047995
0.4,1.0,3.0,200.0,5.0,0.84364,0.0057594
0.4,1.0,3.0,200.0,5.0,0.94262,0.0067193
0.4,1.0,3.0,200.0,5.0,0.98979,0.0076792
0.4,1.0,3.0,200.0,5.0,1.0256,0.0086391
0.4,1.0,3.0,300.0,5.0,0.18136,0.00078867
0.4,1.0,3.0,300.0,5.0,1.1375,0.0078867
0.4,1.0,3.0,300.0,5.0,1.1743,0.0086754
0.4,1.0,3.0,300.0,5.0,1.2096,0.0094641
0.4,1.0,3.0,300.0,5.0,1.2423,0.010253
0.4,1.0,3.0,300.0,5.0,1.2739,0.011041
0.4,1.0,3.0,300.0,5.0,1.3035,0.01183
0.4,1.0,3.0,300.0,5.0,1.3322,0.012619
0.4,1.0,3.0,300.0,5.0,1.3593,0.013407
0.4,1.0,3.0,300.0,5.0,1.3856,0.014196
0.4,1.0,3.0,300.0,5.0,1.4105,0.014985
0.4,1.0,3.0,300.0,5.0,0.36155,0.0015773
0.4,1.0,3.0,300.0,5.0,1.4348,0.015773
0.4,1.0,3.0,300.0,5.0,0.53857,0.002366
0.4,1.0,3.0,300.0,5.0,0.70887,0.0031547
0.4,1.0,3.0,300.0,5.0,0.86165,0.0039434
0.4,1.0,3.0,300.0,5.0,0.96315,0.004732
0.4,1.0,3.0,300.0,5.0,1.0131,0.0055207
0.4,1.0,3.0,300.0,5.0,1.0558,0.0063094
0.4,1.0,3.0,300.0,5.0,1.0975,0.0070981
0.4,1.0,3.0,500.0,5.0,0.23969,0.00062585
0.4,1.0,3.0,500.0,5.0,1.2499,0.0062585
0.4,1.0,3.0,500.0,5.0,1.2894,0.0068843
0.4,1.0,3.0,500.0,5.0,1.3289,0.0075102
0.4,1.0,3.0,500.0,5.0,1.3644,0.008136
0.4,1.0,3.0,500.0,5.0,1.3989,0.0087618
0.4,1.0,3.0,500.0,5.0,1.4317,0.0093877
0.4,1.0,3.0,500.0,5.0,1.4625,0.010014
0.4,1.0,3.0,500.0,5.0,1.4928,0.010639
0.4,1.0,3.0,500.0,5.0,1.5212,0.011265
0.4,1.0,3.0,500.0,5.0,1.5489,0.011891
0.4,1.0,3.0,500.0,5.0,0.47616,0.0012517
0.4,1.0,3.0,500.0,5.0,1.5758,0.012517
0.4,1.0,3.0,500.0,5.0,0.70273,0.0018775
0.4,1.0,3.0,500.0,5.0,0.89885,0.0025034
0.4,1.0,3.0,500.0,5.0,0.98576,0.0031292
0.4,1.0,3.0,500.0,5.0,1.0496,0.0037551
0.4,1.0,3.0,500.0,5.0,1.1077,0.0043809
0.4,1.0,3.0,500.0,5.0,1.1573,0.0050068
0.4,1.0,3.0,500.0,5.0,1.2052,0.0056326
0.4,1.0,3.0,700.0,5.0,0.28552,0.00053296
0.4,1.0,3.0,700.0,5.0,1.3261,0.0053296
0.4,1.0,3.0,700.0,5.0,1.3672,0.0058626
0.4,1.0,3.0,700.0,5.0,1.409,0.0063955
0.4,1.0,3.0,700.0,5.0,1.4473,0.0069285
0.4,1.0,3.0,700.0,5.0,1.4828,0.0074615
0.4,1.0,3.0,700.0,5.0,1.5182,0.0079944
0.4,1.0,3.0,700.0,5.0,1.5515,0.0085274
0.4,1.0,3.0,700.0,5.0,1.5824,0.0090603
0.4,1.0,3.0,700.0,5.0,1.6136,0.0095933
0.4,1.0,3.0,700.0,5.0,1.6428,0.010126
0.4,1.0,3.0,700.0,5.0,0.56482,0.0010659
0.4,1.0,3.0,700.0,5.0,1.6706,0.010659
0.4,1.0,3.0,700.0,5.0,0.81927,0.0015989
0.4,1.0,3.0,700.0,5.0,0.97067,0.0021318
0.4,1.0,3.0,700.0,5.0,1.0437,0.0026648
0.4,1.0,3.0,700.0,5.0,1.1128,0.0031978
0.4,1.0,3.0,700.0,5.0,1.1745,0.0037307
0.4,1.0,3.0,700.0,5.0,1.2268,0.0042637
0.4,1.0,3.0,700.0,5.0,1.2784,0.0047967
0.4,1.0,4.0,100.0,5.0,0.098203,0.0012808
0.4,1.0,4.0,100.0,5.0,0.90721,0.012808
0.4,1.0,4.0,100.0,5.0,0.95507,0.014089
0.4,1.0,4.0,100.0,5.0,0.98248,0.01537
0.4,1.0,4.0,100.0,5.0,0.99851,0.016651
0.4,1.0,4.0,100.0,5.0,1.0119,0.017931
0.4,1.0,4.0,100.0,5.0,1.0276,0.019212
0.4,1.0,4.0,100.0,5.0,1.0439,0.020493
0.4,1.0,4.0,100.0,5.0,1.0596,0.021774
0.4,1.0,4.0,100.0,5.0,1.0748,0.023055
0.4,1.0,4.0,100.0,5.0,1.0894,0.024336
0.4,1.0,4.0,100.0,5.0,0.19634,0.0025616
0.4,1.0,4.0,100.0,5.0,1.1036,0.025616
0.4,1.0,4.0,100.0,5.0,0.294,0.0038425
0.4,1.0,4.0,100.0,5.0,0.39091,0.0051233
0.4,1.0,4.0,100.0,5.0,0.48663,0.0064041
0.4,1.0,4.0,100.0,5.0,0.58055,0.0076849
0.4,1.0,4.0,100.0,5.0,0.67175,0.0089657
0.4,1.0,4.0,100.0,5.0,0.759,0.010247
0.4,1.0,4.0,100.0,5.0,0.83928,0.011527
0.4,1.0,4.0,1000.0,5.0,0.30805,0.00040276
0.4,1.0,4.0,1000.0,5.0,1.2354,0.0040276
0.4,1.0,4.0,1000.0,5.0,1.2676,0.0044303
0.4,1.0,4.0,1000.0,5.0,1.2972,0.0048331
0.4,1.0,4.0,1000.0,5.0,1.3218,0.0052358
0.4,1.0,4.0,1000.0,5.0,1.3465,0.0056386
0.4,1.0,4.0,1000.0,5.0,1.3711,0.0060414
0.4,1.0,4.0,1000.0,5.0,1.3944,0.0064441
0.4,1.0,4.0,1000.0,5.0,1.4148,0.0068469
0.4,1.0,4.0,1000.0,5.0,1.4349,0.0072496
0.4,1.0,4.0,1000.0,5.0,1.4551,0.0076524
0.4,1.0,4.0,1000.0,5.0,0.60655,0.00080551
0.4,1.0,4.0,1000.0,5.0,1.4746,0.0080551
0.4,1.0,4.0,1000.0,5.0,0.85846,0.0012083
0.4,1.0,4.0,1000.0,5.0,0.98007,0.001611
0.4,1.0,4.0,1000.0,5.0,1.0289,0.0020138
0.4,1.0,4.0,1000.0,5.0,1.0793,0.0024165
0.4,1.0,4.0,1000.0,5.0,1.1281,0.0028193
0.4,1.0,4.0,1000.0,5.0,1.1709,0.0032221
0.4,1.0,4.0,1000.0,5.0,1.2023,0.0036248
0.4,1.0,4.0,200.0,5.0,0.14397,0.00093886
0.4,1.0,4.0,200.0,5.0,1.0221,0.0093886
0.4,1.0,4.0,200.0,5.0,1.046,0.010327
0.4,1.0,4.0,200.0,5.0,1.0692,0.011266
0.4,1.0,4.0,200.0,5.0,1.0907,0.012205
0.4,1.0,4.0,200.0,5.0,1.1115,0.013144
0.4,1.0,4.0,200.0,5.0,1.1309,0.014083
0.4,1.0,4.0,200.0,5.0,1.1497,0.015022
0.4,1.0,4.0,200.0,5.0,1.1673,0.015961
0.4,1.0,4.0,200.0,5.0,1.1843,0.016899
0.4,1.0,4.0,200.0,5.0,1.2004,0.017838
0.4,1.0,4.0,200.0,5.0,0.28738,0.0018777
0.4,1.0,4.0,200.0,5.0,1.216,0.018777
0.4,1.0,4.0,200.0,5.0,0.42916,0.0028166
0.4,1.0,4.0,200.0,5.0,0.56784,0.0037554
0.4,1.0,4.0,200.0,5.0,0.70094,0.0046943
0.4,1.0,4.0,200.0,5.0,0.82339,0.0056332
0.4,1.0,4.0,200.0,5.0,0.91962,0.006572
0.4,1.0,4.0,200.0,5.0,0.97145,0.0075109
0.4,1.0,4.0,200.0,5.0,1.0001,0.0084497
0.4,1.0,4.0,300.0,5.0,0.17259,0.00075044
0.4,1.0,4.0,300.0,5.0,1.0684,0.0075044
0.4,1.0,4.0,300.0,5.0,1.0946,0.0082549
0.4,1.0,4.0,300.0,5.0,1.1193,0.0090053
0.4,1.0,4.0,300.0,5.0,1.1419,0.0097558
0.4,1.0,4.0,300.0,5.0,1.164,0.010506
0.4,1.0,4.0,300.0,5.0,1.1841,0.011257
0.4,1.0,4.0,300.0,5.0,1.2039,0.012007
0.4,1.0,4.0,300.0,5.0,1.2222,0.012758
0.4,1.0,4.0,300.0,5.0,1.2401,0.013508
0.4,1.0,4.0,300.0,5.0,1.257,0.014258
0.4,1.0,4.0,300.0,5.0,0.34405,0.0015009
0.4,1.0,4.0,300.0,5.0,1.2734,0.015009
0.4,1.0,4.0,300.0,5.0,0.5124,0.0022513
0.4,1.0,4.0,300.0,5.0,0.67426,0.0030018
0.4,1.0,4.0,300.0,5.0,0.82196,0.0037522
0.4,1.0,4.0,300.0,5.0,0.93044,0.0045027
0.4,1.0,4.0,300.0,5.0,0.98497,0.0052531
0.4,1.0,4.0,300.0,5.0,1.0116,0.0060035
0.4,1.0,4.0,300.0,5.0,1.041,0.006754
0.4,1.0,4.0,500.0,5.0,0.21164,0.0005524
0.4,1.0,4.0,500.0,5.0,1.124,0.005524
0.4,1.0,4.0,500.0,5.0,1.1527,0.0060764
0.4,1.0,4.0,500.0,5.0,1.179,0.0066288
0.4,1.0,4.0,500.0,5.0,1.2021,0.0071812
0.4,1.0,4.0,500.0,5.0,1.2256,0.0077336
0.4,1.0,4.0,500.0,5.0,1.2473,0.008286
0.4,1.0,4.0,500.0,5.0,1.2673,0.0088384
0.4,1.0,4.0,500.0,5.0,1.2872,0.0093907
0.4,1.0,4.0,500.0,5.0,1.3061,0.0099431
0.4,1.0,4.0,500.0,5.0,1.3235,0.010496
0.4,1.0,4.0,500.0,5.0,0.42094,0.0011048
0.4,1.0,4.0,500.0,5.0,1.3409,0.011048
0.4,1.0,4.0,500.0,5.0,0.6234,0.0016572
0.4,1.0,4.0,500.0,5.0,0.80814,0.0022096
0.4,1.0,4.0,500.0,5.0,0.93671,0.002762
0.4,1.0,4.0,500.0,5.0,0.99459,0.0033144
0.4,1.0,4.0,500.0,5.0,1.0263,0.0038668
0.4,1.0,4.0,500.0,5.0,1.0629,0.0044192
0.4,1.0,4.0,500.0,5.0,1.0955,0.0049716
0.4,1.0,4.0,700.0,5.0,0.254,0.00047383
0.4,1.0,4.0,700.0,5.0,1.177,0.0047383
0.4,1.0,4.0,700.0,5.0,1.2075,0.0052122
0.4,1.0,4.0,700.0,5.0,1.2349,0.005686
0.4,1.0,4.0,700.0,5.0,1.2587,0.0061598
0.4,1.0,4.0,700.0,5.0,1.2832,0.0066337
0.4,1.0,4.0,700.0,5.0,1.3064,0.0071075
0.4,1.0,4.0,700.0,5.0,1.3272,0.0075813
0.4,1.0,4.0,700.0,5.0,1.3474,0.0080552
0.4,1.0,4.0,700.0,5.0,1.3676,0.008529
0.4,1.0,4.0,700.0,5.0,1.3862,0.0090028
0.4,1.0,4.0,700.0,5.0,0.50341,0.00094767
0.4,1.0,4.0,700.0,5.0,1.4037,0.0094767
0.4,1.0,4.0,700.0,5.0,0.73792,0.0014215
0.4,1.0,4.0,700.0,5.0,0.92065,0.0018953
0.4,1.0,4.0,700.0,5.0,0.98299,0.0023692
0.4,1.0,4.0,700.0,5.0,1.0307,0.002843
0.4,1.0,4.0,700.0,5.0,1.0737,0.0033168
0.4,1.0,4.0,700.0,5.0,1.1143,0.0037907
0.4,1.0,4.0,700.0,5.0,1.1464,0.0042645
0.4,1.0,6.0,100.0,5.0,0.086277,0.0011253
0.4,1.0,6.0,100.0,5.0,0.81717,0.011253
0.4,1.0,6.0,100.0,5.0,0.87825,0.012378
0.4,1.0,6.0,100.0,5.0,0.92642,0.013503
0.4,1.0,6.0,100.0,5.0,0.95775,0.014629
0.4,1.0,6.0,100.0,5.0,0.97855,0.015754
0.4,1.0,6.0,100.0,5.0,0.98745,0.016879
0.4,1.0,6.0,100.0,5.0,0.99577,0.018004
0.4,1.0,6.0,100.0,5.0,1.0023,0.01913
0.4,1.0,6.0,100.0,5.0,1.0092,0.020255
0.4,1.0,6.0,100.0,5.0,1.017,0.02138
0.4,1.0,6.0,100.0,5.0,0.17252,0.0022506
0.4,1.0,6.0,100.0,5.0,1.0253,0.022506
0.4,1.0,6.0,100.0,5.0,0.25842,0.0033758
0.4,1.0,6.0,100.0,5.0,0.34373,0.0045011
0.4,1.0,6.0,100.0,5.0,0.4282,0.0056264
0.4,1.0,6.0,100.0,5.0,0.51142,0.0067517
0.4,1.0,6.0,100.0,5.0,0.59285,0.0078769
0.4,1.0,6.0,100.0,5.0,0.67177,0.0090022
0.4,1.0,6.0,100.0,5.0,0.74725,0.010127
0.4,1.0,6.0,1000.0,5.0,0.31902,0.00041754
0.4,1.0,6.0,1000.0,5.0,1.1361,0.0041754
0.4,1.0,6.0,1000.0,5.0,1.1557,0.004593
0.4,1.0,6.0,1000.0,5.0,1.1742,0.0050105
0.4,1.0,6.0,1000.0,5.0,1.1902,0.0054281
0.4,1.0,6.0,1000.0,5.0,1.2043,0.0058456
0.4,1.0,6.0,1000.0,5.0,1.2185,0.0062632
0.4,1.0,6.0,1000.0,5.0,1.2326,0.0066807
0.4,1.0,6.0,1000.0,5.0,1.2455,0.0070983
0.4,1.0,6.0,1000.0,5.0,1.2572,0.0075158
0.4,1.0,6.0,1000.0,5.0,1.2683,0.0079333
0.4,1.0,6.0,1000.0,5.0,0.62549,0.00083509
0.4,1.0,6.0,1000.0,5.0,1.2797,0.0083509
0.4,1.0,6.0,1000.0,5.0,0.88274,0.0012526
0.4,1.0,6.0,1000.0,5.0,0.95805,0.0016702
0.4,1.0,6.0,1000.0,5.0,1.0083,0.0020877
0.4,1.0,6.0,1000.0,5.0,1.037,0.0025053
0.4,1.0,6.0,1000.0,5.0,1.0682,0.0029228
0.4,1.0,6.0,1000.0,5.0,1.0963,0.0033404
0.4,1.0,6.0,1000.0,5.0,1.1175,0.0037579
0.4,1.0,6.0,200.0,5.0,0.12119,0.00079034
0.4,1.0,6.0,200.0,5.0,0.97367,0.0079034
0.4,1.0,6.0,200.0,5.0,0.99118,0.0086938
0.4,1.0,6.0,200.0,5.0,1.001,0.0094841
0.4,1.0,6.0,200.0,5.0,1.0113,0.010274
0.4,1.0,6.0,200.0,5.0,1.0228,0.011065
0.4,1.0,6.0,200.0,5.0,1.0344,0.011855
0.4,1.0,6.0,200.0,5.0,1.0457,0.012645
0.4,1.0,6.0,200.0,5.0,1.0565,0.013436
0.4,1.0,6.0,200.0,5.0,1.0667,0.014226
0.4,1.0,6.0,200.0,5.0,1.0766,0.015016
0.4,1.0,6.0,200.0,5.0,0.24207,0.0015807
0.4,1.0,6.0,200.0,5.0,1.0859,0.015807
0.4,1.0,6.0,200.0,5.0,0.36187,0.002371
0.4,1.0,6.0,200.0,5.0,0.47981,0.0031614
0.4,1.0,6.0,200.0,5.0,0.59466,0.0039517
0.4,1.0,6.0,200.0,5.0,0.70454,0.0047421
0.4,1.0,6.0,200.0,5.0,0.80583,0.0055324
0.4,1.0,6.0,200.0,5.0,0.89203,0.0063227
0.4,1.0,6.0,200.0,5.0,0.94907,0.0071131
0.4,1.0,6.0,300.0,5.0,0.17048,0.00074135
0.4,1.0,6.0,300.0,5.0,1.0235,0.0074135
0.4,1.0,6.0,300.0,5.0,1.0398,0.0081548
0.4,1.0,6.0,300.0,5.0,1.055,0.0088962
0.4,1.0,6.0,300.0,5.0,1.0698,0.0096375
0.4,1.0,6.0,300.0,5.0,1.0831,0.010379
0.4,1.0,6.0,300.0,5.0,1.096,0.01112
0.4,1.0,6.0,300.0,5.0,1.1081,0.011862
0.4,1.0,6.0,300.0,5.0,1.1195,0.012603
0.4,1.0,6.0,300.0,5.0,1.1304,0.013344
0.4,1.0,6.0,300.0,5.0,1.1407,0.014086
0.4,1.0,6.0,300.0,5.0,0.33967,0.0014827
0.4,1.0,6.0,300.0,5.0,1.1507,0.014827
0.4,1.0,6.0,300.0,5.0,0.50541,0.002224
0.4,1.0,6.0,300.0,5.0,0.66417,0.0029654
0.4,1.0,6.0,300.0,5.0,0.80857,0.0037067
0.4,1.0,6.0,300.0,5.0,0.91772,0.0044481
0.4,1.0,6.0,300.0,5.0,0.96496,0.0051894
0.4,1.0,6.0,300.0,5.0,0.99324,0.0059308
0.4,1.0,6.0,300.0,5.0,1.0075,0.0066721
0.4,1.0,6.0,500.0,5.0,0.22754,0.00059419
0.4,1.0,6.0,500.0,5.0,1.0737,0.0059419
0.4,1.0,6.0,500.0,5.0,1.0917,0.0065361
0.4,1.0,6.0,500.0,5.0,1.1087,0.0071303
0.4,1.0,6.0,500.0,5.0,1.1233,0.0077245
0.4,1.0,6.0,500.0,5.0,1.1376,0.0083187
0.4,1.0,6.0,500.0,5.0,1.1512,0.0089129
0.4,1.0,6.0,500.0,5.0,1.1637,0.0095071
0.4,1.0,6.0,500.0,5.0,1.1756,0.010101
0.4,1.0,6.0,500.0,5.0,1.1872,0.010695
0.4,1.0,6.0,500.0,5.0,1.198,0.01129
0.4,1.0,6.0,500.0,5.0,0.45146,0.0011884
0.4,1.0,6.0,500.0,5.0,1.2083,0.011884
0.4,1.0,6.0,500.0,5.0,0.66504,0.0017826
0.4,1.0,6.0,500.0,5.0,0.85195,0.0023768
0.4,1.0,6.0,500.0,5.0,0.95659,0.002971
0.4,1.0,6.0,500.0,5.0,0.98583,0.0035652
0.4,1.0,6.0,500.0,5.0,1.0114,0.0041594
0.4,1.0,6.0,500.0,5.0,1.0339,0.0047536
0.4,1.0,6.0,500.0,5.0,1.0555,0.0053477
0.4,1.0,6.0,700.0,5.0,0.26968,0.0005035
0.4,1.0,6.0,700.0,5.0,1.1049,0.005035
0.4,1.0,6.0,700.0,5.0,1.1239,0.0055385
0.4,1.0,6.0,700.0,5.0,1.1415,0.006042
0.4,1.0,6.0,700.0,5.0,1.1563,0.0065455
0.4,1.0,6.0,700.0,5.0,1.1707,0.007049
0.4,1.0,6.0,700.0,5.0,1.185,0.0075525
0.4,1.0,6.0,700.0,5.0,1.1981,0.008056
0.4,1.0,6.0,700.0,5.0,1.2101,0.0085595
0.4,1.0,6.0,700.0,5.0,1.2219,0.009063
0.4,1.0,6.0,700.0,5.0,1.2333,0.0095665
0.4,1.0,6.0,700.0,5.0,0.53267,0.001007
0.4,1.0,6.0,700.0,5.0,1.2438,0.01007
0.4,1.0,6.0,700.0,5.0,0.77409,0.0015105
0.4,1.0,6.0,700.0,5.0,0.9201,0.002014
0.4,1.0,6.0,700.0,5.0,0.99092,0.0025175
0.4,1.0,6.0,700.0,5.0,1.0118,0.003021
0.4,1.0,6.0,700.0,5.0,1.0387,0.0035245
0.4,1.0,6.0,700.0,5.0,1.0652,0.004028
0.4,1.0,6.0,700.0,5.0,1.0863,0.0045315
0.6,0.2,10.0,100.0,30.0,0.094342,0.005675
0.6,0.2,10.0,100.0,30.0,0.71939,0.05675
0.6,0.2,10.0,100.0,30.0,0.75816,0.062425
0.6,0.2,10.0,100.0,30.0,0.793,0.0681
0.6,0.2,10.0,100.0,30.0,0.82478,0.073775
0.6,0.2,10.0,100.0,30.0,0.85217,0.07945
0.6,0.2,10.0,100.0,30.0,0.87577,0.085125
0.6,0.2,10.0,100.0,30.0,0.8959,0.0908
0.6,0.2,10.0,100.0,30.0,0.91296,0.096475
0.6,0.2,10.0,100.0,30.0,0.9238,0.10215
0.6,0.2,10.0,100.0,30.0,0.93464,0.10782
0.6,0.2,10.0,100.0,30.0,0.18708,0.01135
0.6,0.2,10.0,100.0,30.0,0.94548,0.1135
0.6,0.2,10.0,100.0,30.0,0.27648,0.017025
0.6,0.2,10.0,100.0,30.0,0.36089,0.0227
0.6,0.2,10.0,100.0,30.0,0.43884,0.028375
0.6,0.2,10.0,100.0,30.0,0.50823,0.03405
0.6,0.2,10.0,100.0,30.0,0.57031,0.039725
0.6,0.2,10.0,100.0,30.0,0.62637,0.0454
0.6,0.2,10.0,100.0,30.0,0.67582,0.051075
0.6,0.2,10.0,1000.0,30.0,0.19485,0.0011832
0.6,0.2,10.0,1000.0,30.0,0.94819,0.011832
0.6,0.2,10.0,1000.0,30.0,0.95703,0.013015
0.6,0.2,10.0,1000.0,30.0,0.96388,0.014198
0.6,0.2,10.0,1000.0,30.0,0.97025,0.015381
0.6,0.2,10.0,1000.0,30.0,0.97571,0.016565
0.6,0.2,10.0,1000.0,30.0,0.98104,0.017748
0.6,0.2,10.0,1000.0,30.0,0.98563,0.018931
0.6,0.2,10.0,1000.0,30.0,0.99011,0.020114
0.6,0.2,10.0,1000.0,30.0,0.99417,0.021297
0.6,0.2,10.0,1000.0,30.0,0.99807,0.02248
0.6,0.2,10.0,1000.0,30.0,0.37487,0.0023664
0.6,0.2,10.0,1000.0,30.0,1.0018,0.023664
0.6,0.2,10.0,1000.0,30.0,0.52545,0.0035495
0.6,0.2,10.0,1000.0,30.0,0.64469,0.0047327
0.6,0.2,10.0,1000.0,30.0,0.73741,0.0059159
0.6,0.2,10.0,1000.0,30.0,0.81121,0.0070991
0.6,0.2,10.0,1000.0,30.0,0.86895,0.0082823
0.6,0.2,10.0,1000.0,30.0,0.91035,0.0094655
0.6,0.2,10.0,1000.0,30.0,0.93416,0.010649
0.6,0.2,10.0,200.0,30.0,0.1117,0.0033645
0.6,0.2,10.0,200.0,30.0,0.78957,0.033645
0.6,0.2,10.0,200.0,30.0,0.82676,0.03701
0.6,0.2,10.0,200.0,30.0,0.85943,0.040374
0.6,0.2,10.0,200.0,30.0,0.88615,0.043739
0.6,0.2,10.0,200.0,30.0,0.90709,0.047103
0.6,0.2,10.0,200.0,30.0,0.92284,0.050468
0.6,0.2,10.0,200.0,30.0,0.93859,0.053832
0.6,0.2,10.0,200.0,30.0,0.94491,0.057197
0.6,0.2,10.0,200.0,30.0,0.95053,0.060561
0.6,0.2,10.0,200.0,30.0,0.95616,0.063926
0.6,0.2,10.0,200.0,30.0,0.22074,0.006729
0.6,0.2,10.0,200.0,30.0,0.96179,0.06729
0.6,0.2,10.0,200.0,30.0,0.32429,0.010094
0.6,0.2,10.0,200.0,30.0,0.4196,0.013458
0.6,0.2,10.0,200.0,30.0,0.50426,0.016823
0.6,0.2,10.0,200.0,30.0,0.57731,0.020187
0.6,0.2,10.0,200.0,30.0,0.64207,0.023552
0.6,0.2,10.0,200.0,30.0,0.6983,0.026916
0.6,0.2,10.0,200.0,30.0,0.74704,0.030281
0.6,0.2,10.0,300.0,30.0,0.12501,0.002513
0.6,0.2,10.0,300.0,30.0,0.83447,0.02513
0.6,0.2,10.0,300.0,30.0,0.86972,0.027644
0.6,0.2,10.0,300.0,30.0,0.89562,0.030157
0.6,0.2,10.0,300.0,30.0,0.91973,0.03267
0.6,0.2,10.0,300.0,30.0,0.93109,0.035183
0.6,0.2,10.0,300.0,30.0,0.94142,0.037696
0.6,0.2,10.0,300.0,30.0,0.95175,0.040209
0.6,0.2,10.0,300.0,30.0,0.9573,0.042722
0.6,0.2,10.0,300.0,30.0,0.96189,0.045235
0.6,0.2,10.0,300.0,30.0,0.96647,0.047748
0.6,0.2,10.0,300.0,30.0,0.24632,0.0050261
0.6,0.2,10.0,300.0,30.0,0.97105,0.050261
0.6,0.2,10.0,300.0,30.0,0.36005,0.0075391
0.6,0.2,10.0,300.0,30.0,0.46193,0.010052
0.6,0.2,10.0,300.0,30.0,0.54927,0.012565
0.6,0.2,10.0,300.0,30.0,0.62553,0.015078
0.6,0.2,10.0,300.0,30.0,0.68991,0.017591
0.6,0.2,10.0,300.0,30.0,0.74524,0.020104
0.6,0.2,10.0,300.0,30.0,0.79309,0.022617
0.6,0.2,10.0,500.0,30.0,0.14456,0.0017465
0.6,0.2,10.0,500.0,30.0,0.88515,0.017465
0.6,0.2,10.0,500.0,30.0,0.91289,0.019212
0.6,0.2,10.0,500.0,30.0,0.92914,0.020958
0.6,0.2,10.0,500.0,30.0,0.94539,0.022705
0.6,0.2,10.0,500.0,30.0,0.95259,0.024451
0.6,0.2,10.0,500.0,30.0,0.95839,0.026198
0.6,0.2,10.0,500.0,30.0,0.96419,0.027944
0.6,0.2,10.0,500.0,30.0,0.96924,0.029691
0.6,0.2,10.0,500.0,30.0,0.97348,0.031437
0.6,0.2,10.0,500.0,30.0,0.97773,0.033184
0.6,0.2,10.0,500.0,30.0,0.28328,0.0034931
0.6,0.2,10.0,500.0,30.0,0.98197,0.034931
0.6,0.2,10.0,500.0,30.0,0.40985,0.0052396
0.6,0.2,10.0,500.0,30.0,0.51876,0.0069861
0.6,0.2,10.0,500.0,30.0,0.61016,0.0087326
0.6,0.2,10.0,500.0,30.0,0.68708,0.010479
0.6,0.2,10.0,500.0,30.0,0.75159,0.012226
0.6,0.2,10.0,500.0,30.0,0.80579,0.013972
0.6,0.2,10.0,500.0,30.0,0.85049,0.015719
0.6,0.2,10.0,700.0,30.0,0.15851,0.0013695
0.6,0.2,10.0,700.0,30.0,0.91079,0.013695
0.6,0.2,10.0,700.0,30.0,0.93288,0.015064
0.6,0.2,10.0,700.0,30.0,0.94277,0.016434
0.6,0.2,10.0,700.0,30.0,0.95265,0.017803
0.6,0.2,10.0,700.0,30.0,0.96048,0.019173
0.6,0.2,10.0,700.0,30.0,0.96569,0.020542
0.6,0.2,10.0,700.0,30.0,0.97091,0.021912
0.6,0.2,10.0,700.0,30.0,0.97591,0.023281
0.6,0.2,10.0,700.0,30.0,0.97997,0.024651
0.6,0.2,10.0,700.0,30.0,0.98403,0.02602
0.6,0.2,10.0,700.0,30.0,0.3091,0.002739
0.6,0.2,10.0,700.0,30.0,0.98809,0.02739
0.6,0.2,10.0,700.0,30.0,0.44418,0.0041084
0.6,0.2,10.0,700.0,30.0,0.55683,0.0054779
0.6,0.2,10.0,700.0,30.0,0.64949,0.0068474
0.6,0.2,10.0,700.0,30.0,0.72612,0.0082168
0.6,0.2,10.0,700.0,30.0,0.78878,0.0095863
0.6,0.2,10.0,700.0,30.0,0.84063,0.010956
0.6,0.2,10.0,700.0,30.0,0.88328,0.012325
0.6,0.2,20.0,100.0,30.0,0.089135,0.0053614
0.6,0.2,20.0,100.0,30.0,0.68293,0.053614
0.6,0.2,20.0,100.0,30.0,0.72013,0.058975
0.6,0.2,20.0,100.0,30.0,0.75391,0.064337
0.6,0.2,20.0,100.0,30.0,0.78454,0.069698
0.6,0.2,20.0,100.0,30.0,0.81113,0.07506
0.6,0.2,20.0,100.0,30.0,0.83628,0.080421
0.6,0.2,20.0,100.0,30.0,0.85655,0.085782
0.6,0.2,20.0,100.0,30.0,0.87681,0.091144
0.6,0.2,20.0,100.0,30.0,0.88983,0.096505
0.6,0.2,20.0,100.0,30.0,0.90285,0.10187
0.6,0.2,20.0,100.0,30.0,0.17676,0.010723
0.6,0.2,20.0,100.0,30.0,0.91587,0.10723
0.6,0.2,20.0,100.0,30.0,0.26135,0.016084
0.6,0.2,20.0,100.0,30.0,0.34142,0.021446
0.6,0.2,20.0,100.0,30.0,0.41575,0.026807
0.6,0.2,20.0,100.0,30.0,0.482,0.032168
0.6,0.2,20.0,100.0,30.0,0.54101,0.03753
0.6,0.2,20.0,100.0,30.0,0.59394,0.042891
0.6,0.2,20.0,100.0,30.0,0.64129,0.048253
0.6,0.2,20.0,1000.0,30.0,0.17697,0.0010734
0.6,0.2,20.0,1000.0,30.0,0.91436,0.010734
0.6,0.2,20.0,1000.0,30.0,0.9308,0.011807
0.6,0.2,20.0,1000.0,30.0,0.93631,0.01288
0.6,0.2,20.0,1000.0,30.0,0.94154,0.013954
0.6,0.2,20.0,1000.0,30.0,0.94535,0.015027
0.6,0.2,20.0,1000.0,30.0,0.94886,0.016101
0.6,0.2,20.0,1000.0,30.0,0.95203,0.017174
0.6,0.2,20.0,1000.0,30.0,0.95495,0.018247
0.6,0.2,20.0,1000.0,30.0,0.95775,0.019321
0.6,0.2,20.0,1000.0,30.0,0.96025,0.020394
0.6,0.2,20.0,1000.0,30.0,0.34189,0.0021467
0.6,0.2,20.0,1000.0,30.0,0.96276,0.021467
0.6,0.2,20.0,1000.0,30.0,0.48288,0.0032201
0.6,0.2,20.0,1000.0,30.0,0.5949,0.0042935
0.6,0.2,20.0,1000.0,30.0,0.68419,0.0053668
0.6,0.2,20.0,1000.0,30.0,0.75525,0.0064402
0.6,0.2,20.0,1000.0,30.0,0.81301,0.0075136
0.6,0.2,20.0,1000.0,30.0,0.8585,0.008587
0.6,0.2,20.0,1000.0,30.0,0.89194,0.0096603
0.6,0.2,20.0,200.0,30.0,0.096275,0.0028964
0.6,0.2,20.0,200.0,30.0,0.71432,0.028964
0.6,0.2,20.0,200.0,30.0,0.751,0.03186
0.6,0.2,20.0,200.0,30.0,0.7836,0.034756
0.6,0.2,20.0,200.0,30.0,0.81333,0.037653
0.6,0.2,20.0,200.0,30.0,0.83944,0.040549
0.6,0.2,20.0,200.0,30.0,0.86141,0.043445
0.6,0.2,20.0,200.0,30.0,0.88067,0.046342
0.6,0.2,20.0,200.0,30.0,0.89682,0.049238
0.6,0.2,20.0,200.0,30.0,0.90753,0.052134
0.6,0.2,20.0,200.0,30.0,0.91824,0.055031
0.6,0.2,20.0,200.0,30.0,0.19071,0.0057927
0.6,0.2,20.0,200.0,30.0,0.92894,0.057927
0.6,0.2,20.0,200.0,30.0,0.28131,0.0086891
0.6,0.2,20.0,200.0,30.0,0.36609,0.011585
0.6,0.2,20.0,200.0,30.0,0.44325,0.014482
0.6,0.2,20.0,200.0,30.0,0.51171,0.017378
0.6,0.2,20.0,200.0,30.0,0.57215,0.020274
0.6,0.2,20.0,200.0,30.0,0.62556,0.023171
0.6,0.2,20.0,200.0,30.0,0.67261,0.026067
0.6,0.2,20.0,300.0,30.0,0.10255,0.0020581
0.6,0.2,20.0,300.0,30.0,0.73872,0.020581
0.6,0.2,20.0,300.0,30.0,0.77555,0.022639
0.6,0.2,20.0,300.0,30.0,0.80787,0.024697
0.6,0.2,20.0,300.0,30.0,0.83559,0.026755
0.6,0.2,20.0,300.0,30.0,0.86167,0.028814
0.6,0.2,20.0,300.0,30.0,0.87991,0.030872
0.6,0.2,20.0,300.0,30.0,0.89815,0.03293
0.6,0.2,20.0,300.0,30.0,0.90981,0.034988
0.6,0.2,20.0,300.0,30.0,0.9184,0.037046
0.6,0.2,20.0,300.0,30.0,0.92698,0.039104
0.6,0.2,20.0,300.0,30.0,0.20283,0.0041162
0.6,0.2,20.0,300.0,30.0,0.93556,0.041162
0.6,0.2,20.0,300.0,30.0,0.29854,0.0061743
0.6,0.2,20.0,300.0,30.0,0.38763,0.0082324
0.6,0.2,20.0,300.0,30.0,0.46676,0.010291
0.6,0.2,20.0,300.0,30.0,0.53669,0.012349
0.6,0.2,20.0,300.0,30.0,0.59731,0.014407
0.6,0.2,20.0,300.0,30.0,0.65092,0.016465
0.6,0.2,20.0,300.0,30.0,0.69754,0.018523
0.6,0.2,20.0,500.0,30.0,0.11275,0.0013591
0.6,0.2,20.0,500.0,30.0,0.77579,0.013591
0.6,0.2,20.0,500.0,30.0,0.81067,0.01495
0.6,0.2,20.0,500.0,30.0,0.84139,0.016309
0.6,0.2,20.0,500.0,30.0,0.86739,0.017668
0.6,0.2,20.0,500.0,30.0,0.88738,0.019027
0.6,0.2,20.0,500.0,30.0,0.90357,0.020387
0.6,0.2,20.0,500.0,30.0,0.9189,0.021746
0.6,0.2,20.0,500.0,30.0,0.92446,0.023105
0.6,0.2,20.0,500.0,30.0,0.93003,0.024464
0.6,0.2,20.0,500.0,30.0,0.9356,0.025823
0.6,0.2,20.0,500.0,30.0,0.22247,0.0027182
0.6,0.2,20.0,500.0,30.0,0.94116,0.027182
0.6,0.2,20.0,500.0,30.0,0.32608,0.0040773
0.6,0.2,20.0,500.0,30.0,0.42045,0.0054364
0.6,0.2,20.0,500.0,30.0,0.50311,0.0067955
0.6,0.2,20.0,500.0,30.0,0.57405,0.0081546
0.6,0.2,20.0,500.0,30.0,0.63659,0.0095137
0.6,0.2,20.0,500.0,30.0,0.68968,0.010873
0.6,0.2,20.0,500.0,30.0,0.73595,0.012232
0.6,0.2,20.0,700.0,30.0,0.1204,0.0010375
0.6,0.2,20.0,700.0,30.0,0.80066,0.010375
0.6,0.2,20.0,700.0,30.0,0.83474,0.011412
0.6,0.2,20.0,700.0,30.0,0.86221,0.012449
0.6,0.2,20.0,700.0,30.0,0.88754,0.013487
0.6,0.2,20.0,700.0,30.0,0.90225,0.014524
0.6,0.2,20.0,700.0,30.0,0.9164,0.015562
0.6,0.2,20.0,700.0,30.0,0.92831,0.016599
0.6,0.2,20.0,700.0,30.0,0.93233,0.017637
0.6,0.2,20.0,700.0,30.0,0.93635,0.018674
0.6,0.2,20.0,700.0,30.0,0.94037,0.019712
0.6,0.2,20.0,700.0,30.0,0.23717,0.0020749
0.6,0.2,20.0,700.0,30.0,0.9444,0.020749
0.6,0.2,20.0,700.0,30.0,0.34657,0.0031124
0.6,0.2,20.0,700.0,30.0,0.44463,0.0041498
0.6,0.2,20.0,700.0,30.0,0.52843,0.0051873
0.6,0.2,20.0,700.0,30.0,0.60101,0.0062247
0.6,0.2,20.0,700.0,30.0,0.6625,0.0072622
0.6,0.2,20.0,700.0,30.0,0.71501,0.0082996
0.6,0.2,20.0,700.0,30.0,0.76065,0.0093371
0.6,0.2,3.0,100.0,30.0,0.10009,0.0060204
0.6,0.2,3.0,100.0,30.0,0.80988,0.060204
0.6,0.2,3.0,100.0,30.0,0.85843,0.066224
0.6,0.2,3.0,100.0,30.0,0.9012,0.072244
0.6,0.2,3.0,100.0,30.0,0.93657,0.078265
0.6,0.2,3.0,100.0,30.0,0.96116,0.084285
0.6,0.2,3.0,100.0,30.0,0.98016,0.090305
0.6,0.2,3.0,100.0,30.0,0.99752,0.096326
0.6,0.2,3.0,100.0,30.0,1.0108,0.10235
0.6,0.2,3.0,100.0,30.0,1.025,0.10837
0.6,0.2,3.0,100.0,30.0,1.0401,0.11439
0.6,0.2,3.0,100.0,30.0,0.19903,0.012041
0.6,0.2,3.0,100.0,30.0,1.0555,0.12041
0.6,0.2,3.0,100.0,30.0,0.29563,0.018061
0.6,0.2,3.0,100.0,30.0,0.38784,0.024081
0.6,0.2,3.0,100.0,30.0,0.47486,0.030102
0.6,0.2,3.0,100.0,30.0,0.55456,0.036122
0.6,0.2,3.0,100.0,30.0,0.62784,0.042142
0.6,0.2,3.0,100.0,30.0,0.69507,0.048163
0.6,0.2,3.0,100.0,30.0,0.75556,0.054183
0.6,0.2,3.0,1000.0,30.0,0.17533,0.0010597
0.6,0.2,3.0,1000.0,30.0,1.0147,0.010597
0.6,0.2,3.0,1000.0,30.0,1.0402,0.011657
0.6,0.2,3.0,1000.0,30.0,1.0688,0.012717
0.6,0.2,3.0,1000.0,30.0,1.0978,0.013776
0.6,0.2,3.0,1000.0,30.0,1.1266,0.014836
0.6,0.2,3.0,1000.0,30.0,1.1548,0.015896
0.6,0.2,3.0,1000.0,30.0,1.1819,0.016956
0.6,0.2,3.0,1000.0,30.0,1.2074,0.018015
0.6,0.2,3.0,1000.0,30.0,1.2304,0.019075
0.6,0.2,3.0,1000.0,30.0,1.2508,0.020135
0.6,0.2,3.0,1000.0,30.0,0.34369,0.0021194
0.6,0.2,3.0,1000.0,30.0,1.2693,0.021194
0.6,0.2,3.0,1000.0,30.0,0.49733,0.0031792
0.6,0.2,3.0,1000.0,30.0,0.63109,0.0042389
0.6,0.2,3.0,1000.0,30.0,0.74411,0.0052986
0.6,0.2,3.0,1000.0,30.0,0.83843,0.0063583
0.6,0.2,3.0,1000.0,30.0,0.91257,0.0074181
0.6,0.2,3.0,1000.0,30.0,0.95477,0.0084778
0.6,0.2,3.0,1000.0,30.0,0.98637,0.0095375
0.6,0.2,3.0,200.0,30.0,0.11495,0.0034595
0.6,0.2,3.0,200.0,30.0,0.88384,0.034595
0.6,0.2,3.0,200.0,30.0,0.92573,0.038054
0.6,0.2,3.0,200.0,30.0,0.95975,0.041514
0.6,0.2,3.0,200.0,30.0,0.97992,0.044973
0.6,0.2,3.0,200.0,30.0,1.0001,0.048433
0.6,0.2,3.0,200.0,30.0,1.0167,0.051892
0.6,0.2,3.0,200.0,30.0,1.0341,0.055352
0.6,0.2,3.0,200.0,30.0,1.0523,0.058811
0.6,0.2,3.0,200.0,30.0,1.0702,0.062271
0.6,0.2,3.0,200.0,30.0,1.088,0.06573
0.6,0.2,3.0,200.0,30.0,0.22811,0.006919
0.6,0.2,3.0,200.0,30.0,1.1055,0.06919
0.6,0.2,3.0,200.0,30.0,0.3377,0.010378
0.6,0.2,3.0,200.0,30.0,0.44062,0.013838
0.6,0.2,3.0,200.0,30.0,0.53564,0.017297
0.6,0.2,3.0,200.0,30.0,0.62177,0.020757
0.6,0.2,3.0,200.0,30.0,0.6993,0.024216
0.6,0.2,3.0,200.0,30.0,0.76837,0.027676
0.6,0.2,3.0,200.0,30.0,0.82976,0.031135
0.6,0.2,3.0,300.0,30.0,0.12622,0.0025339
0.6,0.2,3.0,300.0,30.0,0.92416,0.025339
0.6,0.2,3.0,300.0,30.0,0.96368,0.027872
0.6,0.2,3.0,300.0,30.0,0.98534,0.030406
0.6,0.2,3.0,300.0,30.0,1.0037,0.03294
0.6,0.2,3.0,300.0,30.0,1.023,0.035474
0.6,0.2,3.0,300.0,30.0,1.0433,0.038008
0.6,0.2,3.0,300.0,30.0,1.064,0.040542
0.6,0.2,3.0,300.0,30.0,1.0837,0.043076
0.6,0.2,3.0,300.0,30.0,1.1025,0.045609
0.6,0.2,3.0,300.0,30.0,1.1216,0.048143
0.6,0.2,3.0,300.0,30.0,0.25002,0.0050677
0.6,0.2,3.0,300.0,30.0,1.1403,0.050677
0.6,0.2,3.0,300.0,30.0,0.36897,0.0076016
0.6,0.2,3.0,300.0,30.0,0.47904,0.010135
0.6,0.2,3.0,300.0,30.0,0.57891,0.012669
0.6,0.2,3.0,300.0,30.0,0.66916,0.015203
0.6,0.2,3.0,300.0,30.0,0.74885,0.017737
0.6,0.2,3.0,300.0,30.0,0.81813,0.020271
0.6,0.2,3.0,300.0,30.0,0.87741,0.022805
0.6,0.2,3.0,500.0,30.0,0.14377,0.0017336
0.6,0.2,3.0,500.0,30.0,0.96644,0.017336
0.6,0.2,3.0,500.0,30.0,0.99368,0.01907
0.6,0.2,3.0,500.0,30.0,1.0159,0.020804
0.6,0.2,3.0,500.0,30.0,1.0379,0.022537
0.6,0.2,3.0,500.0,30.0,1.062,0.024271
0.6,0.2,3.0,500.0,30.0,1.086,0.026004
0.6,0.2,3.0,500.0,30.0,1.1091,0.027738
0.6,0.2,3.0,500.0,30.0,1.1304,0.029472
0.6,0.2,3.0,500.0,30.0,1.1498,0.031205
0.6,0.2,3.0,500.0,30.0,1.1696,0.032939
0.6,0.2,3.0,500.0,30.0,0.28389,0.0034673
0.6,0.2,3.0,500.0,30.0,1.1897,0.034673
0.6,0.2,3.0,500.0,30.0,0.41651,0.0052009
0.6,0.2,3.0,500.0,30.0,0.53625,0.0069345
0.6,0.2,3.0,500.0,30.0,0.64249,0.0086681
0.6,0.2,3.0,500.0,30.0,0.73557,0.010402
0.6,0.2,3.0,500.0,30.0,0.81547,0.012135
0.6,0.2,3.0,500.0,30.0,0.88237,0.013869
0.6,0.2,3.0,500.0,30.0,0.93921,0.015603
0.6,0.2,3.0,700.0,30.0,0.15799,0.0013622
0.6,0.2,3.0,700.0,30.0,0.99062,0.013622
0.6,0.2,3.0,700.0,30.0,1.0157,0.014984
0.6,0.2,3.0,700.0,30.0,1.0395,0.016346
0.6,0.2,3.0,700.0,30.0,1.0659,0.017709
0.6,0.2,3.0,700.0,30.0,1.0924,0.019071
0.6,0.2,3.0,700.0,30.0,1.1184,0.020433
0.6,0.2,3.0,700.0,30.0,1.1433,0.021795
0.6,0.2,3.0,700.0,30.0,1.1663,0.023158
0.6,0.2,3.0,700.0,30.0,1.1869,0.02452
0.6,0.2,3.0,700.0,30.0,1.206,0.025882
0.6,0.2,3.0,700.0,30.0,0.31102,0.0027244
0.6,0.2,3.0,700.0,30.0,1.2262,0.027244
0.6,0.2,3.0,700.0,30.0,0.45373,0.0040866
0.6,0.2,3.0,700.0,30.0,0.58028,0.0054488
0.6,0.2,3.0,700.0,30.0,0.69017,0.006811
0.6,0.2,3.0,700.0,30.0,0.7843,0.0081732
0.6,0.2,3.0,700.0,30.0,0.86316,0.0095354
0.6,0.2,3.0,700.0,30.0,0.92842,0.010898
0.6,0.2,3.0,700.0,30.0,0.96129,0.01226
0.6,0.2,4.0,100.0,30.0,0.10559,0.0063518
0.6,0.2,4.0,100.0,30.0,0.81244,0.063518
0.6,0.2,4.0,100.0,30.0,0.85642,0.06987
0.6,0.2,4.0,100.0,30.0,0.89413,0.076222
0.6,0.2,4.0,100.0,30.0,0.92774,0.082574
0.6,0.2,4.0,100.0,30.0,0.94726,0.088925
0.6,0.2,4.0,100.0,30.0,0.96664,0.095277
0.6,0.2,4.0,100.0,30.0,0.9795,0.10163
0.6,0.2,4.0,100.0,30.0,0.98928,0.10798
0.6,0.2,4.0,100.0,30.0,0.99907,0.11433
0.6,0.2,4.0,100.0,30.0,1.0079,0.12068
0.6,0.2,4.0,100.0,30.0,0.20951,0.012704
0.6,0.2,4.0,100.0,30.0,1.0166,0.12704
0.6,0.2,4.0,100.0,30.0,0.30985,0.019055
0.6,0.2,4.0,100.0,30.0,0.40466,0.025407
0.6,0.2,4.0,100.0,30.0,0.49225,0.031759
0.6,0.2,4.0,100.0,30.0,0.57063,0.038111
0.6,0.2,4.0,100.0,30.0,0.64181,0.044463
0.6,0.2,4.0,100.0,30.0,0.70585,0.050814
0.6,0.2,4.0,100.0,30.0,0.76234,0.057166
0.6,0.2,4.0,1000.0,30.0,0.18478,0.0011178
0.6,0.2,4.0,1000.0,30.0,0.99275,0.011178
0.6,0.2,4.0,1000.0,30.0,1.0069,0.012296
0.6,0.2,4.0,1000.0,30.0,1.0234,0.013414
0.6,0.2,4.0,1000.0,30.0,1.0421,0.014532
0.6,0.2,4.0,1000.0,30.0,1.0613,0.01565
0.6,0.2,4.0,1000.0,30.0,1.0805,0.016767
0.6,0.2,4.0,1000.0,30.0,1.0993,0.017885
0.6,0.2,4.0,1000.0,30.0,1.1175,0.019003
0.6,0.2,4.0,1000.0,30.0,1.1347,0.020121
0.6,0.2,4.0,1000.0,30.0,1.1507,0.021239
0.6,0.2,4.0,1000.0,30.0,0.35995,0.0022357
0.6,0.2,4.0,1000.0,30.0,1.165,0.022357
0.6,0.2,4.0,1000.0,30.0,0.5152,0.0033535
0.6,0.2,4.0,1000.0,30.0,0.64528,0.0044713
0.6,0.2,4.0,1000.0,30.0,0.75257,0.0055891
0.6,0.2,4.0,1000.0,30.0,0.83892,0.006707
0.6,0.2,4.0,1000.0,30.0,0.90511,0.0078248
0.6,0.2,4.0,1000.0,30.0,0.95095,0.0089426
0.6,0.2,4.0,1000.0,30.0,0.97349,0.01006
0.6,0.2,4.0,200.0,30.0,0.11838,0.0035625
0.6,0.2,4.0,200.0,30.0,0.86721,0.035625
0.6,0.2,4.0,200.0,30.0,0.9098,0.039187
0.6,0.2,4.0,200.0,30.0,0.93769,0.04275
0.6,0.2,4.0,200.0,30.0,0.96425,0.046312
0.6,0.2,4.0,200.0,30.0,0.97658,0.049875
0.6,0.2,4.0,200.0,30.0,0.98891,0.053437
0.6,0.2,4.0,200.0,30.0,1.0005,0.057
0.6,0.2,4.0,200.0,30.0,1.0105,0.060562
0.6,0.2,4.0,200.0,30.0,1.0212,0.064125
0.6,0.2,4.0,200.0,30.0,1.0326,0.067687
0.6,0.2,4.0,200.0,30.0,0.23437,0.0071249
0.6,0.2,4.0,200.0,30.0,1.0441,0.071249
0.6,0.2,4.0,200.0,30.0,0.34536,0.010687
0.6,0.2,4.0,200.0,30.0,0.44849,0.01425
0.6,0.2,4.0,200.0,30.0,0.54178,0.017812
0.6,0.2,4.0,200.0,30.0,0.62424,0.021375
0.6,0.2,4.0,200.0,30.0,0.69771,0.024937
0.6,0.2,4.0,200.0,30.0,0.76209,0.0285
0.6,0.2,4.0,200.0,30.0,0.81839,0.032062
0.6,0.2,4.0,300.0,30.0,0.12745,0.0025584
0.6,0.2,4.0,300.0,30.0,0.90083,0.025584
0.6,0.2,4.0,300.0,30.0,0.93304,0.028142
0.6,0.2,4.0,300.0,30.0,0.96143,0.0307
0.6,0.2,4.0,300.0,30.0,0.9773,0.033259
0.6,0.2,4.0,300.0,30.0,0.98968,0.035817
0.6,0.2,4.0,300.0,30.0,1.002,0.038376
0.6,0.2,4.0,300.0,30.0,1.0132,0.040934
0.6,0.2,4.0,300.0,30.0,1.0252,0.043492
0.6,0.2,4.0,300.0,30.0,1.038,0.046051
0.6,0.2,4.0,300.0,30.0,1.0506,0.048609
0.6,0.2,4.0,300.0,30.0,0.25191,0.0051167
0.6,0.2,4.0,300.0,30.0,1.0628,0.051167
0.6,0.2,4.0,300.0,30.0,0.37008,0.0076751
0.6,0.2,4.0,300.0,30.0,0.47833,0.010233
0.6,0.2,4.0,300.0,30.0,0.57467,0.012792
0.6,0.2,4.0,300.0,30.0,0.66016,0.01535
0.6,0.2,4.0,300.0,30.0,0.73412,0.017909
0.6,0.2,4.0,300.0,30.0,0.79834,0.020467
0.6,0.2,4.0,300.0,30.0,0.85426,0.023025
0.6,0.2,4.0,500.0,30.0,0.14032,0.0016914
0.6,0.2,4.0,500.0,30.0,0.93623,0.016914
0.6,0.2,4.0,500.0,30.0,0.9577,0.018606
0.6,0.2,4.0,500.0,30.0,0.97918,0.020297
0.6,0.2,4.0,500.0,30.0,0.99341,0.021988
0.6,0.2,4.0,500.0,30.0,1.0052,0.02368
0.6,0.2,4.0,500.0,30.0,1.018,0.025371
0.6,0.2,4.0,500.0,30.0,1.032,0.027063
0.6,0.2,4.0,500.0,30.0,1.0467,0.028754
0.6,0.2,4.0,500.0,30.0,1.0613,0.030446
0.6,0.2,4.0,500.0,30.0,1.0752,0.032137
0.6,0.2,4.0,500.0,30.0,0.27658,0.0033828
0.6,0.2,4.0,500.0,30.0,1.0882,0.033828
0.6,0.2,4.0,500.0,30.0,0.40421,0.0050743
0.6,0.2,4.0,500.0,30.0,0.51907,0.0067657
0.6,0.2,4.0,500.0,30.0,0.61912,0.0084571
0.6,0.2,4.0,500.0,30.0,0.7066,0.010149
0.6,0.2,4.0,500.0,30.0,0.78107,0.01184
0.6,0.2,4.0,500.0,30.0,0.84416,0.013531
0.6,0.2,4.0,500.0,30.0,0.89509,0.015223
0.6,0.2,4.0,700.0,30.0,0.14926,0.001286
0.6,0.2,4.0,700.0,30.0,0.94762,0.01286
0.6,0.2,4.0,700.0,30.0,0.97238,0.014146
0.6,0.2,4.0,700.0,30.0,0.98931,0.015432
0.6,0.2,4.0,700.0,30.0,1.0016,0.016718
0.6,0.2,4.0,700.0,30.0,1.0145,0.018004
0.6,0.2,4.0,700.0,30.0,1.029,0.01929
0.6,0.2,4.0,700.0,30.0,1.0446,0.020576
0.6,0.2,4.0,700.0,30.0,1.0604,0.021862
0.6,0.2,4.0,700.0,30.0,1.0759,0.023148
0.6,0.2,4.0,700.0,30.0,1.0908,0.024434
0.6,0.2,4.0,700.0,30.0,0.29355,0.002572
0.6,0.2,4.0,700.0,30.0,1.1051,0.02572
0.6,0.2,4.0,700.0,30.0,0.4273,0.003858
0.6,0.2,4.0,700.0,30.0,0.54651,0.005144
0.6,0.2,4.0,700.0,30.0,0.64825,0.0064299
0.6,0.2,4.0,700.0,30.0,0.73581,0.0077159
0.6,0.2,4.0,700.0,30.0,0.80961,0.0090019
0.6,0.2,4.0,700.0,30.0,0.87089,0.010288
0.6,0.2,4.0,700.0,30.0,0.92286,0.011574
0.6,0.2,6.0,100.0,30.0,0.10357,0.0062309
0.6,0.2,6.0,100.0,30.0,0.778,0.062309
0.6,0.2,6.0,100.0,30.0,0.81945,0.06854
0.6,0.2,6.0,100.0,30.0,0.85564,0.07477
0.6,0.2,6.0,100.0,30.0,0.88564,0.081001
0.6,0.2,6.0,100.0,30.0,0.91304,0.087232
0.6,0.2,6.0,100.0,30.0,0.93005,0.093463
0.6,0.2,6.0,100.0,30.0,0.94706,0.099694
0.6,0.2,6.0,100.0,30.0,0.95833,0.10592
0.6,0.2,6.0,100.0,30.0,0.96546,0.11216
0.6,0.2,6.0,100.0,30.0,0.97259,0.11839
0.6,0.2,6.0,100.0,30.0,0.20532,0.012462
0.6,0.2,6.0,100.0,30.0,0.97972,0.12462
0.6,0.2,6.0,100.0,30.0,0.30313,0.018693
0.6,0.2,6.0,100.0,30.0,0.39491,0.024923
0.6,0.2,6.0,100.0,30.0,0.4784,0.031154
0.6,0.2,6.0,100.0,30.0,0.55332,0.037385
0.6,0.2,6.0,100.0,30.0,0.62,0.043616
0.6,0.2,6.0,100.0,30.0,0.67929,0.049847
0.6,0.2,6.0,100.0,30.0,0.73159,0.056078
0.6,0.2,6.0,1000.0,30.0,0.19613,0.00119
0.6,0.2,6.0,1000.0,30.0,0.97183,0.0119
0.6,0.2,6.0,1000.0,30.0,0.98312,0.01309
0.6,0.2,6.0,1000.0,30.0,0.9921,0.01428
0.6,0.2,6.0,1000.0,30.0,1.0007,0.01547
0.6,0.2,6.0,1000.0,30.0,1.0088,0.016659
0.6,0.2,6.0,1000.0,30.0,1.0181,0.017849
0.6,0.2,6.0,1000.0,30.0,1.0283,0.019039
0.6,0.2,6.0,1000.0,30.0,1.0388,0.020229
0.6,0.2,6.0,1000.0,30.0,1.0493,0.021419
0.6,0.2,6.0,1000.0,30.0,1.0595,0.022609
0.6,0.2,6.0,1000.0,30.0,0.37918,0.0023799
0.6,0.2,6.0,1000.0,30.0,1.0693,0.023799
0.6,0.2,6.0,1000.0,30.0,0.53451,0.0035699
0.6,0.2,6.0,1000.0,30.0,0.65977,0.0047598
0.6,0.2,6.0,1000.0,30.0,0.75955,0.0059498
0.6,0.2,6.0,1000.0,30.0,0.83766,0.0071398
0.6,0.2,6.0,1000.0,30.0,0.89753,0.0083297
0.6,0.2,6.0,1000.0,30.0,0.93461,0.0095197
0.6,0.2,6.0,1000.0,30.0,0.95962,0.01071
0.6,0.2,6.0,200.0,30.0,0.12653,0.0038134
0.6,0.2,6.0,200.0,30.0,0.86588,0.038134
0.6,0.2,6.0,200.0,30.0,0.89995,0.041947
0.6,0.2,6.0,200.0,30.0,0.92731,0.045761
0.6,0.2,6.0,200.0,30.0,0.94445,0.049574
0.6,0.2,6.0,200.0,30.0,0.96159,0.053387
0.6,0.2,6.0,200.0,30.0,0.96987,0.057201
0.6,0.2,6.0,200.0,30.0,0.97761,0.061014
0.6,0.2,6.0,200.0,30.0,0.98536,0.064827
0.6,0.2,6.0,200.0,30.0,0.99154,0.068641
0.6,0.2,6.0,200.0,30.0,0.9973,0.072454
0.6,0.2,6.0,200.0,30.0,0.24963,0.0076268
0.6,0.2,6.0,200.0,30.0,1.0031,0.076268
0.6,0.2,6.0,200.0,30.0,0.36565,0.01144
0.6,0.2,6.0,200.0,30.0,0.47045,0.015254
0.6,0.2,6.0,200.0,30.0,0.56218,0.019067
0.6,0.2,6.0,200.0,30.0,0.64213,0.02288
0.6,0.2,6.0,200.0,30.0,0.7116,0.026694
0.6,0.2,6.0,200.0,30.0,0.7706,0.030507
0.6,0.2,6.0,200.0,30.0,0.82189,0.03432
0.6,0.2,6.0,300.0,30.0,0.13766,0.0027688
0.6,0.2,6.0,300.0,30.0,0.8977,0.027688
0.6,0.2,6.0,300.0,30.0,0.92552,0.030456
0.6,0.2,6.0,300.0,30.0,0.94797,0.033225
0.6,0.2,6.0,300.0,30.0,0.96252,0.035994
0.6,0.2,6.0,300.0,30.0,0.97154,0.038763
0.6,0.2,6.0,300.0,30.0,0.98056,0.041531
0.6,0.2,6.0,300.0,30.0,0.9881,0.0443
0.6,0.2,6.0,300.0,30.0,0.99459,0.047069
0.6,0.2,6.0,300.0,30.0,1.0011,0.049838
0.6,0.2,6.0,300.0,30.0,1.0072,0.052606
0.6,0.2,6.0,300.0,30.0,0.27097,0.0055375
0.6,0.2,6.0,300.0,30.0,1.0132,0.055375
0.6,0.2,6.0,300.0,30.0,0.39524,0.0083063
0.6,0.2,6.0,300.0,30.0,0.50488,0.011075
0.6,0.2,6.0,300.0,30.0,0.5991,0.013844
0.6,0.2,6.0,300.0,30.0,0.68089,0.016613
0.6,0.2,6.0,300.0,30.0,0.74966,0.019381
0.6,0.2,6.0,300.0,30.0,0.80824,0.02215
0.6,0.2,6.0,300.0,30.0,0.85834,0.024919
0.6,0.2,6.0,500.0,30.0,0.14884,0.0017981
0.6,0.2,6.0,500.0,30.0,0.92129,0.017981
0.6,0.2,6.0,500.0,30.0,0.94376,0.019779
0.6,0.2,6.0,500.0,30.0,0.96262,0.021577
0.6,0.2,6.0,500.0,30.0,0.97172,0.023375
0.6,0.2,6.0,500.0,30.0,0.98082,0.025173
0.6,0.2,6.0,500.0,30.0,0.98925,0.026972
0.6,0.2,6.0,500.0,30.0,0.99599,0.02877
0.6,0.2,6.0,500.0,30.0,1.0027,0.030568
0.6,0.2,6.0,500.0,30.0,1.0095,0.032366
0.6,0.2,6.0,500.0,30.0,1.0164,0.034164
0.6,0.2,6.0,500.0,30.0,0.29216,0.0035962
0.6,0.2,6.0,500.0,30.0,1.0241,0.035962
0.6,0.2,6.0,500.0,30.0,0.42383,0.0053943
0.6,0.2,6.0,500.0,30.0,0.53759,0.0071924
0.6,0.2,6.0,500.0,30.0,0.63414,0.0089905
0.6,0.2,6.0,500.0,30.0,0.71596,0.010789
0.6,0.2,6.0,500.0,30.0,0.78464,0.012587
0.6,0.2,6.0,500.0,30.0,0.84194,0.014385
0.6,0.2,6.0,500.0,30.0,0.88731,0.016183
0.6,0.2,6.0,700.0,30.0,0.15643,0.0013508
0.6,0.2,6.0,700.0,30.0,0.93474,0.013508
0.6,0.2,6.0,700.0,30.0,0.95489,0.014859
0.6,0.2,6.0,700.0,30.0,0.966,0.01621
0.6,0.2,6.0,700.0,30.0,0.97711,0.017561
0.6,0.2,6.0,700.0,30.0,0.98582,0.018912
0.6,0.2,6.0,700.0,30.0,0.99311,0.020262
0.6,0.2,6.0,700.0,30.0,1.0004,0.021613
0.6,0.2,6.0,700.0,30.0,1.0073,0.022964
0.6,0.2,6.0,700.0,30.0,1.0143,0.024315
0.6,0.2,6.0,700.0,30.0,1.0223,0.025666
0.6,0.2,6.0,700.0,30.0,0.30639,0.0027017
0.6,0.2,6.0,700.0,30.0,1.0306,0.027017
0.6,0.2,6.0,700.0,30.0,0.44258,0.0040525
0.6,0.2,6.0,700.0,30.0,0.55851,0.0054033
0.6,0.2,6.0,700.0,30.0,0.65677,0.0067541
0.6,0.2,6.0,700.0,30.0,0.73794,0.008105
0.6,0.2,6.0,700.0,30.0,0.80566,0.0094558
0.6,0.2,6.0,700.0,30.0,0.86113,0.010807
0.6,0.2,6.0,700.0,30.0,0.90417,0.012157
0.6,0.4,10.0,100.0,15.0,0.077227,0.0030717
0.6,0.4,10.0,100.0,15.0,0.68969,0.030717
0.6,0.4,10.0,100.0,15.0,0.73588,0.033789
0.6,0.4,10.0,100.0,15.0,0.77657,0.036861
0.6,0.4,10.0,100.0,15.0,0.81172,0.039932
0.6,0.4,10.0,100.0,15.0,0.84157,0.043004
0.6,0.4,10.0,100.0,15.0,0.86858,0.046076
0.6,0.4,10.0,100.0,15.0,0.88956,0.049148
0.6,0.4,10.0,100.0,15.0,0.90923,0.052219
0.6,0.4,10.0,100.0,15.0,0.92042,0.055291
0.6,0.4,10.0,100.0,15.0,0.93162,0.058363
0.6,0.4,10.0,100.0,15.0,0.15416,0.0061434
0.6,0.4,10.0,100.0,15.0,0.94281,0.061434
0.6,0.4,10.0,100.0,15.0,0.23032,0.0092152
0.6,0.4,10.0,100.0,15.0,0.30527,0.012287
0.6,0.4,10.0,100.0,15.0,0.37851,0.015359
0.6,0.4,10.0,100.0,15.0,0.44927,0.01843
0.6,0.4,10.0,100.0,15.0,0.51687,0.021502
0.6,0.4,10.0,100.0,15.0,0.58041,0.024574
0.6,0.4,10.0,100.0,15.0,0.63783,0.027645
0.6,0.4,10.0,1000.0,15.0,0.19811,0.00079115
0.6,0.4,10.0,1000.0,15.0,0.96383,0.0079115
0.6,0.4,10.0,1000.0,15.0,0.97133,0.0087027
0.6,0.4,10.0,1000.0,15.0,0.97837,0.0094938
0.6,0.4,10.0,1000.0,15.0,0.98444,0.010285
0.6,0.4,10.0,1000.0,15.0,0.99003,0.011076
0.6,0.4,10.0,1000.0,15.0,0.99524,0.011867
0.6,0.4,10.0,1000.0,15.0,1.0,0.012658
0.6,0.4,10.0,1000.0,15.0,1.0046,0.01345
0.6,0.4,10.0,1000.0,15.0,1.0092,0.014241
0.6,0.4,10.0,1000.0,15.0,1.0138,0.015032
0.6,0.4,10.0,1000.0,15.0,0.38939,0.0015823
0.6,0.4,10.0,1000.0,15.0,1.0186,0.015823
0.6,0.4,10.0,1000.0,15.0,0.56369,0.0023735
0.6,0.4,10.0,1000.0,15.0,0.70491,0.0031646
0.6,0.4,10.0,1000.0,15.0,0.80726,0.0039558
0.6,0.4,10.0,1000.0,15.0,0.87899,0.0047469
0.6,0.4,10.0,1000.0,15.0,0.92348,0.0055381
0.6,0.4,10.0,1000.0,15.0,0.94176,0.0063292
0.6,0.4,10.0,1000.0,15.0,0.95477,0.0071204
0.6,0.4,10.0,200.0,15.0,0.090593,0.0018018
0.6,0.4,10.0,200.0,15.0,0.7663,0.018018
0.6,0.4,10.0,200.0,15.0,0.80896,0.01982
0.6,0.4,10.0,200.0,15.0,0.84516,0.021622
0.6,0.4,10.0,200.0,15.0,0.87393,0.023423
0.6,0.4,10.0,200.0,15.0,0.89961,0.025225
0.6,0.4,10.0,200.0,15.0,0.91559,0.027027
0.6,0.4,10.0,200.0,15.0,0.93156,0.028829
0.6,0.4,10.0,200.0,15.0,0.94093,0.030631
0.6,0.4,10.0,200.0,15.0,0.94682,0.032432
0.6,0.4,10.0,200.0,15.0,0.9527,0.034234
0.6,0.4,10.0,200.0,15.0,0.18062,0.0036036
0.6,0.4,10.0,200.0,15.0,0.95859,0.036036
0.6,0.4,10.0,200.0,15.0,0.26943,0.0054054
0.6,0.4,10.0,200.0,15.0,0.3563,0.0072072
0.6,0.4,10.0,200.0,15.0,0.44003,0.009009
0.6,0.4,10.0,200.0,15.0,0.5195,0.010811
0.6,0.4,10.0,200.0,15.0,0.59301,0.012613
0.6,0.4,10.0,200.0,15.0,0.65904,0.014414
0.6,0.4,10.0,200.0,15.0,0.71657,0.016216
0.6,0.4,10.0,300.0,15.0,0.10078,0.0013364
0.6,0.4,10.0,300.0,15.0,0.8137,0.013364
0.6,0.4,10.0,300.0,15.0,0.85191,0.0147
0.6,0.4,10.0,300.0,15.0,0.88337,0.016037
0.6,0.4,10.0,300.0,15.0,0.90775,0.017373
0.6,0.4,10.0,300.0,15.0,0.92491,0.01871
0.6,0.4,10.0,300.0,15.0,0.93536,0.020046
0.6,0.4,10.0,300.0,15.0,0.94582,0.021382
0.6,0.4,10.0,300.0,15.0,0.9531,0.022719
0.6,0.4,10.0,300.0,15.0,0.95794,0.024055
0.6,0.4,10.0,300.0,15.0,0.96279,0.025392
0.6,0.4,10.0,300.0,15.0,0.20078,0.0026728
0.6,0.4,10.0,300.0,15.0,0.96763,0.026728
0.6,0.4,10.0,300.0,15.0,0.29902,0.0040092
0.6,0.4,10.0,300.0,15.0,0.39438,0.0053456
0.6,0.4,10.0,300.0,15.0,0.48541,0.006682
0.6,0.4,10.0,300.0,15.0,0.57029,0.0080184
0.6,0.4,10.0,300.0,15.0,0.64532,0.0093548
0.6,0.4,10.0,300.0,15.0,0.71135,0.010691
0.6,0.4,10.0,300.0,15.0,0.76731,0.012028
0.6,0.4,10.0,500.0,15.0,0.14744,0.0011748
0.6,0.4,10.0,500.0,15.0,0.93355,0.011748
0.6,0.4,10.0,500.0,15.0,0.94782,0.012923
0.6,0.4,10.0,500.0,15.0,0.95565,0.014098
0.6,0.4,10.0,500.0,15.0,0.96296,0.015273
0.6,0.4,10.0,500.0,15.0,0.96897,0.016447
0.6,0.4,10.0,500.0,15.0,0.97474,0.017622
0.6,0.4,10.0,500.0,15.0,0.97977,0.018797
0.6,0.4,10.0,500.0,15.0,0.98452,0.019972
0.6,0.4,10.0,500.0,15.0,0.98883,0.021147
0.6,0.4,10.0,500.0,15.0,0.99281,0.022321
0.6,0.4,10.0,500.0,15.0,0.29226,0.0023496
0.6,0.4,10.0,500.0,15.0,0.99661,0.023496
0.6,0.4,10.0,500.0,15.0,0.43117,0.0035244
0.6,0.4,10.0,500.0,15.0,0.55882,0.0046992
0.6,0.4,10.0,500.0,15.0,0.6684,0.0058741
0.6,0.4,10.0,500.0,15.0,0.75641,0.0070489
0.6,0.4,10.0,500.0,15.0,0.82474,0.0082237
0.6,0.4,10.0,500.0,15.0,0.87585,0.0093985
0.6,0.4,10.0,500.0,15.0,0.91163,0.010573
0.6,0.4,10.0,700.0,15.0,0.17421,0.00099256
0.6,0.4,10.0,700.0,15.0,0.95366,0.0099256
0.6,0.4,10.0,700.0,15.0,0.96236,0.010918
0.6,0.4,10.0,700.0,15.0,0.96928,0.011911
0.6,0.4,10.0,700.0,15.0,0.97587,0.012903
0.6,0.4,10.0,700.0,15.0,0.98165,0.013896
0.6,0.4,10.0,700.0,15.0,0.98693,0.014888
0.6,0.4,10.0,700.0,15.0,0.99188,0.015881
0.6,0.4,10.0,700.0,15.0,0.99633,0.016874
0.6,0.4,10.0,700.0,15.0,1.0006,0.017866
0.6,0.4,10.0,700.0,15.0,1.0047,0.018859
0.6,0.4,10.0,700.0,15.0,0.34396,0.0019851
0.6,0.4,10.0,700.0,15.0,1.0086,0.019851
0.6,0.4,10.0,700.0,15.0,0.50297,0.0029777
0.6,0.4,10.0,700.0,15.0,0.64092,0.0039703
0.6,0.4,10.0,700.0,15.0,0.74944,0.0049628
0.6,0.4,10.0,700.0,15.0,0.82971,0.0059554
0.6,0.4,10.0,700.0,15.0,0.88805,0.0069479
0.6,0.4,10.0,700.0,15.0,0.92425,0.0079405
0.6,0.4,10.0,700.0,15.0,0.94214,0.0089331
0.6,0.4,20.0,100.0,15.0,0.071722,0.0028526
0.6,0.4,20.0,100.0,15.0,0.64868,0.028526
0.6,0.4,20.0,100.0,15.0,0.69406,0.031379
0.6,0.4,20.0,100.0,15.0,0.73407,0.034232
0.6,0.4,20.0,100.0,15.0,0.76893,0.037084
0.6,0.4,20.0,100.0,15.0,0.79992,0.039937
0.6,0.4,20.0,100.0,15.0,0.82754,0.04279
0.6,0.4,20.0,100.0,15.0,0.85015,0.045642
0.6,0.4,20.0,100.0,15.0,0.87159,0.048495
0.6,0.4,20.0,100.0,15.0,0.88693,0.051347
0.6,0.4,20.0,100.0,15.0,0.90077,0.0542
0.6,0.4,20.0,100.0,15.0,0.14321,0.0057053
0.6,0.4,20.0,100.0,15.0,0.91461,0.057053
0.6,0.4,20.0,100.0,15.0,0.21397,0.0085579
0.6,0.4,20.0,100.0,15.0,0.28377,0.011411
0.6,0.4,20.0,100.0,15.0,0.35199,0.014263
0.6,0.4,20.0,100.0,15.0,0.4184,0.017116
0.6,0.4,20.0,100.0,15.0,0.4819,0.019968
0.6,0.4,20.0,100.0,15.0,0.54207,0.022821
0.6,0.4,20.0,100.0,15.0,0.5979,0.025674
0.6,0.4,20.0,1000.0,15.0,0.19162,0.00076528
0.6,0.4,20.0,1000.0,15.0,0.94204,0.0076528
0.6,0.4,20.0,1000.0,15.0,0.94707,0.0084181
0.6,0.4,20.0,1000.0,15.0,0.95143,0.0091834
0.6,0.4,20.0,1000.0,15.0,0.95553,0.0099487
0.6,0.4,20.0,1000.0,15.0,0.95904,0.010714
0.6,0.4,20.0,1000.0,15.0,0.96244,0.011479
0.6,0.4,20.0,1000.0,15.0,0.96548,0.012245
0.6,0.4,20.0,1000.0,15.0,0.96834,0.01301
0.6,0.4,20.0,1000.0,15.0,0.971,0.013775
0.6,0.4,20.0,1000.0,15.0,0.9734,0.01454
0.6,0.4,20.0,1000.0,15.0,0.37657,0.0015306
0.6,0.4,20.0,1000.0,15.0,0.97571,0.015306
0.6,0.4,20.0,1000.0,15.0,0.54505,0.0022958
0.6,0.4,20.0,1000.0,15.0,0.68208,0.0030611
0.6,0.4,20.0,1000.0,15.0,0.78292,0.0038264
0.6,0.4,20.0,1000.0,15.0,0.8534,0.0045917
0.6,0.4,20.0,1000.0,15.0,0.89889,0.005357
0.6,0.4,20.0,1000.0,15.0,0.92556,0.0061223
0.6,0.4,20.0,1000.0,15.0,0.93475,0.0068875
0.6,0.4,20.0,200.0,15.0,0.077258,0.0015365
0.6,0.4,20.0,200.0,15.0,0.68381,0.015365
0.6,0.4,20.0,200.0,15.0,0.72821,0.016901
0.6,0.4,20.0,200.0,15.0,0.76703,0.018437
0.6,0.4,20.0,200.0,15.0,0.80097,0.019974
0.6,0.4,20.0,200.0,15.0,0.82905,0.02151
0.6,0.4,20.0,200.0,15.0,0.85457,0.023047
0.6,0.4,20.0,200.0,15.0,0.87486,0.024583
0.6,0.4,20.0,200.0,15.0,0.89367,0.02612
0.6,0.4,20.0,200.0,15.0,0.90491,0.027656
0.6,0.4,20.0,200.0,15.0,0.91614,0.029193
0.6,0.4,20.0,200.0,15.0,0.15418,0.0030729
0.6,0.4,20.0,200.0,15.0,0.92738,0.030729
0.6,0.4,20.0,200.0,15.0,0.23027,0.0046094
0.6,0.4,20.0,200.0,15.0,0.305,0.0061458
0.6,0.4,20.0,200.0,15.0,0.37798,0.0076822
0.6,0.4,20.0,200.0,15.0,0.44814,0.0092187
0.6,0.4,20.0,200.0,15.0,0.51514,0.010755
0.6,0.4,20.0,200.0,15.0,0.57731,0.012292
0.6,0.4,20.0,200.0,15.0,0.63347,0.013828
0.6,0.4,20.0,300.0,15.0,0.11302,0.0014993
0.6,0.4,20.0,300.0,15.0,0.84614,0.014993
0.6,0.4,20.0,300.0,15.0,0.87771,0.016492
0.6,0.4,20.0,300.0,15.0,0.90112,0.017991
0.6,0.4,20.0,300.0,15.0,0.91932,0.019491
0.6,0.4,20.0,300.0,15.0,0.92763,0.02099
0.6,0.4,20.0,300.0,15.0,0.93594,0.022489
0.6,0.4,20.0,300.0,15.0,0.93971,0.023988
0.6,0.4,20.0,300.0,15.0,0.94326,0.025488
0.6,0.4,20.0,300.0,15.0,0.94639,0.026987
0.6,0.4,20.0,300.0,15.0,0.94912,0.028486
0.6,0.4,20.0,300.0,15.0,0.22478,0.0029985
0.6,0.4,20.0,300.0,15.0,0.95186,0.029985
0.6,0.4,20.0,300.0,15.0,0.33382,0.0044978
0.6,0.4,20.0,300.0,15.0,0.43824,0.0059971
0.6,0.4,20.0,300.0,15.0,0.53553,0.0074964
0.6,0.4,20.0,300.0,15.0,0.62217,0.0089956
0.6,0.4,20.0,300.0,15.0,0.69594,0.010495
0.6,0.4,20.0,300.0,15.0,0.75693,0.011994
0.6,0.4,20.0,300.0,15.0,0.8061,0.013493
0.6,0.4,20.0,500.0,15.0,0.14644,0.0011669
0.6,0.4,20.0,500.0,15.0,0.91858,0.011669
0.6,0.4,20.0,500.0,15.0,0.92932,0.012836
0.6,0.4,20.0,500.0,15.0,0.93799,0.014003
0.6,0.4,20.0,500.0,15.0,0.94247,0.01517
0.6,0.4,20.0,500.0,15.0,0.94666,0.016337
0.6,0.4,20.0,500.0,15.0,0.95015,0.017504
0.6,0.4,20.0,500.0,15.0,0.95351,0.018671
0.6,0.4,20.0,500.0,15.0,0.95639,0.019838
0.6,0.4,20.0,500.0,15.0,0.95922,0.021004
0.6,0.4,20.0,500.0,15.0,0.96168,0.022171
0.6,0.4,20.0,500.0,15.0,0.29003,0.0023338
0.6,0.4,20.0,500.0,15.0,0.96414,0.023338
0.6,0.4,20.0,500.0,15.0,0.4272,0.0035007
0.6,0.4,20.0,500.0,15.0,0.55284,0.0046677
0.6,0.4,20.0,500.0,15.0,0.65933,0.0058346
0.6,0.4,20.0,500.0,15.0,0.74491,0.0070015
0.6,0.4,20.0,500.0,15.0,0.80965,0.0081684
0.6,0.4,20.0,500.0,15.0,0.85924,0.0093353
0.6,0.4,20.0,500.0,15.0,0.89438,0.010502
0.6,0.4,20.0,700.0,15.0,0.16811,0.00095791
0.6,0.4,20.0,700.0,15.0,0.93319,0.0095791
0.6,0.4,20.0,700.0,15.0,0.9406,0.010537
0.6,0.4,20.0,700.0,15.0,0.94538,0.011495
0.6,0.4,20.0,700.0,15.0,0.94954,0.012453
0.6,0.4,20.0,700.0,15.0,0.95335,0.013411
0.6,0.4,20.0,700.0,15.0,0.95671,0.014369
0.6,0.4,20.0,700.0,15.0,0.95992,0.015327
0.6,0.4,20.0,700.0,15.0,0.96274,0.016284
0.6,0.4,20.0,700.0,15.0,0.96546,0.017242
0.6,0.4,20.0,700.0,15.0,0.96787,0.0182
0.6,0.4,20.0,700.0,15.0,0.33182,0.0019158
0.6,0.4,20.0,700.0,15.0,0.97023,0.019158
0.6,0.4,20.0,700.0,15.0,0.48524,0.0028737
0.6,0.4,20.0,700.0,15.0,0.61903,0.0038316
0.6,0.4,20.0,700.0,15.0,0.72474,0.0047895
0.6,0.4,20.0,700.0,15.0,0.80328,0.0057474
0.6,0.4,20.0,700.0,15.0,0.8609,0.0067054
0.6,0.4,20.0,700.0,15.0,0.89911,0.0076633
0.6,0.4,20.0,700.0,15.0,0.92308,0.0086212
0.6,0.4,3.0,100.0,15.0,0.088924,0.0035376
0.6,0.4,3.0,100.0,15.0,0.79504,0.035376
0.6,0.4,3.0,100.0,15.0,0.84724,0.038913
0.6,0.4,3.0,100.0,15.0,0.89299,0.042451
0.6,0.4,3.0,100.0,15.0,0.92877,0.045988
0.6,0.4,3.0,100.0,15.0,0.95622,0.049526
0.6,0.4,3.0,100.0,15.0,0.97602,0.053064
0.6,0.4,3.0,100.0,15.0,0.99402,0.056601
0.6,0.4,3.0,100.0,15.0,1.0078,0.060139
0.6,0.4,3.0,100.0,15.0,1.0222,0.063676
0.6,0.4,3.0,100.0,15.0,1.0378,0.067214
0.6,0.4,3.0,100.0,15.0,0.17759,0.0070751
0.6,0.4,3.0,100.0,15.0,1.0536,0.070751
0.6,0.4,3.0,100.0,15.0,0.26545,0.010613
0.6,0.4,3.0,100.0,15.0,0.35222,0.01415
0.6,0.4,3.0,100.0,15.0,0.43694,0.017688
0.6,0.4,3.0,100.0,15.0,0.519,0.021225
0.6,0.4,3.0,100.0,15.0,0.5972,0.024763
0.6,0.4,3.0,100.0,15.0,0.66952,0.028301
0.6,0.4,3.0,100.0,15.0,0.73569,0.031838
0.6,0.4,3.0,1000.0,15.0,0.21226,0.00084707
0.6,0.4,3.0,1000.0,15.0,1.1098,0.0084707
0.6,0.4,3.0,1000.0,15.0,1.1489,0.0093178
0.6,0.4,3.0,1000.0,15.0,1.1859,0.010165
0.6,0.4,3.0,1000.0,15.0,1.2195,0.011012
0.6,0.4,3.0,1000.0,15.0,1.2481,0.011859
0.6,0.4,3.0,1000.0,15.0,1.2738,0.012706
0.6,0.4,3.0,1000.0,15.0,1.3011,0.013553
0.6,0.4,3.0,1000.0,15.0,1.3287,0.0144
0.6,0.4,3.0,1000.0,15.0,1.3558,0.015247
0.6,0.4,3.0,1000.0,15.0,1.3816,0.016094
0.6,0.4,3.0,1000.0,15.0,0.41888,0.0016941
0.6,0.4,3.0,1000.0,15.0,1.406,0.016941
0.6,0.4,3.0,1000.0,15.0,0.6096,0.0025412
0.6,0.4,3.0,1000.0,15.0,0.7695,0.0033883
0.6,0.4,3.0,1000.0,15.0,0.88504,0.0042354
0.6,0.4,3.0,1000.0,15.0,0.95661,0.0050824
0.6,0.4,3.0,1000.0,15.0,0.99679,0.0059295
0.6,0.4,3.0,1000.0,15.0,1.0306,0.0067766
0.6,0.4,3.0,1000.0,15.0,1.0698,0.0076237
0.6,0.4,3.0,200.0,15.0,0.10256,0.0020405
0.6,0.4,3.0,200.0,15.0,0.87331,0.020404
0.6,0.4,3.0,200.0,15.0,0.9177,0.022445
0.6,0.4,3.0,200.0,15.0,0.95455,0.024485
0.6,0.4,3.0,200.0,15.0,0.97553,0.026526
0.6,0.4,3.0,200.0,15.0,0.99651,0.028566
0.6,0.4,3.0,200.0,15.0,1.0131,0.030607
0.6,0.4,3.0,200.0,15.0,1.0304,0.032647
0.6,0.4,3.0,200.0,15.0,1.049,0.034688
0.6,0.4,3.0,200.0,15.0,1.0674,0.036728
0.6,0.4,3.0,200.0,15.0,1.0856,0.038769
0.6,0.4,3.0,200.0,15.0,0.20469,0.0040809
0.6,0.4,3.0,200.0,15.0,1.1036,0.040809
0.6,0.4,3.0,200.0,15.0,0.30555,0.0061214
0.6,0.4,3.0,200.0,15.0,0.40462,0.0081618
0.6,0.4,3.0,200.0,15.0,0.50031,0.010202
0.6,0.4,3.0,200.0,15.0,0.59119,0.012243
0.6,0.4,3.0,200.0,15.0,0.67532,0.014283
0.6,0.4,3.0,200.0,15.0,0.75139,0.016324
0.6,0.4,3.0,200.0,15.0,0.81755,0.018364
0.6,0.4,3.0,300.0,15.0,0.11271,0.0014952
0.6,0.4,3.0,300.0,15.0,0.9166,0.014952
0.6,0.4,3.0,300.0,15.0,0.95616,0.016447
0.6,0.4,3.0,300.0,15.0,0.98057,0.017943
0.6,0.4,3.0,300.0,15.0,0.99976,0.019438
0.6,0.4,3.0,300.0,15.0,1.0192,0.020933
0.6,0.4,3.0,300.0,15.0,1.0394,0.022428
0.6,0.4,3.0,300.0,15.0,1.0604,0.023924
0.6,0.4,3.0,300.0,15.0,1.0806,0.025419
0.6,0.4,3.0,300.0,15.0,1.0999,0.026914
0.6,0.4,3.0,300.0,15.0,1.1193,0.028409
0.6,0.4,3.0,300.0,15.0,0.22484,0.0029905
0.6,0.4,3.0,300.0,15.0,1.1384,0.029905
0.6,0.4,3.0,300.0,15.0,0.33521,0.0044857
0.6,0.4,3.0,300.0,15.0,0.44307,0.0059809
0.6,0.4,3.0,300.0,15.0,0.54606,0.0074761
0.6,0.4,3.0,300.0,15.0,0.64182,0.0089714
0.6,0.4,3.0,300.0,15.0,0.72835,0.010467
0.6,0.4,3.0,300.0,15.0,0.80355,0.011962
0.6,0.4,3.0,300.0,15.0,0.86659,0.013457
0.6,0.4,3.0,500.0,15.0,0.14904,0.0011869
0.6,0.4,3.0,500.0,15.0,1.0025,0.011869
0.6,0.4,3.0,500.0,15.0,1.0275,0.013056
0.6,0.4,3.0,500.0,15.0,1.0557,0.014243
0.6,0.4,3.0,500.0,15.0,1.0842,0.01543
0.6,0.4,3.0,500.0,15.0,1.1111,0.016617
0.6,0.4,3.0,500.0,15.0,1.1355,0.017804
0.6,0.4,3.0,500.0,15.0,1.1585,0.018991
0.6,0.4,3.0,500.0,15.0,1.1821,0.020178
0.6,0.4,3.0,500.0,15.0,1.2054,0.021365
0.6,0.4,3.0,500.0,15.0,1.2276,0.022552
0.6,0.4,3.0,500.0,15.0,0.29638,0.0023739
0.6,0.4,3.0,500.0,15.0,1.2483,0.023739
0.6,0.4,3.0,500.0,15.0,0.43967,0.0035608
0.6,0.4,3.0,500.0,15.0,0.57495,0.0047477
0.6,0.4,3.0,500.0,15.0,0.69611,0.0059347
0.6,0.4,3.0,500.0,15.0,0.79951,0.0071216
0.6,0.4,3.0,500.0,15.0,0.88096,0.0083085
0.6,0.4,3.0,500.0,15.0,0.9391,0.0094955
0.6,0.4,3.0,500.0,15.0,0.97915,0.010682
0.6,0.4,3.0,700.0,15.0,0.18081,0.0010295
0.6,0.4,3.0,700.0,15.0,1.0563,0.010295
0.6,0.4,3.0,700.0,15.0,1.0909,0.011325
0.6,0.4,3.0,700.0,15.0,1.1246,0.012355
0.6,0.4,3.0,700.0,15.0,1.1559,0.013384
0.6,0.4,3.0,700.0,15.0,1.1832,0.014414
0.6,0.4,3.0,700.0,15.0,1.2084,0.015443
0.6,0.4,3.0,700.0,15.0,1.2346,0.016473
0.6,0.4,3.0,700.0,15.0,1.2607,0.017502
0.6,0.4,3.0,700.0,15.0,1.2859,0.018532
0.6,0.4,3.0,700.0,15.0,1.3095,0.019561
0.6,0.4,3.0,700.0,15.0,0.35838,0.0020591
0.6,0.4,3.0,700.0,15.0,1.3312,0.020591
0.6,0.4,3.0,700.0,15.0,0.52765,0.0030886
0.6,0.4,3.0,700.0,15.0,0.67919,0.0041182
0.6,0.4,3.0,700.0,15.0,0.80543,0.0051477
0.6,0.4,3.0,700.0,15.0,0.89809,0.0061773
0.6,0.4,3.0,700.0,15.0,0.96038,0.0072068
0.6,0.4,3.0,700.0,15.0,0.99315,0.0082364
0.6,0.4,3.0,700.0,15.0,1.0231,0.0092659
0.6,0.4,4.0,100.0,15.0,0.091156,0.0036262
0.6,0.4,4.0,100.0,15.0,0.795,0.036262
0.6,0.4,4.0,100.0,15.0,0.84305,0.039888
0.6,0.4,4.0,100.0,15.0,0.88418,0.043514
0.6,0.4,4.0,100.0,15.0,0.91837,0.047141
0.6,0.4,4.0,100.0,15.0,0.94123,0.050767
0.6,0.4,4.0,100.0,15.0,0.96103,0.054393
0.6,0.4,4.0,100.0,15.0,0.97536,0.058019
0.6,0.4,4.0,100.0,15.0,0.98597,0.061645
0.6,0.4,4.0,100.0,15.0,0.99658,0.065272
0.6,0.4,4.0,100.0,15.0,1.0056,0.068898
0.6,0.4,4.0,100.0,15.0,0.18191,0.0072524
0.6,0.4,4.0,100.0,15.0,1.0145,0.072524
0.6,0.4,4.0,100.0,15.0,0.27179,0.010879
0.6,0.4,4.0,100.0,15.0,0.35998,0.014505
0.6,0.4,4.0,100.0,15.0,0.44588,0.018131
0.6,0.4,4.0,100.0,15.0,0.52812,0.021757
0.6,0.4,4.0,100.0,15.0,0.60564,0.025383
0.6,0.4,4.0,100.0,15.0,0.67597,0.02901
0.6,0.4,4.0,100.0,15.0,0.73933,0.032636
0.6,0.4,4.0,1000.0,15.0,0.23595,0.00094304
0.6,0.4,4.0,1000.0,15.0,1.0713,0.0094304
0.6,0.4,4.0,1000.0,15.0,1.0995,0.010373
0.6,0.4,4.0,1000.0,15.0,1.126,0.011317
0.6,0.4,4.0,1000.0,15.0,1.1499,0.01226
0.6,0.4,4.0,1000.0,15.0,1.1703,0.013203
0.6,0.4,4.0,1000.0,15.0,1.1886,0.014146
0.6,0.4,4.0,1000.0,15.0,1.2065,0.015089
0.6,0.4,4.0,1000.0,15.0,1.2253,0.016032
0.6,0.4,4.0,1000.0,15.0,1.2439,0.016975
0.6,0.4,4.0,1000.0,15.0,1.2618,0.017918
0.6,0.4,4.0,1000.0,15.0,0.46257,0.0018861
0.6,0.4,4.0,1000.0,15.0,1.2786,0.018861
0.6,0.4,4.0,1000.0,15.0,0.66191,0.0028291
0.6,0.4,4.0,1000.0,15.0,0.81431,0.0037722
0.6,0.4,4.0,1000.0,15.0,0.91287,0.0047152
0.6,0.4,4.0,1000.0,15.0,0.9656,0.0056583
0.6,0.4,4.0,1000.0,15.0,0.99338,0.0066013
0.6,0.4,4.0,1000.0,15.0,1.0153,0.0075443
0.6,0.4,4.0,1000.0,15.0,1.0424,0.0084874
0.6,0.4,4.0,200.0,15.0,0.103,0.002049
0.6,0.4,4.0,200.0,15.0,0.85729,0.02049
0.6,0.4,4.0,200.0,15.0,0.9013,0.02254
0.6,0.4,4.0,200.0,15.0,0.93138,0.024589
0.6,0.4,4.0,200.0,15.0,0.95946,0.026638
0.6,0.4,4.0,200.0,15.0,0.97271,0.028687
0.6,0.4,4.0,200.0,15.0,0.98589,0.030736
0.6,0.4,4.0,200.0,15.0,0.9978,0.032785
0.6,0.4,4.0,200.0,15.0,1.0081,0.034834
0.6,0.4,4.0,200.0,15.0,1.0189,0.036883
0.6,0.4,4.0,200.0,15.0,1.0305,0.038932
0.6,0.4,4.0,200.0,15.0,0.20539,0.0040981
0.6,0.4,4.0,200.0,15.0,1.0422,0.040981
0.6,0.4,4.0,200.0,15.0,0.30648,0.0061471
0.6,0.4,4.0,200.0,15.0,0.40506,0.0081962
0.6,0.4,4.0,200.0,15.0,0.50004,0.010245
0.6,0.4,4.0,200.0,15.0,0.58919,0.012294
0.6,0.4,4.0,200.0,15.0,0.67085,0.014343
0.6,0.4,4.0,200.0,15.0,0.74249,0.016392
0.6,0.4,4.0,200.0,15.0,0.80453,0.018441
0.6,0.4,4.0,300.0,15.0,0.11106,0.0014731
0.6,0.4,4.0,300.0,15.0,0.89159,0.014731
0.6,0.4,4.0,300.0,15.0,0.92688,0.016204
0.6,0.4,4.0,300.0,15.0,0.95542,0.017677
0.6,0.4,4.0,300.0,15.0,0.97317,0.01915
0.6,0.4,4.0,300.0,15.0,0.98648,0.020623
0.6,0.4,4.0,300.0,15.0,0.9994,0.022096
0.6,0.4,4.0,300.0,15.0,1.0106,0.023569
0.6,0.4,4.0,300.0,15.0,1.0226,0.025042
0.6,0.4,4.0,300.0,15.0,1.0355,0.026516
0.6,0.4,4.0,300.0,15.0,1.0484,0.027989
0.6,0.4,4.0,300.0,15.0,0.22132,0.0029462
0.6,0.4,4.0,300.0,15.0,1.0609,0.029462
0.6,0.4,4.0,300.0,15.0,0.32992,0.0044193
0.6,0.4,4.0,300.0,15.0,0.43526,0.0058923
0.6,0.4,4.0,300.0,15.0,0.53582,0.0073654
0.6,0.4,4.0,300.0,15.0,0.62839,0.0088385
0.6,0.4,4.0,300.0,15.0,0.71156,0.010312
0.6,0.4,4.0,300.0,15.0,0.78348,0.011785
0.6,0.4,4.0,300.0,15.0,0.84359,0.013258
0.6,0.4,4.0,500.0,15.0,0.15342,0.0012223
0.6,0.4,4.0,500.0,15.0,0.98456,0.012223
0.6,0.4,4.0,500.0,15.0,1.0,0.013445
0.6,0.4,4.0,500.0,15.0,1.016,0.014667
0.6,0.4,4.0,500.0,15.0,1.0338,0.015889
0.6,0.4,4.0,500.0,15.0,1.0525,0.017112
0.6,0.4,4.0,500.0,15.0,1.0706,0.018334
0.6,0.4,4.0,500.0,15.0,1.0872,0.019556
0.6,0.4,4.0,500.0,15.0,1.1027,0.020778
0.6,0.4,4.0,500.0,15.0,1.1175,0.022001
0.6,0.4,4.0,500.0,15.0,1.1326,0.023223
0.6,0.4,4.0,500.0,15.0,0.30469,0.0024445
0.6,0.4,4.0,500.0,15.0,1.1475,0.024445
0.6,0.4,4.0,500.0,15.0,0.45055,0.0036668
0.6,0.4,4.0,500.0,15.0,0.58629,0.004889
0.6,0.4,4.0,500.0,15.0,0.7046,0.0061113
0.6,0.4,4.0,500.0,15.0,0.80116,0.0073335
0.6,0.4,4.0,500.0,15.0,0.87712,0.0085558
0.6,0.4,4.0,500.0,15.0,0.93054,0.009778
0.6,0.4,4.0,500.0,15.0,0.96161,0.011
0.6,0.4,4.0,700.0,15.0,0.18931,0.0010787
0.6,0.4,4.0,700.0,15.0,1.0195,0.010787
0.6,0.4,4.0,700.0,15.0,1.0419,0.011866
0.6,0.4,4.0,700.0,15.0,1.0653,0.012945
0.6,0.4,4.0,700.0,15.0,1.0878,0.014023
0.6,0.4,4.0,700.0,15.0,1.1083,0.015102
0.6,0.4,4.0,700.0,15.0,1.1266,0.016181
0.6,0.4,4.0,700.0,15.0,1.1434,0.01726
0.6,0.4,4.0,700.0,15.0,1.16,0.018338
0.6,0.4,4.0,700.0,15.0,1.1771,0.019417
0.6,0.4,4.0,700.0,15.0,1.1937,0.020496
0.6,0.4,4.0,700.0,15.0,0.37434,0.0021575
0.6,0.4,4.0,700.0,15.0,1.2095,0.021575
0.6,0.4,4.0,700.0,15.0,0.54755,0.0032362
0.6,0.4,4.0,700.0,15.0,0.69734,0.0043149
0.6,0.4,4.0,700.0,15.0,0.81601,0.0053936
0.6,0.4,4.0,700.0,15.0,0.89889,0.0064724
0.6,0.4,4.0,700.0,15.0,0.953,0.0075511
0.6,0.4,4.0,700.0,15.0,0.97868,0.0086298
0.6,0.4,4.0,700.0,15.0,1.0004,0.0097086
0.6,0.4,6.0,100.0,15.0,0.085954,0.003419
0.6,0.4,6.0,100.0,15.0,0.75209,0.03419
0.6,0.4,6.0,100.0,15.0,0.79825,0.037609
0.6,0.4,6.0,100.0,15.0,0.83796,0.041028
0.6,0.4,6.0,100.0,15.0,0.87227,0.044447
0.6,0.4,6.0,100.0,15.0,0.90098,0.047867
0.6,0.4,6.0,100.0,15.0,0.9217,0.051286
0.6,0.4,6.0,100.0,15.0,0.93885,0.054705
0.6,0.4,6.0,100.0,15.0,0.95319,0.058124
0.6,0.4,6.0,100.0,15.0,0.96078,0.061543
0.6,0.4,6.0,100.0,15.0,0.96838,0.064962
0.6,0.4,6.0,100.0,15.0,0.17151,0.0068381
0.6,0.4,6.0,100.0,15.0,0.97597,0.068381
0.6,0.4,6.0,100.0,15.0,0.25621,0.010257
0.6,0.4,6.0,100.0,15.0,0.33928,0.013676
0.6,0.4,6.0,100.0,15.0,0.42015,0.017095
0.6,0.4,6.0,100.0,15.0,0.49785,0.020514
0.6,0.4,6.0,100.0,15.0,0.57099,0.023933
0.6,0.4,6.0,100.0,15.0,0.63797,0.027352
0.6,0.4,6.0,100.0,15.0,0.69854,0.030771
0.6,0.4,6.0,1000.0,15.0,0.25105,0.0010052
0.6,0.4,6.0,1000.0,15.0,1.0176,0.010052
0.6,0.4,6.0,1000.0,15.0,1.0332,0.011057
0.6,0.4,6.0,1000.0,15.0,1.0492,0.012062
0.6,0.4,6.0,1000.0,15.0,1.0646,0.013067
0.6,0.4,6.0,1000.0,15.0,1.0788,0.014072
0.6,0.4,6.0,1000.0,15.0,1.0912,0.015077
0.6,0.4,6.0,1000.0,15.0,1.1024,0.016083
0.6,0.4,6.0,1000.0,15.0,1.113,0.017088
0.6,0.4,6.0,1000.0,15.0,1.1229,0.018093
0.6,0.4,6.0,1000.0,15.0,1.1325,0.019098
0.6,0.4,6.0,1000.0,15.0,0.4885,0.0020103
0.6,0.4,6.0,1000.0,15.0,1.1422,0.020103
0.6,0.4,6.0,1000.0,15.0,0.68745,0.0030155
0.6,0.4,6.0,1000.0,15.0,0.82687,0.0040206
0.6,0.4,6.0,1000.0,15.0,0.91276,0.0050258
0.6,0.4,6.0,1000.0,15.0,0.95102,0.0060309
0.6,0.4,6.0,1000.0,15.0,0.97589,0.0070361
0.6,0.4,6.0,1000.0,15.0,0.99035,0.0080413
0.6,0.4,6.0,1000.0,15.0,1.0041,0.0090464
0.6,0.4,6.0,200.0,15.0,0.10483,0.0020853
0.6,0.4,6.0,200.0,15.0,0.84578,0.020853
0.6,0.4,6.0,200.0,15.0,0.88483,0.022938
0.6,0.4,6.0,200.0,15.0,0.91792,0.025024
0.6,0.4,6.0,200.0,15.0,0.93558,0.027109
0.6,0.4,6.0,200.0,15.0,0.95274,0.029194
0.6,0.4,6.0,200.0,15.0,0.96415,0.03128
0.6,0.4,6.0,200.0,15.0,0.97239,0.033365
0.6,0.4,6.0,200.0,15.0,0.98063,0.03545
0.6,0.4,6.0,200.0,15.0,0.98736,0.037536
0.6,0.4,6.0,200.0,15.0,0.9935,0.039621
0.6,0.4,6.0,200.0,15.0,0.20888,0.0041706
0.6,0.4,6.0,200.0,15.0,0.99963,0.041706
0.6,0.4,6.0,200.0,15.0,0.31119,0.0062559
0.6,0.4,6.0,200.0,15.0,0.41058,0.0083412
0.6,0.4,6.0,200.0,15.0,0.50543,0.010427
0.6,0.4,6.0,200.0,15.0,0.59351,0.012512
0.6,0.4,6.0,200.0,15.0,0.6718,0.014597
0.6,0.4,6.0,200.0,15.0,0.74002,0.016682
0.6,0.4,6.0,200.0,15.0,0.7978,0.018768
0.6,0.4,6.0,300.0,15.0,0.11559,0.0015331
0.6,0.4,6.0,300.0,15.0,0.88586,0.015331
0.6,0.4,6.0,300.0,15.0,0.91812,0.016865
0.6,0.4,6.0,300.0,15.0,0.9406,0.018398
0.6,0.4,6.0,300.0,15.0,0.95766,0.019931
0.6,0.4,6.0,300.0,15.0,0.96729,0.021464
0.6,0.4,6.0,300.0,15.0,0.97692,0.022997
0.6,0.4,6.0,300.0,15.0,0.98481,0.02453
0.6,0.4,6.0,300.0,15.0,0.99179,0.026063
0.6,0.4,6.0,300.0,15.0,0.99873,0.027597
0.6,0.4,6.0,300.0,15.0,1.0048,0.02913
0.6,0.4,6.0,300.0,15.0,0.23013,0.0030663
0.6,0.4,6.0,300.0,15.0,1.0109,0.030663
0.6,0.4,6.0,300.0,15.0,0.34232,0.0045994
0.6,0.4,6.0,300.0,15.0,0.45035,0.0061326
0.6,0.4,6.0,300.0,15.0,0.55164,0.0076657
0.6,0.4,6.0,300.0,15.0,0.64297,0.0091988
0.6,0.4,6.0,300.0,15.0,0.72202,0.010732
0.6,0.4,6.0,300.0,15.0,0.78868,0.012265
0.6,0.4,6.0,300.0,15.0,0.84309,0.013798
0.6,0.4,6.0,500.0,15.0,0.15109,0.0012037
0.6,0.4,6.0,500.0,15.0,0.95691,0.012037
0.6,0.4,6.0,500.0,15.0,0.97141,0.013241
0.6,0.4,6.0,500.0,15.0,0.98161,0.014445
0.6,0.4,6.0,500.0,15.0,0.99134,0.015649
0.6,0.4,6.0,500.0,15.0,0.99972,0.016852
0.6,0.4,6.0,500.0,15.0,1.0078,0.018056
0.6,0.4,6.0,500.0,15.0,1.0163,0.01926
0.6,0.4,6.0,500.0,15.0,1.0254,0.020464
0.6,0.4,6.0,500.0,15.0,1.0345,0.021667
0.6,0.4,6.0,500.0,15.0,1.0433,0.022871
0.6,0.4,6.0,500.0,15.0,0.29969,0.0024075
0.6,0.4,6.0,500.0,15.0,1.0518,0.024075
0.6,0.4,6.0,500.0,15.0,0.44249,0.0036112
0.6,0.4,6.0,500.0,15.0,0.57439,0.004815
0.6,0.4,6.0,500.0,15.0,0.68754,0.0060187
0.6,0.4,6.0,500.0,15.0,0.77954,0.0072224
0.6,0.4,6.0,500.0,15.0,0.85084,0.0084262
0.6,0.4,6.0,500.0,15.0,0.90472,0.0096299
0.6,0.4,6.0,500.0,15.0,0.93783,0.010834
0.6,0.4,6.0,700.0,15.0,0.19498,0.0011117
0.6,0.4,6.0,700.0,15.0,0.98915,0.011117
0.6,0.4,6.0,700.0,15.0,1.0003,0.012228
0.6,0.4,6.0,700.0,15.0,1.0105,0.01334
0.6,0.4,6.0,700.0,15.0,1.0219,0.014452
0.6,0.4,6.0,700.0,15.0,1.0343,0.015563
0.6,0.4,6.0,700.0,15.0,1.0464,0.016675
0.6,0.4,6.0,700.0,15.0,1.0576,0.017787
0.6,0.4,6.0,700.0,15.0,1.068,0.018898
0.6,0.4,6.0,700.0,15.0,1.0778,0.02001
0.6,0.4,6.0,700.0,15.0,1.087,0.021122
0.6,0.4,6.0,700.0,15.0,0.38422,0.0022233
0.6,0.4,6.0,700.0,15.0,1.0958,0.022233
0.6,0.4,6.0,700.0,15.0,0.55898,0.003335
0.6,0.4,6.0,700.0,15.0,0.70429,0.0044466
0.6,0.4,6.0,700.0,15.0,0.81381,0.0055583
0.6,0.4,6.0,700.0,15.0,0.89072,0.0066699
0.6,0.4,6.0,700.0,15.0,0.93452,0.0077816
0.6,0.4,6.0,700.0,15.0,0.9616,0.0088933
0.6,0.4,6.0,700.0,15.0,0.97655,0.010005
0.6,0.6,10.0,100.0,10.0,0.070444,0.0021503
0.6,0.6,10.0,100.0,10.0,0.66235,0.021503
0.6,0.6,10.0,100.0,10.0,0.71374,0.023653
0.6,0.6,10.0,100.0,10.0,0.75931,0.025803
0.6,0.6,10.0,100.0,10.0,0.79872,0.027954
0.6,0.6,10.0,100.0,10.0,0.83263,0.030104
0.6,0.6,10.0,100.0,10.0,0.86276,0.032254
0.6,0.6,10.0,100.0,10.0,0.88477,0.034404
0.6,0.6,10.0,100.0,10.0,0.90658,0.036555
0.6,0.6,10.0,100.0,10.0,0.91831,0.038705
0.6,0.6,10.0,100.0,10.0,0.9299,0.040855
0.6,0.6,10.0,100.0,10.0,0.1408,0.0043006
0.6,0.6,10.0,100.0,10.0,0.94149,0.043006
0.6,0.6,10.0,100.0,10.0,0.21076,0.0064508
0.6,0.6,10.0,100.0,10.0,0.28018,0.0086011
0.6,0.6,10.0,100.0,10.0,0.34873,0.010751
0.6,0.6,10.0,100.0,10.0,0.41606,0.012902
0.6,0.6,10.0,100.0,10.0,0.48192,0.015052
0.6,0.6,10.0,100.0,10.0,0.54539,0.017202
0.6,0.6,10.0,100.0,10.0,0.60592,0.019353
0.6,0.6,10.0,1000.0,10.0,0.19682,0.00060209
0.6,0.6,10.0,1000.0,10.0,0.96991,0.0060209
0.6,0.6,10.0,1000.0,10.0,0.97779,0.006623
0.6,0.6,10.0,1000.0,10.0,0.98465,0.007225
0.6,0.6,10.0,1000.0,10.0,0.99078,0.0078271
0.6,0.6,10.0,1000.0,10.0,0.99648,0.0084292
0.6,0.6,10.0,1000.0,10.0,1.0018,0.0090313
0.6,0.6,10.0,1000.0,10.0,1.0069,0.0096334
0.6,0.6,10.0,1000.0,10.0,1.0119,0.010235
0.6,0.6,10.0,1000.0,10.0,1.0171,0.010838
0.6,0.6,10.0,1000.0,10.0,1.0222,0.01144
0.6,0.6,10.0,1000.0,10.0,0.38927,0.0012042
0.6,0.6,10.0,1000.0,10.0,1.0273,0.012042
0.6,0.6,10.0,1000.0,10.0,0.5702,0.0018063
0.6,0.6,10.0,1000.0,10.0,0.7234,0.0024083
0.6,0.6,10.0,1000.0,10.0,0.83216,0.0030104
0.6,0.6,10.0,1000.0,10.0,0.89946,0.0036125
0.6,0.6,10.0,1000.0,10.0,0.93235,0.0042146
0.6,0.6,10.0,1000.0,10.0,0.95064,0.0048167
0.6,0.6,10.0,1000.0,10.0,0.9613,0.0054188
0.6,0.6,10.0,200.0,10.0,0.10488,0.0016007
0.6,0.6,10.0,200.0,10.0,0.8602,0.016007
0.6,0.6,10.0,200.0,10.0,0.89493,0.017608
0.6,0.6,10.0,200.0,10.0,0.91961,0.019209
0.6,0.6,10.0,200.0,10.0,0.9343,0.02081
0.6,0.6,10.0,200.0,10.0,0.94624,0.02241
0.6,0.6,10.0,200.0,10.0,0.95282,0.024011
0.6,0.6,10.0,200.0,10.0,0.95919,0.025612
0.6,0.6,10.0,200.0,10.0,0.96435,0.027213
0.6,0.6,10.0,200.0,10.0,0.96944,0.028813
0.6,0.6,10.0,200.0,10.0,0.97376,0.030414
0.6,0.6,10.0,200.0,10.0,0.20923,0.0032015
0.6,0.6,10.0,200.0,10.0,0.97807,0.032015
0.6,0.6,10.0,200.0,10.0,0.3123,0.0048022
0.6,0.6,10.0,200.0,10.0,0.41318,0.006403
0.6,0.6,10.0,200.0,10.0,0.51056,0.0080037
0.6,0.6,10.0,200.0,10.0,0.6023,0.0096045
0.6,0.6,10.0,200.0,10.0,0.68522,0.011205
0.6,0.6,10.0,200.0,10.0,0.75631,0.012806
0.6,0.6,10.0,200.0,10.0,0.81387,0.014407
0.6,0.6,10.0,300.0,10.0,0.12743,0.001297
0.6,0.6,10.0,300.0,10.0,0.92165,0.01297
0.6,0.6,10.0,300.0,10.0,0.94011,0.014267
0.6,0.6,10.0,300.0,10.0,0.9498,0.015564
0.6,0.6,10.0,300.0,10.0,0.95794,0.016861
0.6,0.6,10.0,300.0,10.0,0.96433,0.018158
0.6,0.6,10.0,300.0,10.0,0.97039,0.019455
0.6,0.6,10.0,300.0,10.0,0.97564,0.020752
0.6,0.6,10.0,300.0,10.0,0.98052,0.022049
0.6,0.6,10.0,300.0,10.0,0.98496,0.023346
0.6,0.6,10.0,300.0,10.0,0.98905,0.024643
0.6,0.6,10.0,300.0,10.0,0.25382,0.002594
0.6,0.6,10.0,300.0,10.0,0.99296,0.02594
0.6,0.6,10.0,300.0,10.0,0.3778,0.003891
0.6,0.6,10.0,300.0,10.0,0.49736,0.005188
0.6,0.6,10.0,300.0,10.0,0.60906,0.006485
0.6,0.6,10.0,300.0,10.0,0.70702,0.007782
0.6,0.6,10.0,300.0,10.0,0.78685,0.0090789
0.6,0.6,10.0,300.0,10.0,0.84852,0.010376
0.6,0.6,10.0,300.0,10.0,0.89204,0.011673
0.6,0.6,10.0,500.0,10.0,0.15783,0.00096455
0.6,0.6,10.0,500.0,10.0,0.95273,0.0096455
0.6,0.6,10.0,500.0,10.0,0.96151,0.01061
0.6,0.6,10.0,500.0,10.0,0.96898,0.011575
0.6,0.6,10.0,500.0,10.0,0.97587,0.012539
0.6,0.6,10.0,500.0,10.0,0.9817,0.013504
0.6,0.6,10.0,500.0,10.0,0.9871,0.014468
0.6,0.6,10.0,500.0,10.0,0.99208,0.015433
0.6,0.6,10.0,500.0,10.0,0.99651,0.016397
0.6,0.6,10.0,500.0,10.0,1.0008,0.017362
0.6,0.6,10.0,500.0,10.0,1.0048,0.018327
0.6,0.6,10.0,500.0,10.0,0.3136,0.0019291
0.6,0.6,10.0,500.0,10.0,1.0088,0.019291
0.6,0.6,10.0,500.0,10.0,0.46428,0.0028937
0.6,0.6,10.0,500.0,10.0,0.60465,0.0038582
0.6,0.6,10.0,500.0,10.0,0.72455,0.0048228
0.6,0.6,10.0,500.0,10.0,0.81597,0.0057873
0.6,0.6,10.0,500.0,10.0,0.8791,0.0067519
0.6,0.6,10.0,500.0,10.0,0.91935,0.0077164
0.6,0.6,10.0,500.0,10.0,0.93947,0.008681
0.6,0.6,10.0,700.0,10.0,0.17734,0.00077455
0.6,0.6,10.0,700.0,10.0,0.96275,0.0077455
0.6,0.6,10.0,700.0,10.0,0.97066,0.00852
0.6,0.6,10.0,700.0,10.0,0.97788,0.0092946
0.6,0.6,10.0,700.0,10.0,0.98438,0.010069
0.6,0.6,10.0,700.0,10.0,0.99,0.010844
0.6,0.6,10.0,700.0,10.0,0.99528,0.011618
0.6,0.6,10.0,700.0,10.0,1.0002,0.012393
0.6,0.6,10.0,700.0,10.0,1.0048,0.013167
0.6,0.6,10.0,700.0,10.0,1.0092,0.013942
0.6,0.6,10.0,700.0,10.0,1.0136,0.014716
0.6,0.6,10.0,700.0,10.0,0.35163,0.0015491
0.6,0.6,10.0,700.0,10.0,1.0181,0.015491
0.6,0.6,10.0,700.0,10.0,0.51815,0.0023236
0.6,0.6,10.0,700.0,10.0,0.66704,0.0030982
0.6,0.6,10.0,700.0,10.0,0.7846,0.0038727
0.6,0.6,10.0,700.0,10.0,0.86476,0.0046473
0.6,0.6,10.0,700.0,10.0,0.91586,0.0054218
0.6,0.6,10.0,700.0,10.0,0.93873,0.0061964
0.6,0.6,10.0,700.0,10.0,0.95289,0.0069709
0.6,0.6,20.0,100.0,10.0,0.065042,0.0019854
0.6,0.6,20.0,100.0,10.0,0.61696,0.019854
0.6,0.6,20.0,100.0,10.0,0.66705,0.021839
0.6,0.6,20.0,100.0,10.0,0.71251,0.023825
0.6,0.6,20.0,100.0,10.0,0.75313,0.02581
0.6,0.6,20.0,100.0,10.0,0.78929,0.027795
0.6,0.6,20.0,100.0,10.0,0.81896,0.029781
0.6,0.6,20.0,100.0,10.0,0.8448,0.031766
0.6,0.6,20.0,100.0,10.0,0.86745,0.033751
0.6,0.6,20.0,100.0,10.0,0.88486,0.035737
0.6,0.6,20.0,100.0,10.0,0.89943,0.037722
0.6,0.6,20.0,100.0,10.0,0.13001,0.0039708
0.6,0.6,20.0,100.0,10.0,0.91401,0.039708
0.6,0.6,20.0,100.0,10.0,0.19467,0.0059561
0.6,0.6,20.0,100.0,10.0,0.25881,0.0079415
0.6,0.6,20.0,100.0,10.0,0.32231,0.0099269
0.6,0.6,20.0,100.0,10.0,0.38475,0.011912
0.6,0.6,20.0,100.0,10.0,0.44593,0.013898
0.6,0.6,20.0,100.0,10.0,0.5055,0.015883
0.6,0.6,20.0,100.0,10.0,0.56281,0.017868
0.6,0.6,20.0,1000.0,10.0,0.20119,0.00061575
0.6,0.6,20.0,1000.0,10.0,0.95008,0.0061575
0.6,0.6,20.0,1000.0,10.0,0.95506,0.0067732
0.6,0.6,20.0,1000.0,10.0,0.95932,0.007389
0.6,0.6,20.0,1000.0,10.0,0.96325,0.0080047
0.6,0.6,20.0,1000.0,10.0,0.9669,0.0086205
0.6,0.6,20.0,1000.0,10.0,0.97008,0.0092362
0.6,0.6,20.0,1000.0,10.0,0.97304,0.009852
0.6,0.6,20.0,1000.0,10.0,0.97578,0.010468
0.6,0.6,20.0,1000.0,10.0,0.97823,0.011083
0.6,0.6,20.0,1000.0,10.0,0.98057,0.011699
0.6,0.6,20.0,1000.0,10.0,0.39734,0.0012315
0.6,0.6,20.0,1000.0,10.0,0.9828,0.012315
0.6,0.6,20.0,1000.0,10.0,0.57985,0.0018472
0.6,0.6,20.0,1000.0,10.0,0.72955,0.002463
0.6,0.6,20.0,1000.0,10.0,0.83288,0.0030787
0.6,0.6,20.0,1000.0,10.0,0.89355,0.0036945
0.6,0.6,20.0,1000.0,10.0,0.92371,0.0043102
0.6,0.6,20.0,1000.0,10.0,0.93804,0.004926
0.6,0.6,20.0,1000.0,10.0,0.94448,0.0055417
0.6,0.6,20.0,200.0,10.0,0.11315,0.0017273
0.6,0.6,20.0,200.0,10.0,0.87538,0.017273
0.6,0.6,20.0,200.0,10.0,0.90227,0.019
0.6,0.6,20.0,200.0,10.0,0.92051,0.020727
0.6,0.6,20.0,200.0,10.0,0.93084,0.022454
0.6,0.6,20.0,200.0,10.0,0.93786,0.024182
0.6,0.6,20.0,200.0,10.0,0.9421,0.025909
0.6,0.6,20.0,200.0,10.0,0.9459,0.027636
0.6,0.6,20.0,200.0,10.0,0.94908,0.029363
0.6,0.6,20.0,200.0,10.0,0.95214,0.031091
0.6,0.6,20.0,200.0,10.0,0.95476,0.032818
0.6,0.6,20.0,200.0,10.0,0.22554,0.0034545
0.6,0.6,20.0,200.0,10.0,0.95737,0.034545
0.6,0.6,20.0,200.0,10.0,0.33614,0.0051818
0.6,0.6,20.0,200.0,10.0,0.44359,0.006909
0.6,0.6,20.0,200.0,10.0,0.54593,0.0086363
0.6,0.6,20.0,200.0,10.0,0.63986,0.010364
0.6,0.6,20.0,200.0,10.0,0.72085,0.012091
0.6,0.6,20.0,200.0,10.0,0.78691,0.013818
0.6,0.6,20.0,200.0,10.0,0.83709,0.015545
0.6,0.6,20.0,300.0,10.0,0.13719,0.0013967
0.6,0.6,20.0,300.0,10.0,0.92188,0.013967
0.6,0.6,20.0,300.0,10.0,0.93375,0.015363
0.6,0.6,20.0,300.0,10.0,0.94017,0.01676
0.6,0.6,20.0,300.0,10.0,0.94493,0.018157
0.6,0.6,20.0,300.0,10.0,0.9491,0.019553
0.6,0.6,20.0,300.0,10.0,0.95258,0.02095
0.6,0.6,20.0,300.0,10.0,0.9559,0.022347
0.6,0.6,20.0,300.0,10.0,0.95877,0.023743
0.6,0.6,20.0,300.0,10.0,0.96159,0.02514
0.6,0.6,20.0,300.0,10.0,0.96404,0.026537
0.6,0.6,20.0,300.0,10.0,0.27293,0.0027933
0.6,0.6,20.0,300.0,10.0,0.96648,0.027933
0.6,0.6,20.0,300.0,10.0,0.40523,0.00419
0.6,0.6,20.0,300.0,10.0,0.53122,0.0055867
0.6,0.6,20.0,300.0,10.0,0.64559,0.0069834
0.6,0.6,20.0,300.0,10.0,0.74035,0.00838
0.6,0.6,20.0,300.0,10.0,0.8129,0.0097767
0.6,0.6,20.0,300.0,10.0,0.8657,0.011173
0.6,0.6,20.0,300.0,10.0,0.90186,0.01257
0.6,0.6,20.0,500.0,10.0,0.16397,0.0010022
0.6,0.6,20.0,500.0,10.0,0.93985,0.010022
0.6,0.6,20.0,500.0,10.0,0.94535,0.011025
0.6,0.6,20.0,500.0,10.0,0.95007,0.012027
0.6,0.6,20.0,500.0,10.0,0.95433,0.013029
0.6,0.6,20.0,500.0,10.0,0.9579,0.014031
0.6,0.6,20.0,500.0,10.0,0.9613,0.015034
0.6,0.6,20.0,500.0,10.0,0.96429,0.016036
0.6,0.6,20.0,500.0,10.0,0.96711,0.017038
0.6,0.6,20.0,500.0,10.0,0.96974,0.01804
0.6,0.6,20.0,500.0,10.0,0.97214,0.019043
0.6,0.6,20.0,500.0,10.0,0.32535,0.0020045
0.6,0.6,20.0,500.0,10.0,0.97445,0.020045
0.6,0.6,20.0,500.0,10.0,0.48032,0.0030067
0.6,0.6,20.0,500.0,10.0,0.62217,0.004009
0.6,0.6,20.0,500.0,10.0,0.73885,0.0050112
0.6,0.6,20.0,500.0,10.0,0.82332,0.0060134
0.6,0.6,20.0,500.0,10.0,0.88042,0.0070157
0.6,0.6,20.0,500.0,10.0,0.91461,0.0080179
0.6,0.6,20.0,500.0,10.0,0.92997,0.0090201
0.6,0.6,20.0,700.0,10.0,0.18158,0.00079329
0.6,0.6,20.0,700.0,10.0,0.94535,0.0079329
0.6,0.6,20.0,700.0,10.0,0.95043,0.0087262
0.6,0.6,20.0,700.0,10.0,0.95505,0.0095195
0.6,0.6,20.0,700.0,10.0,0.95895,0.010313
0.6,0.6,20.0,700.0,10.0,0.96257,0.011106
0.6,0.6,20.0,700.0,10.0,0.96587,0.011899
0.6,0.6,20.0,700.0,10.0,0.96878,0.012693
0.6,0.6,20.0,700.0,10.0,0.97155,0.013486
0.6,0.6,20.0,700.0,10.0,0.97407,0.014279
0.6,0.6,20.0,700.0,10.0,0.97644,0.015073
0.6,0.6,20.0,700.0,10.0,0.35953,0.0015866
0.6,0.6,20.0,700.0,10.0,0.97871,0.015866
0.6,0.6,20.0,700.0,10.0,0.52817,0.0023799
0.6,0.6,20.0,700.0,10.0,0.67641,0.0031732
0.6,0.6,20.0,700.0,10.0,0.78807,0.0039665
0.6,0.6,20.0,700.0,10.0,0.86234,0.0047598
0.6,0.6,20.0,700.0,10.0,0.90688,0.0055531
0.6,0.6,20.0,700.0,10.0,0.92775,0.0063464
0.6,0.6,20.0,700.0,10.0,0.93933,0.0071397
0.6,0.6,3.0,100.0,10.0,0.084211,0.0025706
0.6,0.6,3.0,100.0,10.0,0.78308,0.025706
0.6,0.6,3.0,100.0,10.0,0.83894,0.028277
0.6,0.6,3.0,100.0,10.0,0.88723,0.030847
0.6,0.6,3.0,100.0,10.0,0.92402,0.033418
0.6,0.6,3.0,100.0,10.0,0.95335,0.035988
0.6,0.6,3.0,100.0,10.0,0.97365,0.038559
0.6,0.6,3.0,100.0,10.0,0.99208,0.04113
0.6,0.6,3.0,100.0,10.0,1.0061,0.0437
0.6,0.6,3.0,100.0,10.0,1.0207,0.046271
0.6,0.6,3.0,100.0,10.0,1.0364,0.048841
0.6,0.6,3.0,100.0,10.0,0.1683,0.0051412
0.6,0.6,3.0,100.0,10.0,1.0525,0.051412
0.6,0.6,3.0,100.0,10.0,0.25197,0.0077118
0.6,0.6,3.0,100.0,10.0,0.33499,0.010282
0.6,0.6,3.0,100.0,10.0,0.41708,0.012853
0.6,0.6,3.0,100.0,10.0,0.49744,0.015424
0.6,0.6,3.0,100.0,10.0,0.57558,0.017994
0.6,0.6,3.0,100.0,10.0,0.65044,0.020565
0.6,0.6,3.0,100.0,10.0,0.72002,0.023135
0.6,0.6,3.0,1000.0,10.0,0.23934,0.00073248
0.6,0.6,3.0,1000.0,10.0,1.1815,0.0073248
0.6,0.6,3.0,1000.0,10.0,1.2215,0.0080572
0.6,0.6,3.0,1000.0,10.0,1.255,0.0087897
0.6,0.6,3.0,1000.0,10.0,1.2864,0.0095222
0.6,0.6,3.0,1000.0,10.0,1.3196,0.010255
0.6,0.6,3.0,1000.0,10.0,1.352,0.010987
0.6,0.6,3.0,1000.0,10.0,1.383,0.01172
0.6,0.6,3.0,1000.0,10.0,1.4113,0.012452
0.6,0.6,3.0,1000.0,10.0,1.4372,0.013185
0.6,0.6,3.0,1000.0,10.0,1.4622,0.013917
0.6,0.6,3.0,1000.0,10.0,0.47301,0.001465
0.6,0.6,3.0,1000.0,10.0,1.4878,0.01465
0.6,0.6,3.0,1000.0,10.0,0.68786,0.0021974
0.6,0.6,3.0,1000.0,10.0,0.85266,0.0029299
0.6,0.6,3.0,1000.0,10.0,0.94405,0.0036624
0.6,0.6,3.0,1000.0,10.0,1.0006,0.0043949
0.6,0.6,3.0,1000.0,10.0,1.0411,0.0051273
0.6,0.6,3.0,1000.0,10.0,1.0889,0.0058598
0.6,0.6,3.0,1000.0,10.0,1.1366,0.0065923
0.6,0.6,3.0,200.0,10.0,0.097076,0.0014818
0.6,0.6,3.0,200.0,10.0,0.86485,0.014818
0.6,0.6,3.0,200.0,10.0,0.91201,0.0163
0.6,0.6,3.0,200.0,10.0,0.95121,0.017782
0.6,0.6,3.0,200.0,10.0,0.97273,0.019264
0.6,0.6,3.0,200.0,10.0,0.99426,0.020746
0.6,0.6,3.0,200.0,10.0,1.011,0.022227
0.6,0.6,3.0,200.0,10.0,1.0282,0.023709
0.6,0.6,3.0,200.0,10.0,1.047,0.025191
0.6,0.6,3.0,200.0,10.0,1.0657,0.026673
0.6,0.6,3.0,200.0,10.0,1.0842,0.028155
0.6,0.6,3.0,200.0,10.0,0.19393,0.0029637
0.6,0.6,3.0,200.0,10.0,1.1024,0.029637
0.6,0.6,3.0,200.0,10.0,0.29014,0.0044455
0.6,0.6,3.0,200.0,10.0,0.38526,0.0059273
0.6,0.6,3.0,200.0,10.0,0.4788,0.0074091
0.6,0.6,3.0,200.0,10.0,0.56925,0.008891
0.6,0.6,3.0,200.0,10.0,0.65537,0.010373
0.6,0.6,3.0,200.0,10.0,0.73483,0.011855
0.6,0.6,3.0,200.0,10.0,0.80541,0.013336
0.6,0.6,3.0,300.0,10.0,0.13119,0.0013352
0.6,0.6,3.0,300.0,10.0,0.98421,0.013352
0.6,0.6,3.0,300.0,10.0,1.008,0.014687
0.6,0.6,3.0,300.0,10.0,1.0318,0.016022
0.6,0.6,3.0,300.0,10.0,1.058,0.017358
0.6,0.6,3.0,300.0,10.0,1.0832,0.018693
0.6,0.6,3.0,300.0,10.0,1.1072,0.020028
0.6,0.6,3.0,300.0,10.0,1.1312,0.021363
0.6,0.6,3.0,300.0,10.0,1.154,0.022698
0.6,0.6,3.0,300.0,10.0,1.1757,0.024034
0.6,0.6,3.0,300.0,10.0,1.1969,0.025369
0.6,0.6,3.0,300.0,10.0,0.26167,0.0026704
0.6,0.6,3.0,300.0,10.0,1.2176,0.026704
0.6,0.6,3.0,300.0,10.0,0.39043,0.0040056
0.6,0.6,3.0,300.0,10.0,0.51587,0.0053408
0.6,0.6,3.0,300.0,10.0,0.63509,0.006676
0.6,0.6,3.0,300.0,10.0,0.74318,0.0080112
0.6,0.6,3.0,300.0,10.0,0.83405,0.0093464
0.6,0.6,3.0,300.0,10.0,0.90611,0.010682
0.6,0.6,3.0,300.0,10.0,0.95341,0.012017
0.6,0.6,3.0,500.0,10.0,0.17801,0.0010878
0.6,0.6,3.0,500.0,10.0,1.0714,0.010878
0.6,0.6,3.0,500.0,10.0,1.1065,0.011966
0.6,0.6,3.0,500.0,10.0,1.1379,0.013053
0.6,0.6,3.0,500.0,10.0,1.1673,0.014141
0.6,0.6,3.0,500.0,10.0,1.1972,0.015229
0.6,0.6,3.0,500.0,10.0,1.2256,0.016317
0.6,0.6,3.0,500.0,10.0,1.2519,0.017405
0.6,0.6,3.0,500.0,10.0,1.2768,0.018492
0.6,0.6,3.0,500.0,10.0,1.3017,0.01958
0.6,0.6,3.0,500.0,10.0,1.3257,0.020668
0.6,0.6,3.0,500.0,10.0,0.35402,0.0021756
0.6,0.6,3.0,500.0,10.0,1.3484,0.021756
0.6,0.6,3.0,500.0,10.0,0.52472,0.0032634
0.6,0.6,3.0,500.0,10.0,0.68291,0.0043511
0.6,0.6,3.0,500.0,10.0,0.81587,0.0054389
0.6,0.6,3.0,500.0,10.0,0.91389,0.0065267
0.6,0.6,3.0,500.0,10.0,0.96776,0.0076145
0.6,0.6,3.0,500.0,10.0,1.0028,0.0087023
0.6,0.6,3.0,500.0,10.0,1.0352,0.0097901
0.6,0.6,3.0,700.0,10.0,0.20872,0.00091169
0.6,0.6,3.0,700.0,10.0,1.1294,0.0091169
0.6,0.6,3.0,700.0,10.0,1.1662,0.010029
0.6,0.6,3.0,700.0,10.0,1.1982,0.01094
0.6,0.6,3.0,700.0,10.0,1.2301,0.011852
0.6,0.6,3.0,700.0,10.0,1.2622,0.012764
0.6,0.6,3.0,700.0,10.0,1.2927,0.013675
0.6,0.6,3.0,700.0,10.0,1.3208,0.014587
0.6,0.6,3.0,700.0,10.0,1.3465,0.015499
0.6,0.6,3.0,700.0,10.0,1.3723,0.01641
0.6,0.6,3.0,700.0,10.0,1.3979,0.017322
0.6,0.6,3.0,700.0,10.0,0.41399,0.0018234
0.6,0.6,3.0,700.0,10.0,1.4225,0.018234
0.6,0.6,3.0,700.0,10.0,0.60902,0.0027351
0.6,0.6,3.0,700.0,10.0,0.77884,0.0036468
0.6,0.6,3.0,700.0,10.0,0.89722,0.0045585
0.6,0.6,3.0,700.0,10.0,0.97087,0.0054702
0.6,0.6,3.0,700.0,10.0,1.0062,0.0063819
0.6,0.6,3.0,700.0,10.0,1.0452,0.0072936
0.6,0.6,3.0,700.0,10.0,1.0881,0.0082052
0.6,0.6,4.0,100.0,10.0,0.08507,0.0025968
0.6,0.6,4.0,100.0,10.0,0.77998,0.025968
0.6,0.6,4.0,100.0,10.0,0.83232,0.028564
0.6,0.6,4.0,100.0,10.0,0.87688,0.031161
0.6,0.6,4.0,100.0,10.0,0.91181,0.033758
0.6,0.6,4.0,100.0,10.0,0.9373,0.036355
0.6,0.6,4.0,100.0,10.0,0.95744,0.038952
0.6,0.6,4.0,100.0,10.0,0.97284,0.041548
0.6,0.6,4.0,100.0,10.0,0.98391,0.044145
0.6,0.6,4.0,100.0,10.0,0.99493,0.046742
0.6,0.6,4.0,100.0,10.0,1.004,0.049339
0.6,0.6,4.0,100.0,10.0,0.16999,0.0051935
0.6,0.6,4.0,100.0,10.0,1.0131,0.051935
0.6,0.6,4.0,100.0,10.0,0.25438,0.0077903
0.6,0.6,4.0,100.0,10.0,0.338,0.010387
0.6,0.6,4.0,100.0,10.0,0.42034,0.012984
0.6,0.6,4.0,100.0,10.0,0.50085,0.015581
0.6,0.6,4.0,100.0,10.0,0.57846,0.018177
0.6,0.6,4.0,100.0,10.0,0.65223,0.020774
0.6,0.6,4.0,100.0,10.0,0.71981,0.023371
0.6,0.6,4.0,1000.0,10.0,0.26648,0.00081695
0.6,0.6,4.0,1000.0,10.0,1.127,0.0081695
0.6,0.6,4.0,1000.0,10.0,1.1553,0.0089864
0.6,0.6,4.0,1000.0,10.0,1.1791,0.0098034
0.6,0.6,4.0,1000.0,10.0,1.201,0.01062
0.6,0.6,4.0,1000.0,10.0,1.2237,0.011437
0.6,0.6,4.0,1000.0,10.0,1.2463,0.012254
0.6,0.6,4.0,1000.0,10.0,1.2677,0.013071
0.6,0.6,4.0,1000.0,10.0,1.2871,0.013888
0.6,0.6,4.0,1000.0,10.0,1.3051,0.014705
0.6,0.6,4.0,1000.0,10.0,1.322,0.015522
0.6,0.6,4.0,1000.0,10.0,0.52334,0.0016339
0.6,0.6,4.0,1000.0,10.0,1.3389,0.016339
0.6,0.6,4.0,1000.0,10.0,0.74483,0.0024508
0.6,0.6,4.0,1000.0,10.0,0.89094,0.0032678
0.6,0.6,4.0,1000.0,10.0,0.96201,0.0040847
0.6,0.6,4.0,1000.0,10.0,0.99549,0.0049017
0.6,0.6,4.0,1000.0,10.0,1.0255,0.0057186
0.6,0.6,4.0,1000.0,10.0,1.0598,0.0065356
0.6,0.6,4.0,1000.0,10.0,1.0947,0.0073525
0.6,0.6,4.0,200.0,10.0,0.10311,0.0015739
0.6,0.6,4.0,200.0,10.0,0.88172,0.015739
0.6,0.6,4.0,200.0,10.0,0.92233,0.017312
0.6,0.6,4.0,200.0,10.0,0.95018,0.018886
0.6,0.6,4.0,200.0,10.0,0.97073,0.02046
0.6,0.6,4.0,200.0,10.0,0.98429,0.022034
0.6,0.6,4.0,200.0,10.0,0.99674,0.023608
0.6,0.6,4.0,200.0,10.0,1.008,0.025182
0.6,0.6,4.0,200.0,10.0,1.0196,0.026756
0.6,0.6,4.0,200.0,10.0,1.0323,0.028329
0.6,0.6,4.0,200.0,10.0,1.045,0.029903
0.6,0.6,4.0,200.0,10.0,0.20588,0.0031477
0.6,0.6,4.0,200.0,10.0,1.0576,0.031477
0.6,0.6,4.0,200.0,10.0,0.30775,0.0047216
0.6,0.6,4.0,200.0,10.0,0.40801,0.0062954
0.6,0.6,4.0,200.0,10.0,0.50576,0.0078693
0.6,0.6,4.0,200.0,10.0,0.59949,0.0094431
0.6,0.6,4.0,200.0,10.0,0.68628,0.011017
0.6,0.6,4.0,200.0,10.0,0.76323,0.012591
0.6,0.6,4.0,200.0,10.0,0.82867,0.014165
0.6,0.6,4.0,300.0,10.0,0.13256,0.0013493
0.6,0.6,4.0,300.0,10.0,0.96833,0.013493
0.6,0.6,4.0,300.0,10.0,0.98546,0.014843
0.6,0.6,4.0,300.0,10.0,1.0014,0.016192
0.6,0.6,4.0,300.0,10.0,1.016,0.017541
0.6,0.6,4.0,300.0,10.0,1.0324,0.018891
0.6,0.6,4.0,300.0,10.0,1.049,0.02024
0.6,0.6,4.0,300.0,10.0,1.0651,0.021589
0.6,0.6,4.0,300.0,10.0,1.0806,0.022939
0.6,0.6,4.0,300.0,10.0,1.096,0.024288
0.6,0.6,4.0,300.0,10.0,1.1106,0.025637
0.6,0.6,4.0,300.0,10.0,0.26428,0.0026987
0.6,0.6,4.0,300.0,10.0,1.1247,0.026987
0.6,0.6,4.0,300.0,10.0,0.3939,0.004048
0.6,0.6,4.0,300.0,10.0,0.51944,0.0053973
0.6,0.6,4.0,300.0,10.0,0.63752,0.0067467
0.6,0.6,4.0,300.0,10.0,0.74209,0.008096
0.6,0.6,4.0,300.0,10.0,0.82891,0.0094454
0.6,0.6,4.0,300.0,10.0,0.89377,0.010795
0.6,0.6,4.0,300.0,10.0,0.93839,0.012144
0.6,0.6,4.0,500.0,10.0,0.17738,0.0010843
0.6,0.6,4.0,500.0,10.0,1.0205,0.010843
0.6,0.6,4.0,500.0,10.0,1.0433,0.011928
0.6,0.6,4.0,500.0,10.0,1.0663,0.013012
0.6,0.6,4.0,500.0,10.0,1.0874,0.014096
0.6,0.6,4.0,500.0,10.0,1.1067,0.015181
0.6,0.6,4.0,500.0,10.0,1.1253,0.016265
0.6,0.6,4.0,500.0,10.0,1.144,0.017349
0.6,0.6,4.0,500.0,10.0,1.1616,0.018434
0.6,0.6,4.0,500.0,10.0,1.1782,0.019518
0.6,0.6,4.0,500.0,10.0,1.1938,0.020602
0.6,0.6,4.0,500.0,10.0,0.35253,0.0021687
0.6,0.6,4.0,500.0,10.0,1.2091,0.021687
0.6,0.6,4.0,500.0,10.0,0.52166,0.003253
0.6,0.6,4.0,500.0,10.0,0.67643,0.0043373
0.6,0.6,4.0,500.0,10.0,0.8049,0.0054216
0.6,0.6,4.0,500.0,10.0,0.89373,0.0065059
0.6,0.6,4.0,500.0,10.0,0.95034,0.0075903
0.6,0.6,4.0,500.0,10.0,0.97814,0.0086746
0.6,0.6,4.0,500.0,10.0,1.0004,0.0097589
0.6,0.6,4.0,700.0,10.0,0.21553,0.00094208
0.6,0.6,4.0,700.0,10.0,1.0678,0.0094208
0.6,0.6,4.0,700.0,10.0,1.0951,0.010363
0.6,0.6,4.0,700.0,10.0,1.1189,0.011305
0.6,0.6,4.0,700.0,10.0,1.1401,0.012247
0.6,0.6,4.0,700.0,10.0,1.1605,0.013189
0.6,0.6,4.0,700.0,10.0,1.1814,0.014131
0.6,0.6,4.0,700.0,10.0,1.2015,0.015073
0.6,0.6,4.0,700.0,10.0,1.2199,0.016015
0.6,0.6,4.0,700.0,10.0,1.2371,0.016957
0.6,0.6,4.0,700.0,10.0,1.2534,0.017899
0.6,0.6,4.0,700.0,10.0,0.42665,0.0018842
0.6,0.6,4.0,700.0,10.0,1.2696,0.018842
0.6,0.6,4.0,700.0,10.0,0.6249,0.0028262
0.6,0.6,4.0,700.0,10.0,0.78815,0.0037683
0.6,0.6,4.0,700.0,10.0,0.89833,0.0047104
0.6,0.6,4.0,700.0,10.0,0.95965,0.0056525
0.6,0.6,4.0,700.0,10.0,0.98782,0.0065945
0.6,0.6,4.0,700.0,10.0,1.0129,0.0075366
0.6,0.6,4.0,700.0,10.0,1.0392,0.0084787
0.6,0.6,6.0,100.0,10.0,0.07878,0.0024047
0.6,0.6,6.0,100.0,10.0,0.72862,0.024047
0.6,0.6,6.0,100.0,10.0,0.78019,0.026452
0.6,0.6,6.0,100.0,10.0,0.8247,0.028857
0.6,0.6,6.0,100.0,10.0,0.86298,0.031262
0.6,0.6,6.0,100.0,10.0,0.89241,0.033666
0.6,0.6,6.0,100.0,10.0,0.91653,0.036071
0.6,0.6,6.0,100.0,10.0,0.93395,0.038476
0.6,0.6,6.0,100.0,10.0,0.95022,0.040881
0.6,0.6,6.0,100.0,10.0,0.95814,0.043285
0.6,0.6,6.0,100.0,10.0,0.96605,0.04569
0.6,0.6,6.0,100.0,10.0,0.15744,0.0048095
0.6,0.6,6.0,100.0,10.0,0.97396,0.048095
0.6,0.6,6.0,100.0,10.0,0.23559,0.0072142
0.6,0.6,6.0,100.0,10.0,0.31306,0.009619
0.6,0.6,6.0,100.0,10.0,0.38937,0.012024
0.6,0.6,6.0,100.0,10.0,0.46414,0.014428
0.6,0.6,6.0,100.0,10.0,0.5365,0.016833
0.6,0.6,6.0,100.0,10.0,0.60595,0.019238
0.6,0.6,6.0,100.0,10.0,0.67035,0.021643
0.6,0.6,6.0,1000.0,10.0,0.27153,0.00083269
0.6,0.6,6.0,1000.0,10.0,1.0442,0.0083269
0.6,0.6,6.0,1000.0,10.0,1.0627,0.0091596
0.6,0.6,6.0,1000.0,10.0,1.0792,0.0099923
0.6,0.6,6.0,1000.0,10.0,1.0937,0.010825
0.6,0.6,6.0,1000.0,10.0,1.1068,0.011658
0.6,0.6,6.0,1000.0,10.0,1.119,0.01249
0.6,0.6,6.0,1000.0,10.0,1.1304,0.013323
0.6,0.6,6.0,1000.0,10.0,1.1419,0.014156
0.6,0.6,6.0,1000.0,10.0,1.1534,0.014988
0.6,0.6,6.0,1000.0,10.0,1.164,0.015821
0.6,0.6,6.0,1000.0,10.0,0.53085,0.0016654
0.6,0.6,6.0,1000.0,10.0,1.1741,0.016654
0.6,0.6,6.0,1000.0,10.0,0.74915,0.0024981
0.6,0.6,6.0,1000.0,10.0,0.88161,0.0033308
0.6,0.6,6.0,1000.0,10.0,0.94195,0.0041635
0.6,0.6,6.0,1000.0,10.0,0.97476,0.0049962
0.6,0.6,6.0,1000.0,10.0,0.99191,0.0058289
0.6,0.6,6.0,1000.0,10.0,1.0083,0.0066615
0.6,0.6,6.0,1000.0,10.0,1.0253,0.0074942
0.6,0.6,6.0,200.0,10.0,0.095537,0.0014581
0.6,0.6,6.0,200.0,10.0,0.83001,0.014581
0.6,0.6,6.0,200.0,10.0,0.87385,0.016039
0.6,0.6,6.0,200.0,10.0,0.90744,0.017498
0.6,0.6,6.0,200.0,10.0,0.92981,0.018956
0.6,0.6,6.0,200.0,10.0,0.94715,0.020414
0.6,0.6,6.0,200.0,10.0,0.96068,0.021872
0.6,0.6,6.0,200.0,10.0,0.96921,0.02333
0.6,0.6,6.0,200.0,10.0,0.97774,0.024788
0.6,0.6,6.0,200.0,10.0,0.98489,0.026246
0.6,0.6,6.0,200.0,10.0,0.99125,0.027705
0.6,0.6,6.0,200.0,10.0,0.19074,0.0029163
0.6,0.6,6.0,200.0,10.0,0.99761,0.029163
0.6,0.6,6.0,200.0,10.0,0.28512,0.0043744
0.6,0.6,6.0,200.0,10.0,0.37814,0.0058325
0.6,0.6,6.0,200.0,10.0,0.46882,0.0072907
0.6,0.6,6.0,200.0,10.0,0.55621,0.0087488
0.6,0.6,6.0,200.0,10.0,0.63816,0.010207
0.6,0.6,6.0,200.0,10.0,0.71253,0.011665
0.6,0.6,6.0,200.0,10.0,0.7764,0.013123
0.6,0.6,6.0,300.0,10.0,0.1231,0.0012528
0.6,0.6,6.0,300.0,10.0,0.93085,0.012528
0.6,0.6,6.0,300.0,10.0,0.95041,0.01378
0.6,0.6,6.0,300.0,10.0,0.96476,0.015033
0.6,0.6,6.0,300.0,10.0,0.97597,0.016286
0.6,0.6,6.0,300.0,10.0,0.98497,0.017539
0.6,0.6,6.0,300.0,10.0,0.99346,0.018791
0.6,0.6,6.0,300.0,10.0,1.001,0.020044
0.6,0.6,6.0,300.0,10.0,1.0082,0.021297
0.6,0.6,6.0,300.0,10.0,1.0155,0.02255
0.6,0.6,6.0,300.0,10.0,1.0232,0.023802
0.6,0.6,6.0,300.0,10.0,0.24539,0.0025055
0.6,0.6,6.0,300.0,10.0,1.0311,0.025055
0.6,0.6,6.0,300.0,10.0,0.36577,0.0037583
0.6,0.6,6.0,300.0,10.0,0.48267,0.005011
0.6,0.6,6.0,300.0,10.0,0.59363,0.0062638
0.6,0.6,6.0,300.0,10.0,0.69349,0.0075165
0.6,0.6,6.0,300.0,10.0,0.77808,0.0087693
0.6,0.6,6.0,300.0,10.0,0.84544,0.010022
0.6,0.6,6.0,300.0,10.0,0.89572,0.011275
0.6,0.6,6.0,500.0,10.0,0.1631,0.00099661
0.6,0.6,6.0,500.0,10.0,0.97689,0.0099661
0.6,0.6,6.0,500.0,10.0,0.98919,0.010963
0.6,0.6,6.0,500.0,10.0,0.99929,0.011959
0.6,0.6,6.0,500.0,10.0,1.009,0.012956
0.6,0.6,6.0,500.0,10.0,1.0191,0.013953
0.6,0.6,6.0,500.0,10.0,1.0299,0.014949
0.6,0.6,6.0,500.0,10.0,1.0405,0.015946
0.6,0.6,6.0,500.0,10.0,1.0506,0.016942
0.6,0.6,6.0,500.0,10.0,1.0604,0.017939
0.6,0.6,6.0,500.0,10.0,1.0696,0.018936
0.6,0.6,6.0,500.0,10.0,0.32415,0.0019932
0.6,0.6,6.0,500.0,10.0,1.0785,0.019932
0.6,0.6,6.0,500.0,10.0,0.48002,0.0029898
0.6,0.6,6.0,500.0,10.0,0.62511,0.0039865
0.6,0.6,6.0,500.0,10.0,0.74811,0.0049831
0.6,0.6,6.0,500.0,10.0,0.84188,0.0059797
0.6,0.6,6.0,500.0,10.0,0.90414,0.0069763
0.6,0.6,6.0,500.0,10.0,0.94191,0.0079729
0.6,0.6,6.0,500.0,10.0,0.96272,0.0089695
0.6,0.6,6.0,700.0,10.0,0.21018,0.0009186
0.6,0.6,6.0,700.0,10.0,1.0064,0.009186
0.6,0.6,6.0,700.0,10.0,1.0194,0.010105
0.6,0.6,6.0,700.0,10.0,1.0338,0.011023
0.6,0.6,6.0,700.0,10.0,1.0481,0.011942
0.6,0.6,6.0,700.0,10.0,1.0609,0.01286
0.6,0.6,6.0,700.0,10.0,1.073,0.013779
0.6,0.6,6.0,700.0,10.0,1.0842,0.014698
0.6,0.6,6.0,700.0,10.0,1.0947,0.015616
0.6,0.6,6.0,700.0,10.0,1.1049,0.016535
0.6,0.6,6.0,700.0,10.0,1.115,0.017453
0.6,0.6,6.0,700.0,10.0,0.41554,0.0018372
0.6,0.6,6.0,700.0,10.0,1.1246,0.018372
0.6,0.6,6.0,700.0,10.0,0.60689,0.0027558
0.6,0.6,6.0,700.0,10.0,0.76462,0.0036744
0.6,0.6,6.0,700.0,10.0,0.872,0.004593
0.6,0.6,6.0,700.0,10.0,0.93211,0.0055116
0.6,0.6,6.0,700.0,10.0,0.9611,0.0064302
0.6,0.6,6.0,700.0,10.0,0.97928,0.0073488
0.6,0.6,6.0,700.0,10.0,0.99414,0.0082674
0.6,0.8,10.0,100.0,7.5,0.080697,0.0020171
0.6,0.8,10.0,100.0,7.5,0.74579,0.020171
0.6,0.8,10.0,100.0,7.5,0.79674,0.022188
0.6,0.8,10.0,100.0,7.5,0.83991,0.024205
0.6,0.8,10.0,100.0,7.5,0.87452,0.026222
0.6,0.8,10.0,100.0,7.5,0.9008,0.028239
0.6,0.8,10.0,100.0,7.5,0.91936,0.030256
0.6,0.8,10.0,100.0,7.5,0.93389,0.032273
0.6,0.8,10.0,100.0,7.5,0.94223,0.03429
0.6,0.8,10.0,100.0,7.5,0.94981,0.036307
0.6,0.8,10.0,100.0,7.5,0.95495,0.038324
0.6,0.8,10.0,100.0,7.5,0.16129,0.0040341
0.6,0.8,10.0,100.0,7.5,0.9601,0.040341
0.6,0.8,10.0,100.0,7.5,0.2414,0.0060512
0.6,0.8,10.0,100.0,7.5,0.32076,0.0080682
0.6,0.8,10.0,100.0,7.5,0.39899,0.010085
0.6,0.8,10.0,100.0,7.5,0.47555,0.012102
0.6,0.8,10.0,100.0,7.5,0.54968,0.014119
0.6,0.8,10.0,100.0,7.5,0.62048,0.016136
0.6,0.8,10.0,100.0,7.5,0.6864,0.018154
0.6,0.8,10.0,1000.0,7.5,0.19708,0.00049342
0.6,0.8,10.0,1000.0,7.5,0.97439,0.0049342
0.6,0.8,10.0,1000.0,7.5,0.98219,0.0054277
0.6,0.8,10.0,1000.0,7.5,0.98918,0.0059211
0.6,0.8,10.0,1000.0,7.5,0.99531,0.0064145
0.6,0.8,10.0,1000.0,7.5,1.0011,0.0069079
0.6,0.8,10.0,1000.0,7.5,1.0066,0.0074014
0.6,0.8,10.0,1000.0,7.5,1.012,0.0078948
0.6,0.8,10.0,1000.0,7.5,1.0175,0.0083882
0.6,0.8,10.0,1000.0,7.5,1.023,0.0088816
0.6,0.8,10.0,1000.0,7.5,1.0284,0.0093751
0.6,0.8,10.0,1000.0,7.5,0.39062,0.00098685
0.6,0.8,10.0,1000.0,7.5,1.0338,0.0098685
0.6,0.8,10.0,1000.0,7.5,0.57392,0.0014803
0.6,0.8,10.0,1000.0,7.5,0.73277,0.0019737
0.6,0.8,10.0,1000.0,7.5,0.84606,0.0024671
0.6,0.8,10.0,1000.0,7.5,0.912,0.0029605
0.6,0.8,10.0,1000.0,7.5,0.93898,0.003454
0.6,0.8,10.0,1000.0,7.5,0.95506,0.0039474
0.6,0.8,10.0,1000.0,7.5,0.96587,0.0044408
0.6,0.8,10.0,200.0,7.5,0.11563,0.0014451
0.6,0.8,10.0,200.0,7.5,0.90872,0.014451
0.6,0.8,10.0,200.0,7.5,0.9309,0.015896
0.6,0.8,10.0,200.0,7.5,0.94385,0.017342
0.6,0.8,10.0,200.0,7.5,0.95349,0.018787
0.6,0.8,10.0,200.0,7.5,0.96024,0.020232
0.6,0.8,10.0,200.0,7.5,0.96661,0.021677
0.6,0.8,10.0,200.0,7.5,0.9721,0.023122
0.6,0.8,10.0,200.0,7.5,0.97716,0.024567
0.6,0.8,10.0,200.0,7.5,0.98178,0.026012
0.6,0.8,10.0,200.0,7.5,0.98597,0.027458
0.6,0.8,10.0,200.0,7.5,0.23069,0.0028903
0.6,0.8,10.0,200.0,7.5,0.98998,0.028903
0.6,0.8,10.0,200.0,7.5,0.3443,0.0043354
0.6,0.8,10.0,200.0,7.5,0.45524,0.0057805
0.6,0.8,10.0,200.0,7.5,0.56166,0.0072257
0.6,0.8,10.0,200.0,7.5,0.66071,0.0086708
0.6,0.8,10.0,200.0,7.5,0.74724,0.010116
0.6,0.8,10.0,200.0,7.5,0.81763,0.011561
0.6,0.8,10.0,200.0,7.5,0.87135,0.013006
0.6,0.8,10.0,300.0,7.5,0.13472,0.0011228
0.6,0.8,10.0,300.0,7.5,0.93898,0.011228
0.6,0.8,10.0,300.0,7.5,0.95165,0.012351
0.6,0.8,10.0,300.0,7.5,0.96015,0.013473
0.6,0.8,10.0,300.0,7.5,0.96726,0.014596
0.6,0.8,10.0,300.0,7.5,0.97383,0.015719
0.6,0.8,10.0,300.0,7.5,0.97936,0.016842
0.6,0.8,10.0,300.0,7.5,0.98449,0.017965
0.6,0.8,10.0,300.0,7.5,0.98925,0.019087
0.6,0.8,10.0,300.0,7.5,0.99353,0.02021
0.6,0.8,10.0,300.0,7.5,0.99763,0.021333
0.6,0.8,10.0,300.0,7.5,0.26846,0.0022456
0.6,0.8,10.0,300.0,7.5,1.0015,0.022456
0.6,0.8,10.0,300.0,7.5,0.39975,0.0033684
0.6,0.8,10.0,300.0,7.5,0.52633,0.0044912
0.6,0.8,10.0,300.0,7.5,0.64438,0.005614
0.6,0.8,10.0,300.0,7.5,0.7467,0.0067367
0.6,0.8,10.0,300.0,7.5,0.82715,0.0078595
0.6,0.8,10.0,300.0,7.5,0.88441,0.0089823
0.6,0.8,10.0,300.0,7.5,0.92054,0.010105
0.6,0.8,10.0,500.0,7.5,0.16063,0.0008036
0.6,0.8,10.0,500.0,7.5,0.9588,0.008036
0.6,0.8,10.0,500.0,7.5,0.9677,0.0088396
0.6,0.8,10.0,500.0,7.5,0.97498,0.0096432
0.6,0.8,10.0,500.0,7.5,0.98159,0.010447
0.6,0.8,10.0,500.0,7.5,0.98758,0.01125
0.6,0.8,10.0,500.0,7.5,0.99278,0.012054
0.6,0.8,10.0,500.0,7.5,0.99765,0.012858
0.6,0.8,10.0,500.0,7.5,1.0022,0.013661
0.6,0.8,10.0,500.0,7.5,1.0066,0.014465
0.6,0.8,10.0,500.0,7.5,1.0109,0.015268
0.6,0.8,10.0,500.0,7.5,0.31952,0.0016072
0.6,0.8,10.0,500.0,7.5,1.0152,0.016072
0.6,0.8,10.0,500.0,7.5,0.47369,0.0024108
0.6,0.8,10.0,500.0,7.5,0.61832,0.0032144
0.6,0.8,10.0,500.0,7.5,0.74315,0.004018
0.6,0.8,10.0,500.0,7.5,0.83711,0.0048216
0.6,0.8,10.0,500.0,7.5,0.89968,0.0056252
0.6,0.8,10.0,500.0,7.5,0.93384,0.0064288
0.6,0.8,10.0,500.0,7.5,0.94776,0.0072324
0.6,0.8,10.0,700.0,7.5,0.17816,0.00063689
0.6,0.8,10.0,700.0,7.5,0.96746,0.0063689
0.6,0.8,10.0,700.0,7.5,0.97555,0.0070058
0.6,0.8,10.0,700.0,7.5,0.98261,0.0076427
0.6,0.8,10.0,700.0,7.5,0.98904,0.0082796
0.6,0.8,10.0,700.0,7.5,0.99482,0.0089165
0.6,0.8,10.0,700.0,7.5,1.0001,0.0095534
0.6,0.8,10.0,700.0,7.5,1.0051,0.01019
0.6,0.8,10.0,700.0,7.5,1.0098,0.010827
0.6,0.8,10.0,700.0,7.5,1.0145,0.011464
0.6,0.8,10.0,700.0,7.5,1.0193,0.012101
0.6,0.8,10.0,700.0,7.5,0.35381,0.0012738
0.6,0.8,10.0,700.0,7.5,1.0242,0.012738
0.6,0.8,10.0,700.0,7.5,0.52257,0.0019107
0.6,0.8,10.0,700.0,7.5,0.6762,0.0025476
0.6,0.8,10.0,700.0,7.5,0.79884,0.0031845
0.6,0.8,10.0,700.0,7.5,0.88168,0.0038214
0.6,0.8,10.0,700.0,7.5,0.9267,0.0044583
0.6,0.8,10.0,700.0,7.5,0.94532,0.0050951
0.6,0.8,10.0,700.0,7.5,0.95778,0.005732
0.6,0.8,20.0,100.0,7.5,0.084992,0.0021244
0.6,0.8,20.0,100.0,7.5,0.76843,0.021244
0.6,0.8,20.0,100.0,7.5,0.81544,0.023369
0.6,0.8,20.0,100.0,7.5,0.85293,0.025493
0.6,0.8,20.0,100.0,7.5,0.88195,0.027617
0.6,0.8,20.0,100.0,7.5,0.90392,0.029742
0.6,0.8,20.0,100.0,7.5,0.9189,0.031866
0.6,0.8,20.0,100.0,7.5,0.9284,0.033991
0.6,0.8,20.0,100.0,7.5,0.93465,0.036115
0.6,0.8,20.0,100.0,7.5,0.93966,0.03824
0.6,0.8,20.0,100.0,7.5,0.94292,0.040364
0.6,0.8,20.0,100.0,7.5,0.16983,0.0042488
0.6,0.8,20.0,100.0,7.5,0.94619,0.042488
0.6,0.8,20.0,100.0,7.5,0.25403,0.0063733
0.6,0.8,20.0,100.0,7.5,0.33729,0.0084977
0.6,0.8,20.0,100.0,7.5,0.41898,0.010622
0.6,0.8,20.0,100.0,7.5,0.49851,0.012747
0.6,0.8,20.0,100.0,7.5,0.57494,0.014871
0.6,0.8,20.0,100.0,7.5,0.64678,0.016995
0.6,0.8,20.0,100.0,7.5,0.71187,0.01912
0.6,0.8,20.0,1000.0,7.5,0.20687,0.00051815
0.6,0.8,20.0,1000.0,7.5,0.95528,0.0051815
0.6,0.8,20.0,1000.0,7.5,0.96011,0.0056997
0.6,0.8,20.0,1000.0,7.5,0.96449,0.0062178
0.6,0.8,20.0,1000.0,7.5,0.96841,0.0067359
0.6,0.8,20.0,1000.0,7.5,0.97187,0.0072541
0.6,0.8,20.0,1000.0,7.5,0.97504,0.0077723
0.6,0.8,20.0,1000.0,7.5,0.97795,0.0082904
0.6,0.8,20.0,1000.0,7.5,0.98056,0.0088086
0.6,0.8,20.0,1000.0,7.5,0.98302,0.0093267
0.6,0.8,20.0,1000.0,7.5,0.98533,0.0098449
0.6,0.8,20.0,1000.0,7.5,0.40909,0.0010363
0.6,0.8,20.0,1000.0,7.5,0.98753,0.010363
0.6,0.8,20.0,1000.0,7.5,0.59816,0.0015545
0.6,0.8,20.0,1000.0,7.5,0.75532,0.0020726
0.6,0.8,20.0,1000.0,7.5,0.85798,0.0025908
0.6,0.8,20.0,1000.0,7.5,0.91205,0.0031089
0.6,0.8,20.0,1000.0,7.5,0.9326,0.0036271
0.6,0.8,20.0,1000.0,7.5,0.94314,0.0041452
0.6,0.8,20.0,1000.0,7.5,0.94987,0.0046634
0.6,0.8,20.0,200.0,7.5,0.12953,0.0016193
0.6,0.8,20.0,200.0,7.5,0.92038,0.016193
0.6,0.8,20.0,200.0,7.5,0.93463,0.017812
0.6,0.8,20.0,200.0,7.5,0.94049,0.019431
0.6,0.8,20.0,200.0,7.5,0.94564,0.02105
0.6,0.8,20.0,200.0,7.5,0.94977,0.02267
0.6,0.8,20.0,200.0,7.5,0.95344,0.024289
0.6,0.8,20.0,200.0,7.5,0.95676,0.025908
0.6,0.8,20.0,200.0,7.5,0.95972,0.027527
0.6,0.8,20.0,200.0,7.5,0.96254,0.029147
0.6,0.8,20.0,200.0,7.5,0.96504,0.030766
0.6,0.8,20.0,200.0,7.5,0.25812,0.0032385
0.6,0.8,20.0,200.0,7.5,0.96748,0.032385
0.6,0.8,20.0,200.0,7.5,0.38438,0.0048578
0.6,0.8,20.0,200.0,7.5,0.50617,0.006477
0.6,0.8,20.0,200.0,7.5,0.62033,0.0080963
0.6,0.8,20.0,200.0,7.5,0.72063,0.0097156
0.6,0.8,20.0,200.0,7.5,0.80134,0.011335
0.6,0.8,20.0,200.0,7.5,0.85911,0.012954
0.6,0.8,20.0,200.0,7.5,0.89789,0.014573
0.6,0.8,20.0,300.0,7.5,0.15123,0.0012608
0.6,0.8,20.0,300.0,7.5,0.93911,0.012608
0.6,0.8,20.0,300.0,7.5,0.94474,0.013869
0.6,0.8,20.0,300.0,7.5,0.94981,0.015129
0.6,0.8,20.0,300.0,7.5,0.95407,0.01639
0.6,0.8,20.0,300.0,7.5,0.95779,0.017651
0.6,0.8,20.0,300.0,7.5,0.96129,0.018912
0.6,0.8,20.0,300.0,7.5,0.9643,0.020172
0.6,0.8,20.0,300.0,7.5,0.96716,0.021433
0.6,0.8,20.0,300.0,7.5,0.96979,0.022694
0.6,0.8,20.0,300.0,7.5,0.9722,0.023955
0.6,0.8,20.0,300.0,7.5,0.30085,0.0025216
0.6,0.8,20.0,300.0,7.5,0.97452,0.025216
0.6,0.8,20.0,300.0,7.5,0.44646,0.0037823
0.6,0.8,20.0,300.0,7.5,0.58391,0.0050431
0.6,0.8,20.0,300.0,7.5,0.7057,0.0063039
0.6,0.8,20.0,300.0,7.5,0.80144,0.0075647
0.6,0.8,20.0,300.0,7.5,0.86707,0.0088255
0.6,0.8,20.0,300.0,7.5,0.90678,0.010086
0.6,0.8,20.0,300.0,7.5,0.92755,0.011347
0.6,0.8,20.0,500.0,7.5,0.17454,0.00087343
0.6,0.8,20.0,500.0,7.5,0.94726,0.0087343
0.6,0.8,20.0,500.0,7.5,0.95265,0.0096077
0.6,0.8,20.0,500.0,7.5,0.95714,0.010481
0.6,0.8,20.0,500.0,7.5,0.96109,0.011355
0.6,0.8,20.0,500.0,7.5,0.96473,0.012228
0.6,0.8,20.0,500.0,7.5,0.96792,0.013101
0.6,0.8,20.0,500.0,7.5,0.97088,0.013975
0.6,0.8,20.0,500.0,7.5,0.97367,0.014848
0.6,0.8,20.0,500.0,7.5,0.97615,0.015722
0.6,0.8,20.0,500.0,7.5,0.97851,0.016595
0.6,0.8,20.0,500.0,7.5,0.34648,0.0017469
0.6,0.8,20.0,500.0,7.5,0.98076,0.017469
0.6,0.8,20.0,500.0,7.5,0.51153,0.0026203
0.6,0.8,20.0,500.0,7.5,0.6619,0.0034937
0.6,0.8,20.0,500.0,7.5,0.78265,0.0043671
0.6,0.8,20.0,500.0,7.5,0.86421,0.0052406
0.6,0.8,20.0,500.0,7.5,0.90882,0.006114
0.6,0.8,20.0,500.0,7.5,0.93202,0.0069874
0.6,0.8,20.0,500.0,7.5,0.94085,0.0078609
0.6,0.8,20.0,700.0,7.5,0.18963,0.00067815
0.6,0.8,20.0,700.0,7.5,0.95154,0.0067815
0.6,0.8,20.0,700.0,7.5,0.95655,0.0074597
0.6,0.8,20.0,700.0,7.5,0.96092,0.0081378
0.6,0.8,20.0,700.0,7.5,0.96489,0.008816
0.6,0.8,20.0,700.0,7.5,0.96838,0.0094941
0.6,0.8,20.0,700.0,7.5,0.9715,0.010172
0.6,0.8,20.0,700.0,7.5,0.97441,0.01085
0.6,0.8,20.0,700.0,7.5,0.97711,0.011529
0.6,0.8,20.0,700.0,7.5,0.97959,0.012207
0.6,0.8,20.0,700.0,7.5,0.98194,0.012885
0.6,0.8,20.0,700.0,7.5,0.3758,0.0013563
0.6,0.8,20.0,700.0,7.5,0.98416,0.013563
0.6,0.8,20.0,700.0,7.5,0.55262,0.0020345
0.6,0.8,20.0,700.0,7.5,0.70784,0.0027126
0.6,0.8,20.0,700.0,7.5,0.82198,0.0033908
0.6,0.8,20.0,700.0,7.5,0.89259,0.0040689
0.6,0.8,20.0,700.0,7.5,0.92619,0.0047471
0.6,0.8,20.0,700.0,7.5,0.93766,0.0054252
0.6,0.8,20.0,700.0,7.5,0.94554,0.0061034
0.6,0.8,3.0,100.0,7.5,0.081688,0.0020418
0.6,0.8,3.0,100.0,7.5,0.77282,0.020418
0.6,0.8,3.0,100.0,7.5,0.83142,0.02246
0.6,0.8,3.0,100.0,7.5,0.88127,0.024502
0.6,0.8,3.0,100.0,7.5,0.92016,0.026544
0.6,0.8,3.0,100.0,7.5,0.9512,0.028586
0.6,0.8,3.0,100.0,7.5,0.97194,0.030628
0.6,0.8,3.0,100.0,7.5,0.99075,0.032669
0.6,0.8,3.0,100.0,7.5,1.005,0.034711
0.6,0.8,3.0,100.0,7.5,1.0197,0.036753
0.6,0.8,3.0,100.0,7.5,1.0355,0.038795
0.6,0.8,3.0,100.0,7.5,0.1633,0.0040837
0.6,0.8,3.0,100.0,7.5,1.0518,0.040837
0.6,0.8,3.0,100.0,7.5,0.24462,0.0061255
0.6,0.8,3.0,100.0,7.5,0.32542,0.0081674
0.6,0.8,3.0,100.0,7.5,0.4055,0.010209
0.6,0.8,3.0,100.0,7.5,0.4844,0.012251
0.6,0.8,3.0,100.0,7.5,0.5615,0.014293
0.6,0.8,3.0,100.0,7.5,0.63616,0.016335
0.6,0.8,3.0,100.0,7.5,0.70717,0.018377
0.6,0.8,3.0,1000.0,7.5,0.25991,0.00065118
0.6,0.8,3.0,1000.0,7.5,1.2284,0.0065118
0.6,0.8,3.0,1000.0,7.5,1.2647,0.007163
0.6,0.8,3.0,1000.0,7.5,1.3008,0.0078142
0.6,0.8,3.0,1000.0,7.5,1.3378,0.0084654
0.6,0.8,3.0,1000.0,7.5,1.3734,0.0091166
0.6,0.8,3.0,1000.0,7.5,1.4059,0.0097678
0.6,0.8,3.0,1000.0,7.5,1.4354,0.010419
0.6,0.8,3.0,1000.0,7.5,1.4634,0.01107
0.6,0.8,3.0,1000.0,7.5,1.4922,0.011721
0.6,0.8,3.0,1000.0,7.5,1.5203,0.012373
0.6,0.8,3.0,1000.0,7.5,0.51354,0.0013024
0.6,0.8,3.0,1000.0,7.5,1.5472,0.013024
0.6,0.8,3.0,1000.0,7.5,0.7436,0.0019536
0.6,0.8,3.0,1000.0,7.5,0.89979,0.0026047
0.6,0.8,3.0,1000.0,7.5,0.98392,0.0032559
0.6,0.8,3.0,1000.0,7.5,1.0267,0.0039071
0.6,0.8,3.0,1000.0,7.5,1.0799,0.0045583
0.6,0.8,3.0,1000.0,7.5,1.1339,0.0052095
0.6,0.8,3.0,1000.0,7.5,1.1845,0.0058607
0.6,0.8,3.0,200.0,7.5,0.11847,0.0014806
0.6,0.8,3.0,200.0,7.5,0.96433,0.014806
0.6,0.8,3.0,200.0,7.5,0.98939,0.016287
0.6,0.8,3.0,200.0,7.5,1.0111,0.017768
0.6,0.8,3.0,200.0,7.5,1.0337,0.019248
0.6,0.8,3.0,200.0,7.5,1.0576,0.020729
0.6,0.8,3.0,200.0,7.5,1.0811,0.02221
0.6,0.8,3.0,200.0,7.5,1.1043,0.02369
0.6,0.8,3.0,200.0,7.5,1.1264,0.025171
0.6,0.8,3.0,200.0,7.5,1.1479,0.026652
0.6,0.8,3.0,200.0,7.5,1.1685,0.028132
0.6,0.8,3.0,200.0,7.5,0.23655,0.0029613
0.6,0.8,3.0,200.0,7.5,1.1885,0.029613
0.6,0.8,3.0,200.0,7.5,0.35363,0.0044419
0.6,0.8,3.0,200.0,7.5,0.46881,0.0059226
0.6,0.8,3.0,200.0,7.5,0.58068,0.0074032
0.6,0.8,3.0,200.0,7.5,0.6868,0.0088839
0.6,0.8,3.0,200.0,7.5,0.78202,0.010365
0.6,0.8,3.0,200.0,7.5,0.86243,0.011845
0.6,0.8,3.0,200.0,7.5,0.92246,0.013326
0.6,0.8,3.0,300.0,7.5,0.15031,0.0012527
0.6,0.8,3.0,300.0,7.5,1.0258,0.012527
0.6,0.8,3.0,300.0,7.5,1.0567,0.01378
0.6,0.8,3.0,300.0,7.5,1.0867,0.015033
0.6,0.8,3.0,300.0,7.5,1.1153,0.016286
0.6,0.8,3.0,300.0,7.5,1.1434,0.017538
0.6,0.8,3.0,300.0,7.5,1.1696,0.018791
0.6,0.8,3.0,300.0,7.5,1.195,0.020044
0.6,0.8,3.0,300.0,7.5,1.2195,0.021296
0.6,0.8,3.0,300.0,7.5,1.2427,0.022549
0.6,0.8,3.0,300.0,7.5,1.2653,0.023802
0.6,0.8,3.0,300.0,7.5,0.29973,0.0025055
0.6,0.8,3.0,300.0,7.5,1.2871,0.025055
0.6,0.8,3.0,300.0,7.5,0.4468,0.0037582
0.6,0.8,3.0,300.0,7.5,0.58897,0.0050109
0.6,0.8,3.0,300.0,7.5,0.72118,0.0062637
0.6,0.8,3.0,300.0,7.5,0.8324,0.0075164
0.6,0.8,3.0,300.0,7.5,0.91592,0.0087691
0.6,0.8,3.0,300.0,7.5,0.96435,0.010022
0.6,0.8,3.0,300.0,7.5,0.9985,0.011275
0.6,0.8,3.0,500.0,7.5,0.19915,0.00099654
0.6,0.8,3.0,500.0,7.5,1.1232,0.0099654
0.6,0.8,3.0,500.0,7.5,1.1578,0.010962
0.6,0.8,3.0,500.0,7.5,1.1924,0.011959
0.6,0.8,3.0,500.0,7.5,1.2254,0.012955
0.6,0.8,3.0,500.0,7.5,1.2558,0.013952
0.6,0.8,3.0,500.0,7.5,1.2846,0.014948
0.6,0.8,3.0,500.0,7.5,1.3132,0.015945
0.6,0.8,3.0,500.0,7.5,1.34,0.016941
0.6,0.8,3.0,500.0,7.5,1.3653,0.017938
0.6,0.8,3.0,500.0,7.5,1.3902,0.018934
0.6,0.8,3.0,500.0,7.5,0.39591,0.0019931
0.6,0.8,3.0,500.0,7.5,1.4144,0.019931
0.6,0.8,3.0,500.0,7.5,0.58573,0.0029896
0.6,0.8,3.0,500.0,7.5,0.7571,0.0039862
0.6,0.8,3.0,500.0,7.5,0.88521,0.0049827
0.6,0.8,3.0,500.0,7.5,0.9631,0.0059793
0.6,0.8,3.0,500.0,7.5,1.0029,0.0069758
0.6,0.8,3.0,500.0,7.5,1.0418,0.0079723
0.6,0.8,3.0,500.0,7.5,1.0841,0.0089689
0.6,0.8,3.0,700.0,7.5,0.23096,0.00082604
0.6,0.8,3.0,700.0,7.5,1.1797,0.0082604
0.6,0.8,3.0,700.0,7.5,1.2156,0.0090864
0.6,0.8,3.0,700.0,7.5,1.2525,0.0099125
0.6,0.8,3.0,700.0,7.5,1.2879,0.010739
0.6,0.8,3.0,700.0,7.5,1.3202,0.011565
0.6,0.8,3.0,700.0,7.5,1.3498,0.012391
0.6,0.8,3.0,700.0,7.5,1.3794,0.013217
0.6,0.8,3.0,700.0,7.5,1.4083,0.014043
0.6,0.8,3.0,700.0,7.5,1.4355,0.014869
0.6,0.8,3.0,700.0,7.5,1.4609,0.015695
0.6,0.8,3.0,700.0,7.5,0.45786,0.0016521
0.6,0.8,3.0,700.0,7.5,1.4859,0.016521
0.6,0.8,3.0,700.0,7.5,0.67184,0.0024781
0.6,0.8,3.0,700.0,7.5,0.84357,0.0033042
0.6,0.8,3.0,700.0,7.5,0.94242,0.0041302
0.6,0.8,3.0,700.0,7.5,1.0008,0.0049562
0.6,0.8,3.0,700.0,7.5,1.0436,0.0057823
0.6,0.8,3.0,700.0,7.5,1.0926,0.0066083
0.6,0.8,3.0,700.0,7.5,1.1393,0.0074343
0.6,0.8,4.0,100.0,7.5,0.08174,0.0020431
0.6,0.8,4.0,100.0,7.5,0.76641,0.020431
0.6,0.8,4.0,100.0,7.5,0.82211,0.022474
0.6,0.8,4.0,100.0,7.5,0.86951,0.024518
0.6,0.8,4.0,100.0,7.5,0.90603,0.026561
0.6,0.8,4.0,100.0,7.5,0.93406,0.028604
0.6,0.8,4.0,100.0,7.5,0.95455,0.030647
0.6,0.8,4.0,100.0,7.5,0.97096,0.03269
0.6,0.8,4.0,100.0,7.5,0.98233,0.034733
0.6,0.8,4.0,100.0,7.5,0.99363,0.036776
0.6,0.8,4.0,100.0,7.5,1.0029,0.03882
0.6,0.8,4.0,100.0,7.5,0.1634,0.0040863
0.6,0.8,4.0,100.0,7.5,1.0121,0.040863
0.6,0.8,4.0,100.0,7.5,0.24467,0.0061294
0.6,0.8,4.0,100.0,7.5,0.32541,0.0081725
0.6,0.8,4.0,100.0,7.5,0.40516,0.010216
0.6,0.8,4.0,100.0,7.5,0.48364,0.012259
0.6,0.8,4.0,100.0,7.5,0.56002,0.014302
0.6,0.8,4.0,100.0,7.5,0.63349,0.016345
0.6,0.8,4.0,100.0,7.5,0.70287,0.018388
0.6,0.8,4.0,1000.0,7.5,0.28552,0.00071659
0.6,0.8,4.0,1000.0,7.5,1.1585,0.0071659
0.6,0.8,4.0,1000.0,7.5,1.1846,0.0078825
0.6,0.8,4.0,1000.0,7.5,1.2092,0.0085991
0.6,0.8,4.0,1000.0,7.5,1.2348,0.0093156
0.6,0.8,4.0,1000.0,7.5,1.2595,0.010032
0.6,0.8,4.0,1000.0,7.5,1.2819,0.010749
0.6,0.8,4.0,1000.0,7.5,1.3024,0.011465
0.6,0.8,4.0,1000.0,7.5,1.3215,0.012182
0.6,0.8,4.0,1000.0,7.5,1.3404,0.012899
0.6,0.8,4.0,1000.0,7.5,1.3593,0.013615
0.6,0.8,4.0,1000.0,7.5,0.56015,0.0014332
0.6,0.8,4.0,1000.0,7.5,1.3772,0.014332
0.6,0.8,4.0,1000.0,7.5,0.79042,0.0021498
0.6,0.8,4.0,1000.0,7.5,0.91723,0.0028664
0.6,0.8,4.0,1000.0,7.5,0.98148,0.0035829
0.6,0.8,4.0,1000.0,7.5,1.0138,0.0042995
0.6,0.8,4.0,1000.0,7.5,1.0515,0.0050161
0.6,0.8,4.0,1000.0,7.5,1.0909,0.0057327
0.6,0.8,4.0,1000.0,7.5,1.1274,0.0064493
0.6,0.8,4.0,200.0,7.5,0.11667,0.0014582
0.6,0.8,4.0,200.0,7.5,0.94359,0.014582
0.6,0.8,4.0,200.0,7.5,0.96597,0.016041
0.6,0.8,4.0,200.0,7.5,0.98435,0.017499
0.6,0.8,4.0,200.0,7.5,0.99902,0.018957
0.6,0.8,4.0,200.0,7.5,1.0123,0.020415
0.6,0.8,4.0,200.0,7.5,1.0267,0.021874
0.6,0.8,4.0,200.0,7.5,1.0418,0.023332
0.6,0.8,4.0,200.0,7.5,1.0568,0.02479
0.6,0.8,4.0,200.0,7.5,1.0715,0.026248
0.6,0.8,4.0,200.0,7.5,1.0858,0.027707
0.6,0.8,4.0,200.0,7.5,0.23291,0.0029165
0.6,0.8,4.0,200.0,7.5,1.0995,0.029165
0.6,0.8,4.0,200.0,7.5,0.34805,0.0043747
0.6,0.8,4.0,200.0,7.5,0.46106,0.005833
0.6,0.8,4.0,200.0,7.5,0.57041,0.0072912
0.6,0.8,4.0,200.0,7.5,0.67346,0.0087494
0.6,0.8,4.0,200.0,7.5,0.76575,0.010208
0.6,0.8,4.0,200.0,7.5,0.84308,0.011666
0.6,0.8,4.0,200.0,7.5,0.90268,0.013124
0.6,0.8,4.0,300.0,7.5,0.14867,0.0012392
0.6,0.8,4.0,300.0,7.5,0.99485,0.012392
0.6,0.8,4.0,300.0,7.5,1.0123,0.013631
0.6,0.8,4.0,300.0,7.5,1.031,0.01487
0.6,0.8,4.0,300.0,7.5,1.0506,0.01611
0.6,0.8,4.0,300.0,7.5,1.0694,0.017349
0.6,0.8,4.0,300.0,7.5,1.0876,0.018588
0.6,0.8,4.0,300.0,7.5,1.1053,0.019827
0.6,0.8,4.0,300.0,7.5,1.122,0.021066
0.6,0.8,4.0,300.0,7.5,1.1379,0.022306
0.6,0.8,4.0,300.0,7.5,1.1534,0.023545
0.6,0.8,4.0,300.0,7.5,0.29632,0.0024784
0.6,0.8,4.0,300.0,7.5,1.1683,0.024784
0.6,0.8,4.0,300.0,7.5,0.44138,0.0037176
0.6,0.8,4.0,300.0,7.5,0.581,0.0049568
0.6,0.8,4.0,300.0,7.5,0.70958,0.006196
0.6,0.8,4.0,300.0,7.5,0.81752,0.0074352
0.6,0.8,4.0,300.0,7.5,0.89771,0.0086744
0.6,0.8,4.0,300.0,7.5,0.94947,0.0099136
0.6,0.8,4.0,300.0,7.5,0.9739,0.011153
0.6,0.8,4.0,500.0,7.5,0.19516,0.00097687
0.6,0.8,4.0,500.0,7.5,1.0525,0.0097687
0.6,0.8,4.0,500.0,7.5,1.078,0.010746
0.6,0.8,4.0,500.0,7.5,1.1011,0.011722
0.6,0.8,4.0,500.0,7.5,1.1226,0.012699
0.6,0.8,4.0,500.0,7.5,1.1442,0.013676
0.6,0.8,4.0,500.0,7.5,1.1643,0.014653
0.6,0.8,4.0,500.0,7.5,1.1832,0.01563
0.6,0.8,4.0,500.0,7.5,1.2009,0.016607
0.6,0.8,4.0,500.0,7.5,1.2184,0.017584
0.6,0.8,4.0,500.0,7.5,1.2351,0.018561
0.6,0.8,4.0,500.0,7.5,0.3877,0.0019537
0.6,0.8,4.0,500.0,7.5,1.251,0.019537
0.6,0.8,4.0,500.0,7.5,0.57281,0.0029306
0.6,0.8,4.0,500.0,7.5,0.73875,0.0039075
0.6,0.8,4.0,500.0,7.5,0.86372,0.0048843
0.6,0.8,4.0,500.0,7.5,0.93691,0.0058612
0.6,0.8,4.0,500.0,7.5,0.97891,0.0068381
0.6,0.8,4.0,500.0,7.5,1.0018,0.007815
0.6,0.8,4.0,500.0,7.5,1.0259,0.0087918
0.6,0.8,4.0,700.0,7.5,0.23415,0.00083802
0.6,0.8,4.0,700.0,7.5,1.102,0.0083802
0.6,0.8,4.0,700.0,7.5,1.1279,0.0092183
0.6,0.8,4.0,700.0,7.5,1.1514,0.010056
0.6,0.8,4.0,700.0,7.5,1.175,0.010894
0.6,0.8,4.0,700.0,7.5,1.1981,0.011732
0.6,0.8,4.0,700.0,7.5,1.2192,0.01257
0.6,0.8,4.0,700.0,7.5,1.2387,0.013408
0.6,0.8,4.0,700.0,7.5,1.2571,0.014246
0.6,0.8,4.0,700.0,7.5,1.2756,0.015084
0.6,0.8,4.0,700.0,7.5,1.2932,0.015922
0.6,0.8,4.0,700.0,7.5,0.46324,0.001676
0.6,0.8,4.0,700.0,7.5,1.3099,0.01676
0.6,0.8,4.0,700.0,7.5,0.67568,0.0025141
0.6,0.8,4.0,700.0,7.5,0.8409,0.0033521
0.6,0.8,4.0,700.0,7.5,0.93202,0.0041901
0.6,0.8,4.0,700.0,7.5,0.98245,0.0050281
0.6,0.8,4.0,700.0,7.5,1.009,0.0058662
0.6,0.8,4.0,700.0,7.5,1.0392,0.0067042
0.6,0.8,4.0,700.0,7.5,1.0718,0.0075422
0.6,0.8,6.0,100.0,7.5,0.075002,0.0018747
0.6,0.8,6.0,100.0,7.5,0.70926,0.018747
0.6,0.8,6.0,100.0,7.5,0.76435,0.020622
0.6,0.8,6.0,100.0,7.5,0.81278,0.022496
0.6,0.8,6.0,100.0,7.5,0.85317,0.024371
0.6,0.8,6.0,100.0,7.5,0.88547,0.026246
0.6,0.8,6.0,100.0,7.5,0.91266,0.028121
0.6,0.8,6.0,100.0,7.5,0.9304,0.029995
0.6,0.8,6.0,100.0,7.5,0.94815,0.03187
0.6,0.8,6.0,100.0,7.5,0.95641,0.033745
0.6,0.8,6.0,100.0,7.5,0.96459,0.035619
0.6,0.8,6.0,100.0,7.5,0.14995,0.0037494
0.6,0.8,6.0,100.0,7.5,0.97277,0.037494
0.6,0.8,6.0,100.0,7.5,0.22453,0.0056241
0.6,0.8,6.0,100.0,7.5,0.29865,0.0074988
0.6,0.8,6.0,100.0,7.5,0.37195,0.0093735
0.6,0.8,6.0,100.0,7.5,0.44413,0.011248
0.6,0.8,6.0,100.0,7.5,0.51473,0.013123
0.6,0.8,6.0,100.0,7.5,0.58297,0.014998
0.6,0.8,6.0,100.0,7.5,0.64829,0.016872
0.6,0.8,6.0,1000.0,7.5,0.28963,0.00072726
0.6,0.8,6.0,1000.0,7.5,1.0659,0.0072726
0.6,0.8,6.0,1000.0,7.5,1.0841,0.0079999
0.6,0.8,6.0,1000.0,7.5,1.0997,0.0087272
0.6,0.8,6.0,1000.0,7.5,1.114,0.0094544
0.6,0.8,6.0,1000.0,7.5,1.1272,0.010182
0.6,0.8,6.0,1000.0,7.5,1.1401,0.010909
0.6,0.8,6.0,1000.0,7.5,1.153,0.011636
0.6,0.8,6.0,1000.0,7.5,1.1649,0.012363
0.6,0.8,6.0,1000.0,7.5,1.1762,0.013091
0.6,0.8,6.0,1000.0,7.5,1.1869,0.013818
0.6,0.8,6.0,1000.0,7.5,0.56602,0.0014545
0.6,0.8,6.0,1000.0,7.5,1.1971,0.014545
0.6,0.8,6.0,1000.0,7.5,0.79172,0.0021818
0.6,0.8,6.0,1000.0,7.5,0.9203,0.0029091
0.6,0.8,6.0,1000.0,7.5,0.95891,0.0036363
0.6,0.8,6.0,1000.0,7.5,0.9866,0.0043636
0.6,0.8,6.0,1000.0,7.5,1.005,0.0050908
0.6,0.8,6.0,1000.0,7.5,1.0238,0.0058181
0.6,0.8,6.0,1000.0,7.5,1.0452,0.0065454
0.6,0.8,6.0,200.0,7.5,0.10974,0.0013715
0.6,0.8,6.0,200.0,7.5,0.90396,0.013715
0.6,0.8,6.0,200.0,7.5,0.93342,0.015087
0.6,0.8,6.0,200.0,7.5,0.95336,0.016458
0.6,0.8,6.0,200.0,7.5,0.96558,0.01783
0.6,0.8,6.0,200.0,7.5,0.97575,0.019201
0.6,0.8,6.0,200.0,7.5,0.98497,0.020573
0.6,0.8,6.0,200.0,7.5,0.99259,0.021944
0.6,0.8,6.0,200.0,7.5,0.99985,0.023316
0.6,0.8,6.0,200.0,7.5,1.0067,0.024687
0.6,0.8,6.0,200.0,7.5,1.0135,0.026059
0.6,0.8,6.0,200.0,7.5,0.21907,0.002743
0.6,0.8,6.0,200.0,7.5,1.0205,0.02743
0.6,0.8,6.0,200.0,7.5,0.32734,0.0041146
0.6,0.8,6.0,200.0,7.5,0.43363,0.0054861
0.6,0.8,6.0,200.0,7.5,0.53668,0.0068576
0.6,0.8,6.0,200.0,7.5,0.63444,0.0082291
0.6,0.8,6.0,200.0,7.5,0.72341,0.0096006
0.6,0.8,6.0,200.0,7.5,0.79928,0.010972
0.6,0.8,6.0,200.0,7.5,0.85944,0.012344
0.6,0.8,6.0,300.0,7.5,0.12872,0.0010726
0.6,0.8,6.0,300.0,7.5,0.94808,0.010726
0.6,0.8,6.0,300.0,7.5,0.9639,0.011799
0.6,0.8,6.0,300.0,7.5,0.97648,0.012872
0.6,0.8,6.0,300.0,7.5,0.98646,0.013944
0.6,0.8,6.0,300.0,7.5,0.99554,0.015017
0.6,0.8,6.0,300.0,7.5,1.0039,0.016089
0.6,0.8,6.0,300.0,7.5,1.0117,0.017162
0.6,0.8,6.0,300.0,7.5,1.02,0.018235
0.6,0.8,6.0,300.0,7.5,1.0288,0.019307
0.6,0.8,6.0,300.0,7.5,1.0375,0.02038
0.6,0.8,6.0,300.0,7.5,0.25669,0.0021453
0.6,0.8,6.0,300.0,7.5,1.0459,0.021453
0.6,0.8,6.0,300.0,7.5,0.38283,0.0032179
0.6,0.8,6.0,300.0,7.5,0.50545,0.0042905
0.6,0.8,6.0,300.0,7.5,0.62164,0.0053631
0.6,0.8,6.0,300.0,7.5,0.72628,0.0064358
0.6,0.8,6.0,300.0,7.5,0.81296,0.0075084
0.6,0.8,6.0,300.0,7.5,0.87947,0.008581
0.6,0.8,6.0,300.0,7.5,0.92312,0.0096536
0.6,0.8,6.0,500.0,7.5,0.17034,0.00085222
0.6,0.8,6.0,500.0,7.5,0.98753,0.0085222
0.6,0.8,6.0,500.0,7.5,0.99932,0.0093745
0.6,0.8,6.0,500.0,7.5,1.0099,0.010227
0.6,0.8,6.0,500.0,7.5,1.0212,0.011079
0.6,0.8,6.0,500.0,7.5,1.0331,0.011931
0.6,0.8,6.0,500.0,7.5,1.0447,0.012783
0.6,0.8,6.0,500.0,7.5,1.0557,0.013636
0.6,0.8,6.0,500.0,7.5,1.0662,0.014488
0.6,0.8,6.0,500.0,7.5,1.0762,0.01534
0.6,0.8,6.0,500.0,7.5,1.0857,0.016192
0.6,0.8,6.0,500.0,7.5,0.33873,0.0017044
0.6,0.8,6.0,500.0,7.5,1.095,0.017044
0.6,0.8,6.0,500.0,7.5,0.50206,0.0025567
0.6,0.8,6.0,500.0,7.5,0.65404,0.0034089
0.6,0.8,6.0,500.0,7.5,0.7823,0.0042611
0.6,0.8,6.0,500.0,7.5,0.87345,0.0051133
0.6,0.8,6.0,500.0,7.5,0.92666,0.0059656
0.6,0.8,6.0,500.0,7.5,0.95791,0.0068178
0.6,0.8,6.0,500.0,7.5,0.97387,0.00767
0.6,0.8,6.0,700.0,7.5,0.21997,0.00078708
0.6,0.8,6.0,700.0,7.5,1.0187,0.0078708
0.6,0.8,6.0,700.0,7.5,1.0345,0.0086579
0.6,0.8,6.0,700.0,7.5,1.0501,0.009445
0.6,0.8,6.0,700.0,7.5,1.0642,0.010232
0.6,0.8,6.0,700.0,7.5,1.0773,0.011019
0.6,0.8,6.0,700.0,7.5,1.0895,0.011806
0.6,0.8,6.0,700.0,7.5,1.1009,0.012593
0.6,0.8,6.0,700.0,7.5,1.1121,0.01338
0.6,0.8,6.0,700.0,7.5,1.1229,0.014167
0.6,0.8,6.0,700.0,7.5,1.1331,0.014955
0.6,0.8,6.0,700.0,7.5,0.43521,0.0015742
0.6,0.8,6.0,700.0,7.5,1.143,0.015742
0.6,0.8,6.0,700.0,7.5,0.63674,0.0023612
0.6,0.8,6.0,700.0,7.5,0.80014,0.0031483
0.6,0.8,6.0,700.0,7.5,0.89912,0.0039354
0.6,0.8,6.0,700.0,7.5,0.9486,0.0047225
0.6,0.8,6.0,700.0,7.5,0.97364,0.0055096
0.6,0.8,6.0,700.0,7.5,0.98992,0.0062966
0.6,0.8,6.0,700.0,7.5,1.0046,0.0070837
0.6,1.0,10.0,100.0,6.0,0.092899,0.0019734
0.6,1.0,10.0,100.0,6.0,0.82587,0.019734
0.6,1.0,10.0,100.0,6.0,0.87008,0.021707
0.6,1.0,10.0,100.0,6.0,0.90243,0.023681
0.6,1.0,10.0,100.0,6.0,0.92471,0.025654
0.6,1.0,10.0,100.0,6.0,0.93924,0.027628
0.6,1.0,10.0,100.0,6.0,0.94798,0.029601
0.6,1.0,10.0,100.0,6.0,0.95514,0.031574
0.6,1.0,10.0,100.0,6.0,0.96076,0.033548
0.6,1.0,10.0,100.0,6.0,0.96621,0.035521
0.6,1.0,10.0,100.0,6.0,0.97076,0.037495
0.6,1.0,10.0,100.0,6.0,0.18561,0.0039468
0.6,1.0,10.0,100.0,6.0,0.97527,0.039468
0.6,1.0,10.0,100.0,6.0,0.27762,0.0059202
0.6,1.0,10.0,100.0,6.0,0.36848,0.0078936
0.6,1.0,10.0,100.0,6.0,0.45745,0.009867
0.6,1.0,10.0,100.0,6.0,0.54361,0.01184
0.6,1.0,10.0,100.0,6.0,0.62565,0.013814
0.6,1.0,10.0,100.0,6.0,0.7017,0.015787
0.6,1.0,10.0,100.0,6.0,0.76898,0.017761
0.6,1.0,10.0,1000.0,6.0,0.19904,0.00042344
0.6,1.0,10.0,1000.0,6.0,0.97832,0.0042344
0.6,1.0,10.0,1000.0,6.0,0.98581,0.0046579
0.6,1.0,10.0,1000.0,6.0,0.9927,0.0050813
0.6,1.0,10.0,1000.0,6.0,0.99903,0.0055048
0.6,1.0,10.0,1000.0,6.0,1.0049,0.0059282
0.6,1.0,10.0,1000.0,6.0,1.0106,0.0063516
0.6,1.0,10.0,1000.0,6.0,1.0164,0.0067751
0.6,1.0,10.0,1000.0,6.0,1.0222,0.0071985
0.6,1.0,10.0,1000.0,6.0,1.028,0.007622
0.6,1.0,10.0,1000.0,6.0,1.0336,0.0080454
0.6,1.0,10.0,1000.0,6.0,0.39459,0.00084689
0.6,1.0,10.0,1000.0,6.0,1.039,0.0084689
0.6,1.0,10.0,1000.0,6.0,0.58017,0.0012703
0.6,1.0,10.0,1000.0,6.0,0.74182,0.0016938
0.6,1.0,10.0,1000.0,6.0,0.85885,0.0021172
0.6,1.0,10.0,1000.0,6.0,0.91957,0.0025407
0.6,1.0,10.0,1000.0,6.0,0.9459,0.0029641
0.6,1.0,10.0,1000.0,6.0,0.95865,0.0033875
0.6,1.0,10.0,1000.0,6.0,0.96921,0.003811
0.6,1.0,10.0,200.0,6.0,0.12278,0.0013042
0.6,1.0,10.0,200.0,6.0,0.92775,0.013042
0.6,1.0,10.0,200.0,6.0,0.94418,0.014346
0.6,1.0,10.0,200.0,6.0,0.95444,0.01565
0.6,1.0,10.0,200.0,6.0,0.96187,0.016954
0.6,1.0,10.0,200.0,6.0,0.96874,0.018258
0.6,1.0,10.0,200.0,6.0,0.97466,0.019563
0.6,1.0,10.0,200.0,6.0,0.97995,0.020867
0.6,1.0,10.0,200.0,6.0,0.98491,0.022171
0.6,1.0,10.0,200.0,6.0,0.98928,0.023475
0.6,1.0,10.0,200.0,6.0,0.99344,0.024779
0.6,1.0,10.0,200.0,6.0,0.24492,0.0026083
0.6,1.0,10.0,200.0,6.0,0.9974,0.026083
0.6,1.0,10.0,200.0,6.0,0.36535,0.0039125
0.6,1.0,10.0,200.0,6.0,0.48259,0.0052167
0.6,1.0,10.0,200.0,6.0,0.59429,0.0065208
0.6,1.0,10.0,200.0,6.0,0.69675,0.007825
0.6,1.0,10.0,200.0,6.0,0.78448,0.0091292
0.6,1.0,10.0,200.0,6.0,0.85262,0.010433
0.6,1.0,10.0,200.0,6.0,0.89998,0.011738
0.6,1.0,10.0,300.0,6.0,0.13999,0.00099147
0.6,1.0,10.0,300.0,6.0,0.94903,0.0099147
0.6,1.0,10.0,300.0,6.0,0.95831,0.010906
0.6,1.0,10.0,300.0,6.0,0.96651,0.011898
0.6,1.0,10.0,300.0,6.0,0.97378,0.012889
0.6,1.0,10.0,300.0,6.0,0.97972,0.013881
0.6,1.0,10.0,300.0,6.0,0.98528,0.014872
0.6,1.0,10.0,300.0,6.0,0.99039,0.015864
0.6,1.0,10.0,300.0,6.0,0.99498,0.016855
0.6,1.0,10.0,300.0,6.0,0.99934,0.017846
0.6,1.0,10.0,300.0,6.0,1.0035,0.018838
0.6,1.0,10.0,300.0,6.0,0.27893,0.0019829
0.6,1.0,10.0,300.0,6.0,1.0075,0.019829
0.6,1.0,10.0,300.0,6.0,0.41518,0.0029744
0.6,1.0,10.0,300.0,6.0,0.54611,0.0039659
0.6,1.0,10.0,300.0,6.0,0.66748,0.0049573
0.6,1.0,10.0,300.0,6.0,0.77212,0.0059488
0.6,1.0,10.0,300.0,6.0,0.85249,0.0069403
0.6,1.0,10.0,300.0,6.0,0.90344,0.0079318
0.6,1.0,10.0,300.0,6.0,0.93253,0.0089232
0.6,1.0,10.0,500.0,6.0,0.1624,0.00069036
0.6,1.0,10.0,500.0,6.0,0.96278,0.0069036
0.6,1.0,10.0,500.0,6.0,0.97133,0.007594
0.6,1.0,10.0,500.0,6.0,0.97891,0.0082843
0.6,1.0,10.0,500.0,6.0,0.98538,0.0089747
0.6,1.0,10.0,500.0,6.0,0.99115,0.009665
0.6,1.0,10.0,500.0,6.0,0.99647,0.010355
0.6,1.0,10.0,500.0,6.0,1.0014,0.011046
0.6,1.0,10.0,500.0,6.0,1.0061,0.011736
0.6,1.0,10.0,500.0,6.0,1.0106,0.012426
0.6,1.0,10.0,500.0,6.0,1.0151,0.013117
0.6,1.0,10.0,500.0,6.0,0.32307,0.0013807
0.6,1.0,10.0,500.0,6.0,1.0197,0.013807
0.6,1.0,10.0,500.0,6.0,0.4791,0.0020711
0.6,1.0,10.0,500.0,6.0,0.62547,0.0027614
0.6,1.0,10.0,500.0,6.0,0.75322,0.0034518
0.6,1.0,10.0,500.0,6.0,0.84975,0.0041422
0.6,1.0,10.0,500.0,6.0,0.90713,0.0048325
0.6,1.0,10.0,500.0,6.0,0.93703,0.0055229
0.6,1.0,10.0,500.0,6.0,0.95291,0.0062132
0.6,1.0,10.0,700.0,6.0,0.17947,0.00054516
0.6,1.0,10.0,700.0,6.0,0.97081,0.0054516
0.6,1.0,10.0,700.0,6.0,0.97906,0.0059967
0.6,1.0,10.0,700.0,6.0,0.98616,0.0065419
0.6,1.0,10.0,700.0,6.0,0.99244,0.007087
0.6,1.0,10.0,700.0,6.0,0.99825,0.0076322
0.6,1.0,10.0,700.0,6.0,1.0036,0.0081773
0.6,1.0,10.0,700.0,6.0,1.0087,0.0087225
0.6,1.0,10.0,700.0,6.0,1.0137,0.0092677
0.6,1.0,10.0,700.0,6.0,1.0187,0.0098128
0.6,1.0,10.0,700.0,6.0,1.0238,0.010358
0.6,1.0,10.0,700.0,6.0,0.35652,0.0010903
0.6,1.0,10.0,700.0,6.0,1.0289,0.010903
0.6,1.0,10.0,700.0,6.0,0.52676,0.0016355
0.6,1.0,10.0,700.0,6.0,0.6823,0.0021806
0.6,1.0,10.0,700.0,6.0,0.80753,0.0027258
0.6,1.0,10.0,700.0,6.0,0.88915,0.0032709
0.6,1.0,10.0,700.0,6.0,0.92983,0.0038161
0.6,1.0,10.0,700.0,6.0,0.95034,0.0043612
0.6,1.0,10.0,700.0,6.0,0.96146,0.0049064
0.6,1.0,20.0,100.0,6.0,0.099463,0.0021129
0.6,1.0,20.0,100.0,6.0,0.85056,0.021129
0.6,1.0,20.0,100.0,6.0,0.88759,0.023241
0.6,1.0,20.0,100.0,6.0,0.91152,0.025354
0.6,1.0,20.0,100.0,6.0,0.92512,0.027467
0.6,1.0,20.0,100.0,6.0,0.93569,0.02958
0.6,1.0,20.0,100.0,6.0,0.94039,0.031693
0.6,1.0,20.0,100.0,6.0,0.94494,0.033806
0.6,1.0,20.0,100.0,6.0,0.94834,0.035919
0.6,1.0,20.0,100.0,6.0,0.9517,0.038031
0.6,1.0,20.0,100.0,6.0,0.95446,0.040144
0.6,1.0,20.0,100.0,6.0,0.19863,0.0042257
0.6,1.0,20.0,100.0,6.0,0.95723,0.042257
0.6,1.0,20.0,100.0,6.0,0.29685,0.0063386
0.6,1.0,20.0,100.0,6.0,0.39346,0.0084514
0.6,1.0,20.0,100.0,6.0,0.48736,0.010564
0.6,1.0,20.0,100.0,6.0,0.57741,0.012677
0.6,1.0,20.0,100.0,6.0,0.66151,0.01479
0.6,1.0,20.0,100.0,6.0,0.7367,0.016903
0.6,1.0,20.0,100.0,6.0,0.80006,0.019016
0.6,1.0,20.0,1000.0,6.0,0.20768,0.00044196
0.6,1.0,20.0,1000.0,6.0,0.95812,0.0044196
0.6,1.0,20.0,1000.0,6.0,0.96304,0.0048616
0.6,1.0,20.0,1000.0,6.0,0.96741,0.0053036
0.6,1.0,20.0,1000.0,6.0,0.97125,0.0057455
0.6,1.0,20.0,1000.0,6.0,0.97474,0.0061875
0.6,1.0,20.0,1000.0,6.0,0.97792,0.0066294
0.6,1.0,20.0,1000.0,6.0,0.98076,0.0070714
0.6,1.0,20.0,1000.0,6.0,0.98337,0.0075134
0.6,1.0,20.0,1000.0,6.0,0.98583,0.0079553
0.6,1.0,20.0,1000.0,6.0,0.98815,0.0083973
0.6,1.0,20.0,1000.0,6.0,0.41085,0.00088393
0.6,1.0,20.0,1000.0,6.0,0.99036,0.0088393
0.6,1.0,20.0,1000.0,6.0,0.60113,0.0013259
0.6,1.0,20.0,1000.0,6.0,0.76113,0.0017679
0.6,1.0,20.0,1000.0,6.0,0.86908,0.0022098
0.6,1.0,20.0,1000.0,6.0,0.91731,0.0026518
0.6,1.0,20.0,1000.0,6.0,0.93773,0.0030937
0.6,1.0,20.0,1000.0,6.0,0.94611,0.0035357
0.6,1.0,20.0,1000.0,6.0,0.95255,0.0039777
0.6,1.0,20.0,200.0,6.0,0.13925,0.0014795
0.6,1.0,20.0,200.0,6.0,0.93573,0.014795
0.6,1.0,20.0,200.0,6.0,0.94224,0.016274
0.6,1.0,20.0,200.0,6.0,0.94787,0.017754
0.6,1.0,20.0,200.0,6.0,0.95237,0.019233
0.6,1.0,20.0,200.0,6.0,0.95628,0.020713
0.6,1.0,20.0,200.0,6.0,0.95991,0.022192
0.6,1.0,20.0,200.0,6.0,0.96299,0.023672
0.6,1.0,20.0,200.0,6.0,0.96593,0.025151
0.6,1.0,20.0,200.0,6.0,0.9686,0.026631
0.6,1.0,20.0,200.0,6.0,0.97107,0.02811
0.6,1.0,20.0,200.0,6.0,0.2774,0.002959
0.6,1.0,20.0,200.0,6.0,0.97344,0.02959
0.6,1.0,20.0,200.0,6.0,0.41261,0.0044384
0.6,1.0,20.0,200.0,6.0,0.54212,0.0059179
0.6,1.0,20.0,200.0,6.0,0.66171,0.0073974
0.6,1.0,20.0,200.0,6.0,0.76424,0.0088769
0.6,1.0,20.0,200.0,6.0,0.84204,0.010356
0.6,1.0,20.0,200.0,6.0,0.89179,0.011836
0.6,1.0,20.0,200.0,6.0,0.92021,0.013315
0.6,1.0,20.0,300.0,6.0,0.15831,0.0011216
0.6,1.0,20.0,300.0,6.0,0.94434,0.011216
0.6,1.0,20.0,300.0,6.0,0.95022,0.012338
0.6,1.0,20.0,300.0,6.0,0.95495,0.01346
0.6,1.0,20.0,300.0,6.0,0.95906,0.014581
0.6,1.0,20.0,300.0,6.0,0.96282,0.015703
0.6,1.0,20.0,300.0,6.0,0.96611,0.016825
0.6,1.0,20.0,300.0,6.0,0.96913,0.017946
0.6,1.0,20.0,300.0,6.0,0.97197,0.019068
0.6,1.0,20.0,300.0,6.0,0.97451,0.02019
0.6,1.0,20.0,300.0,6.0,0.97691,0.021311
0.6,1.0,20.0,300.0,6.0,0.31487,0.0022433
0.6,1.0,20.0,300.0,6.0,0.97919,0.022433
0.6,1.0,20.0,300.0,6.0,0.46685,0.0033649
0.6,1.0,20.0,300.0,6.0,0.60939,0.0044866
0.6,1.0,20.0,300.0,6.0,0.73418,0.0056082
0.6,1.0,20.0,300.0,6.0,0.82932,0.0067298
0.6,1.0,20.0,300.0,6.0,0.8911,0.0078515
0.6,1.0,20.0,300.0,6.0,0.92303,0.0089731
0.6,1.0,20.0,300.0,6.0,0.93654,0.010095
0.6,1.0,20.0,500.0,6.0,0.17862,0.00075963
0.6,1.0,20.0,500.0,6.0,0.95146,0.0075963
0.6,1.0,20.0,500.0,6.0,0.95651,0.0083559
0.6,1.0,20.0,500.0,6.0,0.96097,0.0091155
0.6,1.0,20.0,500.0,6.0,0.96497,0.0098752
0.6,1.0,20.0,500.0,6.0,0.96847,0.010635
0.6,1.0,20.0,500.0,6.0,0.97166,0.011394
0.6,1.0,20.0,500.0,6.0,0.97463,0.012154
0.6,1.0,20.0,500.0,6.0,0.97735,0.012914
0.6,1.0,20.0,500.0,6.0,0.97983,0.013673
0.6,1.0,20.0,500.0,6.0,0.98218,0.014433
0.6,1.0,20.0,500.0,6.0,0.3546,0.0015193
0.6,1.0,20.0,500.0,6.0,0.9844,0.015193
0.6,1.0,20.0,500.0,6.0,0.52327,0.0022789
0.6,1.0,20.0,500.0,6.0,0.67698,0.0030385
0.6,1.0,20.0,500.0,6.0,0.79951,0.0037981
0.6,1.0,20.0,500.0,6.0,0.87919,0.0045578
0.6,1.0,20.0,500.0,6.0,0.92046,0.0053174
0.6,1.0,20.0,500.0,6.0,0.93592,0.006077
0.6,1.0,20.0,500.0,6.0,0.94508,0.0068367
0.6,1.0,20.0,700.0,6.0,0.19209,0.00058367
0.6,1.0,20.0,700.0,6.0,0.95484,0.0058367
0.6,1.0,20.0,700.0,6.0,0.95984,0.0064204
0.6,1.0,20.0,700.0,6.0,0.96429,0.0070041
0.6,1.0,20.0,700.0,6.0,0.96819,0.0075877
0.6,1.0,20.0,700.0,6.0,0.9716,0.0081714
0.6,1.0,20.0,700.0,6.0,0.97475,0.0087551
0.6,1.0,20.0,700.0,6.0,0.97767,0.0093388
0.6,1.0,20.0,700.0,6.0,0.98032,0.0099224
0.6,1.0,20.0,700.0,6.0,0.98281,0.010506
0.6,1.0,20.0,700.0,6.0,0.98514,0.01109
0.6,1.0,20.0,700.0,6.0,0.38075,0.0011673
0.6,1.0,20.0,700.0,6.0,0.98735,0.011673
0.6,1.0,20.0,700.0,6.0,0.55999,0.001751
0.6,1.0,20.0,700.0,6.0,0.71771,0.0023347
0.6,1.0,20.0,700.0,6.0,0.83562,0.0029184
0.6,1.0,20.0,700.0,6.0,0.90048,0.003502
0.6,1.0,20.0,700.0,6.0,0.92865,0.0040857
0.6,1.0,20.0,700.0,6.0,0.94183,0.0046694
0.6,1.0,20.0,700.0,6.0,0.94919,0.0052531
0.6,1.0,3.0,100.0,6.0,0.088351,0.0018768
0.6,1.0,3.0,100.0,6.0,0.82488,0.018768
0.6,1.0,3.0,100.0,6.0,0.8812,0.020645
0.6,1.0,3.0,100.0,6.0,0.92569,0.022522
0.6,1.0,3.0,100.0,6.0,0.95742,0.024398
0.6,1.0,3.0,100.0,6.0,0.98053,0.026275
0.6,1.0,3.0,100.0,6.0,0.99725,0.028152
0.6,1.0,3.0,100.0,6.0,1.0132,0.030029
0.6,1.0,3.0,100.0,6.0,1.0301,0.031906
0.6,1.0,3.0,100.0,6.0,1.0481,0.033782
0.6,1.0,3.0,100.0,6.0,1.0663,0.035659
0.6,1.0,3.0,100.0,6.0,0.17662,0.0037536
0.6,1.0,3.0,100.0,6.0,1.0841,0.037536
0.6,1.0,3.0,100.0,6.0,0.26452,0.0056304
0.6,1.0,3.0,100.0,6.0,0.35181,0.0075072
0.6,1.0,3.0,100.0,6.0,0.43811,0.009384
0.6,1.0,3.0,100.0,6.0,0.5229,0.011261
0.6,1.0,3.0,100.0,6.0,0.60539,0.013138
0.6,1.0,3.0,100.0,6.0,0.68434,0.015014
0.6,1.0,3.0,100.0,6.0,0.75802,0.016891
0.6,1.0,3.0,1000.0,6.0,0.28,0.00059632
0.6,1.0,3.0,1000.0,6.0,1.2631,0.0059632
0.6,1.0,3.0,1000.0,6.0,1.3028,0.0065596
0.6,1.0,3.0,1000.0,6.0,1.3432,0.0071559
0.6,1.0,3.0,1000.0,6.0,1.3815,0.0077522
0.6,1.0,3.0,1000.0,6.0,1.4163,0.0083485
0.6,1.0,3.0,1000.0,6.0,1.4476,0.0089449
0.6,1.0,3.0,1000.0,6.0,1.4787,0.0095412
0.6,1.0,3.0,1000.0,6.0,1.5099,0.010138
0.6,1.0,3.0,1000.0,6.0,1.5398,0.010734
0.6,1.0,3.0,1000.0,6.0,1.5674,0.01133
0.6,1.0,3.0,1000.0,6.0,0.55222,0.0011926
0.6,1.0,3.0,1000.0,6.0,1.5936,0.011926
0.6,1.0,3.0,1000.0,6.0,0.79083,0.001789
0.6,1.0,3.0,1000.0,6.0,0.94323,0.0023853
0.6,1.0,3.0,1000.0,6.0,1.0009,0.0029816
0.6,1.0,3.0,1000.0,6.0,1.0561,0.0035779
0.6,1.0,3.0,1000.0,6.0,1.116,0.0041743
0.6,1.0,3.0,1000.0,6.0,1.1728,0.0047706
0.6,1.0,3.0,1000.0,6.0,1.2223,0.0053669
0.6,1.0,3.0,200.0,6.0,0.13266,0.0014091
0.6,1.0,3.0,200.0,6.0,0.99724,0.014091
0.6,1.0,3.0,200.0,6.0,1.0221,0.0155
0.6,1.0,3.0,200.0,6.0,1.0492,0.016909
0.6,1.0,3.0,200.0,6.0,1.0763,0.018318
0.6,1.0,3.0,200.0,6.0,1.1029,0.019727
0.6,1.0,3.0,200.0,6.0,1.1281,0.021136
0.6,1.0,3.0,200.0,6.0,1.1526,0.022546
0.6,1.0,3.0,200.0,6.0,1.1759,0.023955
0.6,1.0,3.0,200.0,6.0,1.1985,0.025364
0.6,1.0,3.0,200.0,6.0,1.2201,0.026773
0.6,1.0,3.0,200.0,6.0,0.26479,0.0028182
0.6,1.0,3.0,200.0,6.0,1.2411,0.028182
0.6,1.0,3.0,200.0,6.0,0.39551,0.0042273
0.6,1.0,3.0,200.0,6.0,0.52341,0.0056364
0.6,1.0,3.0,200.0,6.0,0.64611,0.0070455
0.6,1.0,3.0,200.0,6.0,0.75865,0.0084546
0.6,1.0,3.0,200.0,6.0,0.85469,0.0098637
0.6,1.0,3.0,200.0,6.0,0.9243,0.011273
0.6,1.0,3.0,200.0,6.0,0.96999,0.012682
0.6,1.0,3.0,300.0,6.0,0.16633,0.0011782
0.6,1.0,3.0,300.0,6.0,1.0642,0.011782
0.6,1.0,3.0,300.0,6.0,1.0973,0.01296
0.6,1.0,3.0,300.0,6.0,1.1296,0.014138
0.6,1.0,3.0,300.0,6.0,1.1601,0.015317
0.6,1.0,3.0,300.0,6.0,1.1889,0.016495
0.6,1.0,3.0,300.0,6.0,1.2168,0.017673
0.6,1.0,3.0,300.0,6.0,1.2431,0.018851
0.6,1.0,3.0,300.0,6.0,1.2685,0.02003
0.6,1.0,3.0,300.0,6.0,1.2929,0.021208
0.6,1.0,3.0,300.0,6.0,1.3161,0.022386
0.6,1.0,3.0,300.0,6.0,0.3315,0.0023564
0.6,1.0,3.0,300.0,6.0,1.3388,0.023564
0.6,1.0,3.0,300.0,6.0,0.49339,0.0035346
0.6,1.0,3.0,300.0,6.0,0.64804,0.0047128
0.6,1.0,3.0,300.0,6.0,0.7861,0.005891
0.6,1.0,3.0,300.0,6.0,0.89641,0.0070692
0.6,1.0,3.0,300.0,6.0,0.96261,0.0082475
0.6,1.0,3.0,300.0,6.0,0.9966,0.0094257
0.6,1.0,3.0,300.0,6.0,1.0293,0.010604
0.6,1.0,3.0,500.0,6.0,0.21806,0.00092746
0.6,1.0,3.0,500.0,6.0,1.1623,0.0092746
0.6,1.0,3.0,500.0,6.0,1.2009,0.010202
0.6,1.0,3.0,500.0,6.0,1.237,0.01113
0.6,1.0,3.0,500.0,6.0,1.2697,0.012057
0.6,1.0,3.0,500.0,6.0,1.3018,0.012984
0.6,1.0,3.0,500.0,6.0,1.3324,0.013912
0.6,1.0,3.0,500.0,6.0,1.361,0.014839
0.6,1.0,3.0,500.0,6.0,1.3887,0.015767
0.6,1.0,3.0,500.0,6.0,1.4156,0.016694
0.6,1.0,3.0,500.0,6.0,1.441,0.017622
0.6,1.0,3.0,500.0,6.0,0.43304,0.0018549
0.6,1.0,3.0,500.0,6.0,1.4657,0.018549
0.6,1.0,3.0,500.0,6.0,0.63838,0.0027824
0.6,1.0,3.0,500.0,6.0,0.81468,0.0037098
0.6,1.0,3.0,500.0,6.0,0.93338,0.0046373
0.6,1.0,3.0,500.0,6.0,0.98908,0.0055648
0.6,1.0,3.0,500.0,6.0,1.0332,0.0064922
0.6,1.0,3.0,500.0,6.0,1.08,0.0074197
0.6,1.0,3.0,500.0,6.0,1.1236,0.0083472
0.6,1.0,3.0,700.0,6.0,0.24992,0.00075974
0.6,1.0,3.0,700.0,6.0,1.2157,0.0075974
0.6,1.0,3.0,700.0,6.0,1.2565,0.0083571
0.6,1.0,3.0,700.0,6.0,1.295,0.0091169
0.6,1.0,3.0,700.0,6.0,1.3294,0.0098766
0.6,1.0,3.0,700.0,6.0,1.3618,0.010636
0.6,1.0,3.0,700.0,6.0,1.3943,0.011396
0.6,1.0,3.0,700.0,6.0,1.4252,0.012156
0.6,1.0,3.0,700.0,6.0,1.4537,0.012916
0.6,1.0,3.0,700.0,6.0,1.4812,0.013675
0.6,1.0,3.0,700.0,6.0,1.5085,0.014435
0.6,1.0,3.0,700.0,6.0,0.49477,0.0015195
0.6,1.0,3.0,700.0,6.0,1.5347,0.015195
0.6,1.0,3.0,700.0,6.0,0.72123,0.0022792
0.6,1.0,3.0,700.0,6.0,0.88676,0.003039
0.6,1.0,3.0,700.0,6.0,0.97867,0.0037987
0.6,1.0,3.0,700.0,6.0,1.0239,0.0045584
0.6,1.0,3.0,700.0,6.0,1.0777,0.0053182
0.6,1.0,3.0,700.0,6.0,1.1303,0.0060779
0.6,1.0,3.0,700.0,6.0,1.1757,0.0068377
0.6,1.0,4.0,100.0,6.0,0.085757,0.0018217
0.6,1.0,4.0,100.0,6.0,0.79841,0.018217
0.6,1.0,4.0,100.0,6.0,0.85361,0.020039
0.6,1.0,4.0,100.0,6.0,0.89841,0.02186
0.6,1.0,4.0,100.0,6.0,0.93155,0.023682
0.6,1.0,4.0,100.0,6.0,0.95491,0.025504
0.6,1.0,4.0,100.0,6.0,0.97165,0.027326
0.6,1.0,4.0,100.0,6.0,0.9839,0.029147
0.6,1.0,4.0,100.0,6.0,0.99515,0.030969
0.6,1.0,4.0,100.0,6.0,1.0053,0.032791
0.6,1.0,4.0,100.0,6.0,1.0153,0.034612
0.6,1.0,4.0,100.0,6.0,0.17142,0.0036434
0.6,1.0,4.0,100.0,6.0,1.026,0.036434
0.6,1.0,4.0,100.0,6.0,0.25669,0.0054651
0.6,1.0,4.0,100.0,6.0,0.34133,0.0072868
0.6,1.0,4.0,100.0,6.0,0.42492,0.0091085
0.6,1.0,4.0,100.0,6.0,0.50688,0.01093
0.6,1.0,4.0,100.0,6.0,0.5865,0.012752
0.6,1.0,4.0,100.0,6.0,0.66275,0.014574
0.6,1.0,4.0,100.0,6.0,0.73409,0.016395
0.6,1.0,4.0,1000.0,6.0,0.30536,0.00065159
0.6,1.0,4.0,1000.0,6.0,1.1833,0.0065159
0.6,1.0,4.0,1000.0,6.0,1.2103,0.0071675
0.6,1.0,4.0,1000.0,6.0,1.2382,0.0078191
0.6,1.0,4.0,1000.0,6.0,1.2648,0.0084707
0.6,1.0,4.0,1000.0,6.0,1.2888,0.0091223
0.6,1.0,4.0,1000.0,6.0,1.3105,0.0097739
0.6,1.0,4.0,1000.0,6.0,1.3312,0.010426
0.6,1.0,4.0,1000.0,6.0,1.352,0.011077
0.6,1.0,4.0,1000.0,6.0,1.3721,0.011729
0.6,1.0,4.0,1000.0,6.0,1.3908,0.01238
0.6,1.0,4.0,1000.0,6.0,0.59696,0.0013032
0.6,1.0,4.0,1000.0,6.0,1.4085,0.013032
0.6,1.0,4.0,1000.0,6.0,0.83205,0.0019548
0.6,1.0,4.0,1000.0,6.0,0.95087,0.0026064
0.6,1.0,4.0,1000.0,6.0,0.99491,0.003258
0.6,1.0,4.0,1000.0,6.0,1.0336,0.0039096
0.6,1.0,4.0,1000.0,6.0,1.0771,0.0045612
0.6,1.0,4.0,1000.0,6.0,1.1184,0.0052128
0.6,1.0,4.0,1000.0,6.0,1.1538,0.0058644
0.6,1.0,4.0,200.0,6.0,0.12706,0.0013497
0.6,1.0,4.0,200.0,6.0,0.96717,0.013497
0.6,1.0,4.0,200.0,6.0,0.98716,0.014847
0.6,1.0,4.0,200.0,6.0,1.0033,0.016197
0.6,1.0,4.0,200.0,6.0,1.0182,0.017546
0.6,1.0,4.0,200.0,6.0,1.0351,0.018896
0.6,1.0,4.0,200.0,6.0,1.052,0.020246
0.6,1.0,4.0,200.0,6.0,1.0686,0.021596
0.6,1.0,4.0,200.0,6.0,1.0847,0.022945
0.6,1.0,4.0,200.0,6.0,1.1,0.024295
0.6,1.0,4.0,200.0,6.0,1.1149,0.025645
0.6,1.0,4.0,200.0,6.0,0.25358,0.0026994
0.6,1.0,4.0,200.0,6.0,1.1292,0.026994
0.6,1.0,4.0,200.0,6.0,0.37868,0.0040492
0.6,1.0,4.0,200.0,6.0,0.50102,0.0053989
0.6,1.0,4.0,200.0,6.0,0.61836,0.0067486
0.6,1.0,4.0,200.0,6.0,0.72701,0.0080983
0.6,1.0,4.0,200.0,6.0,0.8199,0.0094481
0.6,1.0,4.0,200.0,6.0,0.89355,0.010798
0.6,1.0,4.0,200.0,6.0,0.94221,0.012148
0.6,1.0,4.0,300.0,6.0,0.16228,0.0011497
0.6,1.0,4.0,300.0,6.0,1.0148,0.011497
0.6,1.0,4.0,300.0,6.0,1.0359,0.012647
0.6,1.0,4.0,300.0,6.0,1.0577,0.013796
0.6,1.0,4.0,300.0,6.0,1.0785,0.014946
0.6,1.0,4.0,300.0,6.0,1.0986,0.016096
0.6,1.0,4.0,300.0,6.0,1.1177,0.017246
0.6,1.0,4.0,300.0,6.0,1.1358,0.018395
0.6,1.0,4.0,300.0,6.0,1.1531,0.019545
0.6,1.0,4.0,300.0,6.0,1.1698,0.020695
0.6,1.0,4.0,300.0,6.0,1.1855,0.021844
0.6,1.0,4.0,300.0,6.0,0.32327,0.0022994
0.6,1.0,4.0,300.0,6.0,1.2008,0.022994
0.6,1.0,4.0,300.0,6.0,0.48075,0.0034491
0.6,1.0,4.0,300.0,6.0,0.63069,0.0045988
0.6,1.0,4.0,300.0,6.0,0.76464,0.0057485
0.6,1.0,4.0,300.0,6.0,0.86976,0.0068982
0.6,1.0,4.0,300.0,6.0,0.93526,0.008048
0.6,1.0,4.0,300.0,6.0,0.97292,0.0091977
0.6,1.0,4.0,300.0,6.0,0.99446,0.010347
0.6,1.0,4.0,500.0,6.0,0.2103,0.00089469
0.6,1.0,4.0,500.0,6.0,1.0782,0.0089469
0.6,1.0,4.0,500.0,6.0,1.1035,0.0098416
0.6,1.0,4.0,500.0,6.0,1.1274,0.010736
0.6,1.0,4.0,500.0,6.0,1.1509,0.011631
0.6,1.0,4.0,500.0,6.0,1.1726,0.012526
0.6,1.0,4.0,500.0,6.0,1.1928,0.01342
0.6,1.0,4.0,500.0,6.0,1.2122,0.014315
0.6,1.0,4.0,500.0,6.0,1.2309,0.01521
0.6,1.0,4.0,500.0,6.0,1.2487,0.016104
0.6,1.0,4.0,500.0,6.0,1.2655,0.016999
0.6,1.0,4.0,500.0,6.0,0.4173,0.0017894
0.6,1.0,4.0,500.0,6.0,1.2818,0.017894
0.6,1.0,4.0,500.0,6.0,0.61444,0.0026841
0.6,1.0,4.0,500.0,6.0,0.78543,0.0035788
0.6,1.0,4.0,500.0,6.0,0.90611,0.0044734
0.6,1.0,4.0,500.0,6.0,0.95954,0.0053681
0.6,1.0,4.0,500.0,6.0,0.99491,0.0062628
0.6,1.0,4.0,500.0,6.0,1.0204,0.0071575
0.6,1.0,4.0,500.0,6.0,1.0497,0.0080522
0.6,1.0,4.0,700.0,6.0,0.25157,0.00076537
0.6,1.0,4.0,700.0,6.0,1.1275,0.0076537
0.6,1.0,4.0,700.0,6.0,1.1534,0.0084191
0.6,1.0,4.0,700.0,6.0,1.1794,0.0091844
0.6,1.0,4.0,700.0,6.0,1.2043,0.0099498
0.6,1.0,4.0,700.0,6.0,1.2269,0.010715
0.6,1.0,4.0,700.0,6.0,1.2478,0.011481
0.6,1.0,4.0,700.0,6.0,1.268,0.012246
0.6,1.0,4.0,700.0,6.0,1.2878,0.013011
0.6,1.0,4.0,700.0,6.0,1.3065,0.013777
0.6,1.0,4.0,700.0,6.0,1.3241,0.014542
0.6,1.0,4.0,700.0,6.0,0.49677,0.0015307
0.6,1.0,4.0,700.0,6.0,1.341,0.015307
0.6,1.0,4.0,700.0,6.0,0.71974,0.0022961
0.6,1.0,4.0,700.0,6.0,0.88805,0.0030615
0.6,1.0,4.0,700.0,6.0,0.95829,0.0038269
0.6,1.0,4.0,700.0,6.0,0.99693,0.0045922
0.6,1.0,4.0,700.0,6.0,1.0287,0.0053576
0.6,1.0,4.0,700.0,6.0,1.0644,0.006123
0.6,1.0,4.0,700.0,6.0,1.0984,0.0068883
0.6,1.0,6.0,100.0,6.0,0.087543,0.0018596
0.6,1.0,6.0,100.0,6.0,0.80199,0.018596
0.6,1.0,6.0,100.0,6.0,0.85316,0.020456
0.6,1.0,6.0,100.0,6.0,0.89392,0.022316
0.6,1.0,6.0,100.0,6.0,0.9229,0.024175
0.6,1.0,6.0,100.0,6.0,0.94203,0.026035
0.6,1.0,6.0,100.0,6.0,0.95658,0.027895
0.6,1.0,6.0,100.0,6.0,0.96602,0.029754
0.6,1.0,6.0,100.0,6.0,0.97466,0.031614
0.6,1.0,6.0,100.0,6.0,0.98217,0.033474
0.6,1.0,6.0,100.0,6.0,0.9889,0.035333
0.6,1.0,6.0,100.0,6.0,0.17497,0.0037193
0.6,1.0,6.0,100.0,6.0,0.99522,0.037193
0.6,1.0,6.0,100.0,6.0,0.26189,0.0055789
0.6,1.0,6.0,100.0,6.0,0.34798,0.0074386
0.6,1.0,6.0,100.0,6.0,0.43278,0.0092982
0.6,1.0,6.0,100.0,6.0,0.51551,0.011158
0.6,1.0,6.0,100.0,6.0,0.59533,0.013018
0.6,1.0,6.0,100.0,6.0,0.67101,0.014877
0.6,1.0,6.0,100.0,6.0,0.74051,0.016737
0.6,1.0,6.0,1000.0,6.0,0.30392,0.00064878
0.6,1.0,6.0,1000.0,6.0,1.0807,0.0064878
0.6,1.0,6.0,1000.0,6.0,1.0982,0.0071366
0.6,1.0,6.0,1000.0,6.0,1.1138,0.0077854
0.6,1.0,6.0,1000.0,6.0,1.1282,0.0084342
0.6,1.0,6.0,1000.0,6.0,1.1422,0.0090829
0.6,1.0,6.0,1000.0,6.0,1.156,0.0097317
0.6,1.0,6.0,1000.0,6.0,1.1688,0.010381
0.6,1.0,6.0,1000.0,6.0,1.1809,0.011029
0.6,1.0,6.0,1000.0,6.0,1.1922,0.011678
0.6,1.0,6.0,1000.0,6.0,1.2029,0.012327
0.6,1.0,6.0,1000.0,6.0,0.59271,0.0012976
0.6,1.0,6.0,1000.0,6.0,1.2131,0.012976
0.6,1.0,6.0,1000.0,6.0,0.82083,0.0019463
0.6,1.0,6.0,1000.0,6.0,0.92568,0.0025951
0.6,1.0,6.0,1000.0,6.0,0.97332,0.0032439
0.6,1.0,6.0,1000.0,6.0,0.99494,0.0038927
0.6,1.0,6.0,1000.0,6.0,1.0151,0.0045415
0.6,1.0,6.0,1000.0,6.0,1.0373,0.0051903
0.6,1.0,6.0,1000.0,6.0,1.0603,0.005839
0.6,1.0,6.0,200.0,6.0,0.11399,0.0012108
0.6,1.0,6.0,200.0,6.0,0.92419,0.012108
0.6,1.0,6.0,200.0,6.0,0.94656,0.013318
0.6,1.0,6.0,200.0,6.0,0.96256,0.014529
0.6,1.0,6.0,200.0,6.0,0.97444,0.01574
0.6,1.0,6.0,200.0,6.0,0.98382,0.016951
0.6,1.0,6.0,200.0,6.0,0.99251,0.018162
0.6,1.0,6.0,200.0,6.0,1.0003,0.019372
0.6,1.0,6.0,200.0,6.0,1.0077,0.020583
0.6,1.0,6.0,200.0,6.0,1.015,0.021794
0.6,1.0,6.0,200.0,6.0,1.0226,0.023005
0.6,1.0,6.0,200.0,6.0,0.22756,0.0024215
0.6,1.0,6.0,200.0,6.0,1.0304,0.024215
0.6,1.0,6.0,200.0,6.0,0.33999,0.0036323
0.6,1.0,6.0,200.0,6.0,0.45019,0.0048431
0.6,1.0,6.0,200.0,6.0,0.55685,0.0060539
0.6,1.0,6.0,200.0,6.0,0.65736,0.0072646
0.6,1.0,6.0,200.0,6.0,0.74813,0.0084754
0.6,1.0,6.0,200.0,6.0,0.82458,0.0096862
0.6,1.0,6.0,200.0,6.0,0.88388,0.010897
0.6,1.0,6.0,300.0,6.0,0.1337,0.00094689
0.6,1.0,6.0,300.0,6.0,0.95878,0.0094689
0.6,1.0,6.0,300.0,6.0,0.97251,0.010416
0.6,1.0,6.0,300.0,6.0,0.98436,0.011363
0.6,1.0,6.0,300.0,6.0,0.9943,0.01231
0.6,1.0,6.0,300.0,6.0,1.0032,0.013256
0.6,1.0,6.0,300.0,6.0,1.0119,0.014203
0.6,1.0,6.0,300.0,6.0,1.0207,0.01515
0.6,1.0,6.0,300.0,6.0,1.0301,0.016097
0.6,1.0,6.0,300.0,6.0,1.0395,0.017044
0.6,1.0,6.0,300.0,6.0,1.0484,0.017991
0.6,1.0,6.0,300.0,6.0,0.26663,0.0018938
0.6,1.0,6.0,300.0,6.0,1.0571,0.018938
0.6,1.0,6.0,300.0,6.0,0.3976,0.0028407
0.6,1.0,6.0,300.0,6.0,0.52443,0.0037875
0.6,1.0,6.0,300.0,6.0,0.64449,0.0047344
0.6,1.0,6.0,300.0,6.0,0.75148,0.0056813
0.6,1.0,6.0,300.0,6.0,0.83935,0.0066282
0.6,1.0,6.0,300.0,6.0,0.89991,0.0075751
0.6,1.0,6.0,300.0,6.0,0.93743,0.008522
0.6,1.0,6.0,500.0,6.0,0.1768,0.00075175
0.6,1.0,6.0,500.0,6.0,0.99513,0.0075175
0.6,1.0,6.0,500.0,6.0,1.007,0.0082692
0.6,1.0,6.0,500.0,6.0,1.0189,0.009021
0.6,1.0,6.0,500.0,6.0,1.0315,0.0097727
0.6,1.0,6.0,500.0,6.0,1.044,0.010524
0.6,1.0,6.0,500.0,6.0,1.056,0.011276
0.6,1.0,6.0,500.0,6.0,1.0673,0.012028
0.6,1.0,6.0,500.0,6.0,1.0779,0.01278
0.6,1.0,6.0,500.0,6.0,1.0881,0.013531
0.6,1.0,6.0,500.0,6.0,1.098,0.014283
0.6,1.0,6.0,500.0,6.0,0.35153,0.0015035
0.6,1.0,6.0,500.0,6.0,1.1077,0.015035
0.6,1.0,6.0,500.0,6.0,0.5207,0.0022552
0.6,1.0,6.0,500.0,6.0,0.67693,0.003007
0.6,1.0,6.0,500.0,6.0,0.80675,0.0037587
0.6,1.0,6.0,500.0,6.0,0.89617,0.0045105
0.6,1.0,6.0,500.0,6.0,0.93993,0.0052622
0.6,1.0,6.0,500.0,6.0,0.9658,0.006014
0.6,1.0,6.0,500.0,6.0,0.98245,0.0067657
0.6,1.0,6.0,700.0,6.0,0.22899,0.00069638
0.6,1.0,6.0,700.0,6.0,1.0296,0.0069638
0.6,1.0,6.0,700.0,6.0,1.0468,0.0076602
0.6,1.0,6.0,700.0,6.0,1.0623,0.0083566
0.6,1.0,6.0,700.0,6.0,1.0766,0.009053
0.6,1.0,6.0,700.0,6.0,1.0897,0.0097493
0.6,1.0,6.0,700.0,6.0,1.102,0.010446
0.6,1.0,6.0,700.0,6.0,1.1141,0.011142
0.6,1.0,6.0,700.0,6.0,1.1256,0.011838
0.6,1.0,6.0,700.0,6.0,1.1366,0.012535
0.6,1.0,6.0,700.0,6.0,1.147,0.013231
0.6,1.0,6.0,700.0,6.0,0.4528,0.0013928
0.6,1.0,6.0,700.0,6.0,1.1568,0.013928
0.6,1.0,6.0,700.0,6.0,0.66061,0.0020891
0.6,1.0,6.0,700.0,6.0,0.82612,0.0027855
0.6,1.0,6.0,700.0,6.0,0.92559,0.0034819
0.6,1.0,6.0,700.0,6.0,0.95744,0.0041783
0.6,1.0,6.0,700.0,6.0,0.98135,0.0048747
0.6,1.0,6.0,700.0,6.0,0.99842,0.0055711
0.6,1.0,6.0,700.0,6.0,1.0131,0.0062674
0.8,0.2,10.0,100.0,40.0,0.078424,0.0092634
0.8,0.2,10.0,100.0,40.0,0.63978,0.092634
0.8,0.2,10.0,100.0,40.0,0.68212,0.1019
0.8,0.2,10.0,100.0,40.0,0.72093,0.11116
0.8,0.2,10.0,100.0,40.0,0.75628,0.12042
0.8,0.2,10.0,100.0,40.0,0.78852,0.12969
0.8,0.2,10.0,100.0,40.0,0.81613,0.13895
0.8,0.2,10.0,100.0,40.0,0.8402,0.14821
0.8,0.2,10.0,100.0,40.0,0.86149,0.15748
0.8,0.2,10.0,100.0,40.0,0.87827,0.16674
0.8,0.2,10.0,100.0,40.0,0.89216,0.176
0.8,0.2,10.0,100.0,40.0,0.15564,0.018527
0.8,0.2,10.0,100.0,40.0,0.90606,0.18527
0.8,0.2,10.0,100.0,40.0,0.23052,0.02779
0.8,0.2,10.0,100.0,40.0,0.30163,0.037053
0.8,0.2,10.0,100.0,40.0,0.36864,0.046317
0.8,0.2,10.0,100.0,40.0,0.431,0.05558
0.8,0.2,10.0,100.0,40.0,0.48926,0.064844
0.8,0.2,10.0,100.0,40.0,0.54348,0.074107
0.8,0.2,10.0,100.0,40.0,0.59358,0.08337
0.8,0.2,10.0,1000.0,40.0,0.13424,0.0015942
0.8,0.2,10.0,1000.0,40.0,0.86764,0.015942
0.8,0.2,10.0,1000.0,40.0,0.89094,0.017536
0.8,0.2,10.0,1000.0,40.0,0.91177,0.01913
0.8,0.2,10.0,1000.0,40.0,0.92062,0.020724
0.8,0.2,10.0,1000.0,40.0,0.92946,0.022319
0.8,0.2,10.0,1000.0,40.0,0.93653,0.023913
0.8,0.2,10.0,1000.0,40.0,0.94228,0.025507
0.8,0.2,10.0,1000.0,40.0,0.94803,0.027101
0.8,0.2,10.0,1000.0,40.0,0.95299,0.028695
0.8,0.2,10.0,1000.0,40.0,0.95775,0.030289
0.8,0.2,10.0,1000.0,40.0,0.26253,0.0031884
0.8,0.2,10.0,1000.0,40.0,0.96252,0.031884
0.8,0.2,10.0,1000.0,40.0,0.37924,0.0047825
0.8,0.2,10.0,1000.0,40.0,0.48318,0.0063767
0.8,0.2,10.0,1000.0,40.0,0.57471,0.0079709
0.8,0.2,10.0,1000.0,40.0,0.65518,0.0095651
0.8,0.2,10.0,1000.0,40.0,0.72382,0.011159
0.8,0.2,10.0,1000.0,40.0,0.78193,0.012753
0.8,0.2,10.0,1000.0,40.0,0.82925,0.014348
0.8,0.2,10.0,200.0,40.0,0.089491,0.0052882
0.8,0.2,10.0,200.0,40.0,0.69956,0.052882
0.8,0.2,10.0,200.0,40.0,0.74207,0.05817
0.8,0.2,10.0,200.0,40.0,0.78014,0.063458
0.8,0.2,10.0,200.0,40.0,0.81394,0.068746
0.8,0.2,10.0,200.0,40.0,0.84099,0.074034
0.8,0.2,10.0,200.0,40.0,0.86518,0.079323
0.8,0.2,10.0,200.0,40.0,0.88332,0.084611
0.8,0.2,10.0,200.0,40.0,0.90051,0.089899
0.8,0.2,10.0,200.0,40.0,0.90917,0.095187
0.8,0.2,10.0,200.0,40.0,0.91782,0.10048
0.8,0.2,10.0,200.0,40.0,0.17715,0.010576
0.8,0.2,10.0,200.0,40.0,0.92648,0.10576
0.8,0.2,10.0,200.0,40.0,0.26123,0.015865
0.8,0.2,10.0,200.0,40.0,0.34036,0.021153
0.8,0.2,10.0,200.0,40.0,0.41339,0.026441
0.8,0.2,10.0,200.0,40.0,0.48139,0.031729
0.8,0.2,10.0,200.0,40.0,0.54357,0.037017
0.8,0.2,10.0,200.0,40.0,0.6005,0.042305
0.8,0.2,10.0,200.0,40.0,0.65245,0.047594
0.8,0.2,10.0,300.0,40.0,0.098622,0.0038868
0.8,0.2,10.0,300.0,40.0,0.7442,0.038868
0.8,0.2,10.0,300.0,40.0,0.78534,0.042754
0.8,0.2,10.0,300.0,40.0,0.82016,0.046641
0.8,0.2,10.0,300.0,40.0,0.8497,0.050528
0.8,0.2,10.0,300.0,40.0,0.87458,0.054415
0.8,0.2,10.0,300.0,40.0,0.89202,0.058301
0.8,0.2,10.0,300.0,40.0,0.90654,0.062188
0.8,0.2,10.0,300.0,40.0,0.91879,0.066075
0.8,0.2,10.0,300.0,40.0,0.92466,0.069962
0.8,0.2,10.0,300.0,40.0,0.93054,0.073848
0.8,0.2,10.0,300.0,40.0,0.19483,0.0077735
0.8,0.2,10.0,300.0,40.0,0.93641,0.077735
0.8,0.2,10.0,300.0,40.0,0.28616,0.01166
0.8,0.2,10.0,300.0,40.0,0.37086,0.015547
0.8,0.2,10.0,300.0,40.0,0.44917,0.019434
0.8,0.2,10.0,300.0,40.0,0.52023,0.023321
0.8,0.2,10.0,300.0,40.0,0.58517,0.027207
0.8,0.2,10.0,300.0,40.0,0.6441,0.031094
0.8,0.2,10.0,300.0,40.0,0.69683,0.034981
0.8,0.2,10.0,500.0,40.0,0.11215,0.0026563
0.8,0.2,10.0,500.0,40.0,0.79931,0.026563
0.8,0.2,10.0,500.0,40.0,0.83651,0.029219
0.8,0.2,10.0,500.0,40.0,0.86833,0.031876
0.8,0.2,10.0,500.0,40.0,0.8884,0.034532
0.8,0.2,10.0,500.0,40.0,0.9083,0.037188
0.8,0.2,10.0,500.0,40.0,0.91698,0.039845
0.8,0.2,10.0,500.0,40.0,0.92516,0.042501
0.8,0.2,10.0,500.0,40.0,0.93301,0.045157
0.8,0.2,10.0,500.0,40.0,0.9381,0.047814
0.8,0.2,10.0,500.0,40.0,0.94319,0.05047
0.8,0.2,10.0,500.0,40.0,0.22073,0.0053126
0.8,0.2,10.0,500.0,40.0,0.94827,0.053126
0.8,0.2,10.0,500.0,40.0,0.32237,0.0079689
0.8,0.2,10.0,500.0,40.0,0.41541,0.010625
0.8,0.2,10.0,500.0,40.0,0.49923,0.013282
0.8,0.2,10.0,500.0,40.0,0.57512,0.015938
0.8,0.2,10.0,500.0,40.0,0.64228,0.018594
0.8,0.2,10.0,500.0,40.0,0.70203,0.02125
0.8,0.2,10.0,500.0,40.0,0.75452,0.023907
0.8,0.2,10.0,700.0,40.0,0.12241,0.0020735
0.8,0.2,10.0,700.0,40.0,0.83453,0.020735
0.8,0.2,10.0,700.0,40.0,0.86603,0.022809
0.8,0.2,10.0,700.0,40.0,0.89223,0.024882
0.8,0.2,10.0,700.0,40.0,0.9065,0.026956
0.8,0.2,10.0,700.0,40.0,0.92078,0.029029
0.8,0.2,10.0,700.0,40.0,0.92831,0.031103
0.8,0.2,10.0,700.0,40.0,0.93457,0.033176
0.8,0.2,10.0,700.0,40.0,0.94082,0.03525
0.8,0.2,10.0,700.0,40.0,0.94578,0.037323
0.8,0.2,10.0,700.0,40.0,0.95068,0.039397
0.8,0.2,10.0,700.0,40.0,0.24019,0.004147
0.8,0.2,10.0,700.0,40.0,0.95559,0.04147
0.8,0.2,10.0,700.0,40.0,0.34899,0.0062206
0.8,0.2,10.0,700.0,40.0,0.44729,0.0082941
0.8,0.2,10.0,700.0,40.0,0.53572,0.010368
0.8,0.2,10.0,700.0,40.0,0.6133,0.012441
0.8,0.2,10.0,700.0,40.0,0.68213,0.014515
0.8,0.2,10.0,700.0,40.0,0.74246,0.016588
0.8,0.2,10.0,700.0,40.0,0.7935,0.018662
0.8,0.2,20.0,100.0,40.0,0.074483,0.0087979
0.8,0.2,20.0,100.0,40.0,0.60818,0.087979
0.8,0.2,20.0,100.0,40.0,0.6488,0.096777
0.8,0.2,20.0,100.0,40.0,0.68621,0.10557
0.8,0.2,20.0,100.0,40.0,0.72072,0.11437
0.8,0.2,20.0,100.0,40.0,0.75227,0.12317
0.8,0.2,20.0,100.0,40.0,0.77961,0.13197
0.8,0.2,20.0,100.0,40.0,0.80468,0.14077
0.8,0.2,20.0,100.0,40.0,0.82611,0.14956
0.8,0.2,20.0,100.0,40.0,0.84483,0.15836
0.8,0.2,20.0,100.0,40.0,0.86003,0.16716
0.8,0.2,20.0,100.0,40.0,0.14784,0.017596
0.8,0.2,20.0,100.0,40.0,0.87522,0.17596
0.8,0.2,20.0,100.0,40.0,0.21896,0.026394
0.8,0.2,20.0,100.0,40.0,0.28667,0.035192
0.8,0.2,20.0,100.0,40.0,0.35034,0.043989
0.8,0.2,20.0,100.0,40.0,0.40978,0.052787
0.8,0.2,20.0,100.0,40.0,0.46501,0.061585
0.8,0.2,20.0,100.0,40.0,0.51648,0.070383
0.8,0.2,20.0,100.0,40.0,0.56412,0.079181
0.8,0.2,20.0,1000.0,40.0,0.099294,0.0011746
0.8,0.2,20.0,1000.0,40.0,0.73294,0.011746
0.8,0.2,20.0,1000.0,40.0,0.77295,0.012921
0.8,0.2,20.0,1000.0,40.0,0.80576,0.014095
0.8,0.2,20.0,1000.0,40.0,0.83334,0.01527
0.8,0.2,20.0,1000.0,40.0,0.85757,0.016444
0.8,0.2,20.0,1000.0,40.0,0.87345,0.017619
0.8,0.2,20.0,1000.0,40.0,0.88791,0.018794
0.8,0.2,20.0,1000.0,40.0,0.8983,0.019968
0.8,0.2,20.0,1000.0,40.0,0.90311,0.021143
0.8,0.2,20.0,1000.0,40.0,0.90792,0.022317
0.8,0.2,20.0,1000.0,40.0,0.19592,0.0023492
0.8,0.2,20.0,1000.0,40.0,0.91273,0.023492
0.8,0.2,20.0,1000.0,40.0,0.28719,0.0035238
0.8,0.2,20.0,1000.0,40.0,0.371,0.0046984
0.8,0.2,20.0,1000.0,40.0,0.44777,0.005873
0.8,0.2,20.0,1000.0,40.0,0.5173,0.0070476
0.8,0.2,20.0,1000.0,40.0,0.58049,0.0082222
0.8,0.2,20.0,1000.0,40.0,0.63709,0.0093968
0.8,0.2,20.0,1000.0,40.0,0.68764,0.010571
0.8,0.2,20.0,200.0,40.0,0.078939,0.0046632
0.8,0.2,20.0,200.0,40.0,0.63372,0.046632
0.8,0.2,20.0,200.0,40.0,0.67452,0.051295
0.8,0.2,20.0,200.0,40.0,0.71183,0.055958
0.8,0.2,20.0,200.0,40.0,0.74565,0.060621
0.8,0.2,20.0,200.0,40.0,0.77638,0.065285
0.8,0.2,20.0,200.0,40.0,0.80298,0.069948
0.8,0.2,20.0,200.0,40.0,0.82575,0.074611
0.8,0.2,20.0,200.0,40.0,0.84619,0.079274
0.8,0.2,20.0,200.0,40.0,0.86206,0.083937
0.8,0.2,20.0,200.0,40.0,0.8754,0.0886
0.8,0.2,20.0,200.0,40.0,0.15651,0.0093264
0.8,0.2,20.0,200.0,40.0,0.88874,0.093264
0.8,0.2,20.0,200.0,40.0,0.23152,0.01399
0.8,0.2,20.0,200.0,40.0,0.30239,0.018653
0.8,0.2,20.0,200.0,40.0,0.36884,0.023316
0.8,0.2,20.0,200.0,40.0,0.43017,0.027979
0.8,0.2,20.0,200.0,40.0,0.48735,0.032642
0.8,0.2,20.0,200.0,40.0,0.54026,0.037305
0.8,0.2,20.0,200.0,40.0,0.58896,0.041969
0.8,0.2,20.0,300.0,40.0,0.082603,0.0032537
0.8,0.2,20.0,300.0,40.0,0.65333,0.032537
0.8,0.2,20.0,300.0,40.0,0.69455,0.035791
0.8,0.2,20.0,300.0,40.0,0.7318,0.039045
0.8,0.2,20.0,300.0,40.0,0.76472,0.042298
0.8,0.2,20.0,300.0,40.0,0.79402,0.045552
0.8,0.2,20.0,300.0,40.0,0.82032,0.048806
0.8,0.2,20.0,300.0,40.0,0.84077,0.05206
0.8,0.2,20.0,300.0,40.0,0.8603,0.055313
0.8,0.2,20.0,300.0,40.0,0.87354,0.058567
0.8,0.2,20.0,300.0,40.0,0.88533,0.061821
0.8,0.2,20.0,300.0,40.0,0.16363,0.0065074
0.8,0.2,20.0,300.0,40.0,0.89712,0.065074
0.8,0.2,20.0,300.0,40.0,0.24165,0.0097612
0.8,0.2,20.0,300.0,40.0,0.31516,0.013015
0.8,0.2,20.0,300.0,40.0,0.38347,0.016269
0.8,0.2,20.0,300.0,40.0,0.44664,0.019522
0.8,0.2,20.0,300.0,40.0,0.50531,0.022776
0.8,0.2,20.0,300.0,40.0,0.55907,0.02603
0.8,0.2,20.0,300.0,40.0,0.60819,0.029283
0.8,0.2,20.0,500.0,40.0,0.088641,0.0020957
0.8,0.2,20.0,500.0,40.0,0.6837,0.020957
0.8,0.2,20.0,500.0,40.0,0.72459,0.023052
0.8,0.2,20.0,500.0,40.0,0.76126,0.025148
0.8,0.2,20.0,500.0,40.0,0.79385,0.027244
0.8,0.2,20.0,500.0,40.0,0.82011,0.029339
0.8,0.2,20.0,500.0,40.0,0.8438,0.031435
0.8,0.2,20.0,500.0,40.0,0.86172,0.033531
0.8,0.2,20.0,500.0,40.0,0.87881,0.035626
0.8,0.2,20.0,500.0,40.0,0.88782,0.037722
0.8,0.2,20.0,500.0,40.0,0.89684,0.039818
0.8,0.2,20.0,500.0,40.0,0.17532,0.0041913
0.8,0.2,20.0,500.0,40.0,0.90585,0.041913
0.8,0.2,20.0,500.0,40.0,0.25823,0.006287
0.8,0.2,20.0,500.0,40.0,0.33584,0.0083827
0.8,0.2,20.0,500.0,40.0,0.40725,0.010478
0.8,0.2,20.0,500.0,40.0,0.47333,0.012574
0.8,0.2,20.0,500.0,40.0,0.53334,0.01467
0.8,0.2,20.0,500.0,40.0,0.58828,0.016765
0.8,0.2,20.0,500.0,40.0,0.63836,0.018861
0.8,0.2,20.0,700.0,40.0,0.093587,0.0015808
0.8,0.2,20.0,700.0,40.0,0.7074,0.015808
0.8,0.2,20.0,700.0,40.0,0.74769,0.017389
0.8,0.2,20.0,700.0,40.0,0.7828,0.01897
0.8,0.2,20.0,700.0,40.0,0.81355,0.020551
0.8,0.2,20.0,700.0,40.0,0.83878,0.022131
0.8,0.2,20.0,700.0,40.0,0.859,0.023712
0.8,0.2,20.0,700.0,40.0,0.87547,0.025293
0.8,0.2,20.0,700.0,40.0,0.88913,0.026874
0.8,0.2,20.0,700.0,40.0,0.89591,0.028455
0.8,0.2,20.0,700.0,40.0,0.90268,0.030035
0.8,0.2,20.0,700.0,40.0,0.18489,0.0031616
0.8,0.2,20.0,700.0,40.0,0.90946,0.031616
0.8,0.2,20.0,700.0,40.0,0.27171,0.0047424
0.8,0.2,20.0,700.0,40.0,0.35223,0.0063233
0.8,0.2,20.0,700.0,40.0,0.42643,0.0079041
0.8,0.2,20.0,700.0,40.0,0.4939,0.0094849
0.8,0.2,20.0,700.0,40.0,0.55547,0.011066
0.8,0.2,20.0,700.0,40.0,0.61145,0.012647
0.8,0.2,20.0,700.0,40.0,0.66201,0.014227
0.8,0.2,3.0,100.0,40.0,0.095554,0.011286
0.8,0.2,3.0,100.0,40.0,0.78599,0.11286
0.8,0.2,3.0,100.0,40.0,0.8358,0.12414
0.8,0.2,3.0,100.0,40.0,0.87863,0.13543
0.8,0.2,3.0,100.0,40.0,0.91523,0.14671
0.8,0.2,3.0,100.0,40.0,0.94189,0.158
0.8,0.2,3.0,100.0,40.0,0.96446,0.16929
0.8,0.2,3.0,100.0,40.0,0.9802,0.18057
0.8,0.2,3.0,100.0,40.0,0.99558,0.19186
0.8,0.2,3.0,100.0,40.0,1.0087,0.20314
0.8,0.2,3.0,100.0,40.0,1.0222,0.21443
0.8,0.2,3.0,100.0,40.0,0.18973,0.022571
0.8,0.2,3.0,100.0,40.0,1.0363,0.22571
0.8,0.2,3.0,100.0,40.0,0.2812,0.033857
0.8,0.2,3.0,100.0,40.0,0.3681,0.045143
0.8,0.2,3.0,100.0,40.0,0.45074,0.056429
0.8,0.2,3.0,100.0,40.0,0.52848,0.067714
0.8,0.2,3.0,100.0,40.0,0.6009,0.079
0.8,0.2,3.0,100.0,40.0,0.66808,0.090286
0.8,0.2,3.0,100.0,40.0,0.72987,0.10157
0.8,0.2,3.0,1000.0,40.0,0.16607,0.0019732
0.8,0.2,3.0,1000.0,40.0,0.99741,0.019732
0.8,0.2,3.0,1000.0,40.0,1.0206,0.021705
0.8,0.2,3.0,1000.0,40.0,1.0468,0.023678
0.8,0.2,3.0,1000.0,40.0,1.0746,0.025651
0.8,0.2,3.0,1000.0,40.0,1.1025,0.027624
0.8,0.2,3.0,1000.0,40.0,1.1298,0.029598
0.8,0.2,3.0,1000.0,40.0,1.1564,0.031571
0.8,0.2,3.0,1000.0,40.0,1.1817,0.033544
0.8,0.2,3.0,1000.0,40.0,1.2052,0.035517
0.8,0.2,3.0,1000.0,40.0,1.2266,0.03749
0.8,0.2,3.0,1000.0,40.0,0.32464,0.0039463
0.8,0.2,3.0,1000.0,40.0,1.2461,0.039463
0.8,0.2,3.0,1000.0,40.0,0.47017,0.0059195
0.8,0.2,3.0,1000.0,40.0,0.6018,0.0078927
0.8,0.2,3.0,1000.0,40.0,0.71528,0.0098659
0.8,0.2,3.0,1000.0,40.0,0.81172,0.011839
0.8,0.2,3.0,1000.0,40.0,0.89061,0.013812
0.8,0.2,3.0,1000.0,40.0,0.93386,0.015785
0.8,0.2,3.0,1000.0,40.0,0.97474,0.017759
0.8,0.2,3.0,200.0,40.0,0.11013,0.0065097
0.8,0.2,3.0,200.0,40.0,0.86251,0.065097
0.8,0.2,3.0,200.0,40.0,0.90824,0.071606
0.8,0.2,3.0,200.0,40.0,0.93889,0.078116
0.8,0.2,3.0,200.0,40.0,0.96735,0.084626
0.8,0.2,3.0,200.0,40.0,0.9846,0.091135
0.8,0.2,3.0,200.0,40.0,1.0017,0.097645
0.8,0.2,3.0,200.0,40.0,1.018,0.10415
0.8,0.2,3.0,200.0,40.0,1.0347,0.11066
0.8,0.2,3.0,200.0,40.0,1.0521,0.11717
0.8,0.2,3.0,200.0,40.0,1.0693,0.12368
0.8,0.2,3.0,200.0,40.0,0.21816,0.013019
0.8,0.2,3.0,200.0,40.0,1.0862,0.13019
0.8,0.2,3.0,200.0,40.0,0.322,0.019529
0.8,0.2,3.0,200.0,40.0,0.41969,0.026039
0.8,0.2,3.0,200.0,40.0,0.51159,0.032548
0.8,0.2,3.0,200.0,40.0,0.59681,0.039058
0.8,0.2,3.0,200.0,40.0,0.67442,0.045568
0.8,0.2,3.0,200.0,40.0,0.74492,0.052077
0.8,0.2,3.0,200.0,40.0,0.80784,0.058587
0.8,0.2,3.0,300.0,40.0,0.12104,0.0047733
0.8,0.2,3.0,300.0,40.0,0.90648,0.047733
0.8,0.2,3.0,300.0,40.0,0.94297,0.052507
0.8,0.2,3.0,300.0,40.0,0.96839,0.05728
0.8,0.2,3.0,300.0,40.0,0.99058,0.062053
0.8,0.2,3.0,300.0,40.0,1.0081,0.066827
0.8,0.2,3.0,300.0,40.0,1.0266,0.0716
0.8,0.2,3.0,300.0,40.0,1.0461,0.076373
0.8,0.2,3.0,300.0,40.0,1.0656,0.081147
0.8,0.2,3.0,300.0,40.0,1.0844,0.08592
0.8,0.2,3.0,300.0,40.0,1.1026,0.090693
0.8,0.2,3.0,300.0,40.0,0.23928,0.0095466
0.8,0.2,3.0,300.0,40.0,1.1208,0.095466
0.8,0.2,3.0,300.0,40.0,0.35197,0.01432
0.8,0.2,3.0,300.0,40.0,0.45719,0.019093
0.8,0.2,3.0,300.0,40.0,0.55495,0.023867
0.8,0.2,3.0,300.0,40.0,0.64473,0.02864
0.8,0.2,3.0,300.0,40.0,0.72549,0.033413
0.8,0.2,3.0,300.0,40.0,0.79715,0.038187
0.8,0.2,3.0,300.0,40.0,0.8589,0.04296
0.8,0.2,3.0,500.0,40.0,0.13797,0.0032692
0.8,0.2,3.0,500.0,40.0,0.95299,0.032692
0.8,0.2,3.0,500.0,40.0,0.9804,0.035961
0.8,0.2,3.0,500.0,40.0,1.001,0.039231
0.8,0.2,3.0,500.0,40.0,1.0222,0.0425
0.8,0.2,3.0,500.0,40.0,1.0444,0.045769
0.8,0.2,3.0,500.0,40.0,1.0676,0.049038
0.8,0.2,3.0,500.0,40.0,1.0904,0.052307
0.8,0.2,3.0,500.0,40.0,1.1119,0.055577
0.8,0.2,3.0,500.0,40.0,1.1319,0.058846
0.8,0.2,3.0,500.0,40.0,1.1509,0.062115
0.8,0.2,3.0,500.0,40.0,0.27168,0.0065384
0.8,0.2,3.0,500.0,40.0,1.17,0.065384
0.8,0.2,3.0,500.0,40.0,0.39751,0.0098076
0.8,0.2,3.0,500.0,40.0,0.5135,0.013077
0.8,0.2,3.0,500.0,40.0,0.61878,0.016346
0.8,0.2,3.0,500.0,40.0,0.7131,0.019615
0.8,0.2,3.0,500.0,40.0,0.79546,0.022884
0.8,0.2,3.0,500.0,40.0,0.86354,0.026154
0.8,0.2,3.0,500.0,40.0,0.91565,0.029423
0.8,0.2,3.0,700.0,40.0,0.15142,0.002566
0.8,0.2,3.0,700.0,40.0,0.97897,0.025659
0.8,0.2,3.0,700.0,40.0,1.0007,0.028225
0.8,0.2,3.0,700.0,40.0,1.0234,0.030791
0.8,0.2,3.0,700.0,40.0,1.0478,0.033357
0.8,0.2,3.0,700.0,40.0,1.0735,0.035923
0.8,0.2,3.0,700.0,40.0,1.0989,0.038489
0.8,0.2,3.0,700.0,40.0,1.1234,0.041055
0.8,0.2,3.0,700.0,40.0,1.1465,0.043621
0.8,0.2,3.0,700.0,40.0,1.1677,0.046187
0.8,0.2,3.0,700.0,40.0,1.1874,0.048753
0.8,0.2,3.0,700.0,40.0,0.29716,0.0051319
0.8,0.2,3.0,700.0,40.0,1.2062,0.051319
0.8,0.2,3.0,700.0,40.0,0.43275,0.0076979
0.8,0.2,3.0,700.0,40.0,0.55654,0.010264
0.8,0.2,3.0,700.0,40.0,0.6664,0.01283
0.8,0.2,3.0,700.0,40.0,0.7626,0.015396
0.8,0.2,3.0,700.0,40.0,0.84296,0.017962
0.8,0.2,3.0,700.0,40.0,0.90615,0.020528
0.8,0.2,3.0,700.0,40.0,0.94611,0.023094
0.8,0.2,4.0,100.0,40.0,0.094758,0.011193
0.8,0.2,4.0,100.0,40.0,0.7612,0.11193
0.8,0.2,4.0,100.0,40.0,0.80824,0.12312
0.8,0.2,4.0,100.0,40.0,0.84945,0.13432
0.8,0.2,4.0,100.0,40.0,0.88484,0.14551
0.8,0.2,4.0,100.0,40.0,0.91115,0.1567
0.8,0.2,4.0,100.0,40.0,0.93562,0.1679
0.8,0.2,4.0,100.0,40.0,0.94917,0.17909
0.8,0.2,4.0,100.0,40.0,0.96272,0.19028
0.8,0.2,4.0,100.0,40.0,0.97395,0.20148
0.8,0.2,4.0,100.0,40.0,0.98353,0.21267
0.8,0.2,4.0,100.0,40.0,0.18786,0.022386
0.8,0.2,4.0,100.0,40.0,0.9931,0.22386
0.8,0.2,4.0,100.0,40.0,0.27774,0.033579
0.8,0.2,4.0,100.0,40.0,0.36291,0.044773
0.8,0.2,4.0,100.0,40.0,0.4427,0.055966
0.8,0.2,4.0,100.0,40.0,0.51762,0.067159
0.8,0.2,4.0,100.0,40.0,0.58691,0.078352
0.8,0.2,4.0,100.0,40.0,0.65032,0.089545
0.8,0.2,4.0,100.0,40.0,0.70847,0.10074
0.8,0.2,4.0,1000.0,40.0,0.15256,0.0018105
0.8,0.2,4.0,1000.0,40.0,0.95112,0.018105
0.8,0.2,4.0,1000.0,40.0,0.96822,0.019916
0.8,0.2,4.0,1000.0,40.0,0.98532,0.021726
0.8,0.2,4.0,1000.0,40.0,0.99837,0.023537
0.8,0.2,4.0,1000.0,40.0,1.0114,0.025347
0.8,0.2,4.0,1000.0,40.0,1.0257,0.027158
0.8,0.2,4.0,1000.0,40.0,1.0412,0.028968
0.8,0.2,4.0,1000.0,40.0,1.0572,0.030779
0.8,0.2,4.0,1000.0,40.0,1.0733,0.032589
0.8,0.2,4.0,1000.0,40.0,1.0891,0.0344
0.8,0.2,4.0,1000.0,40.0,0.29801,0.003621
0.8,0.2,4.0,1000.0,40.0,1.1043,0.03621
0.8,0.2,4.0,1000.0,40.0,0.43131,0.0054316
0.8,0.2,4.0,1000.0,40.0,0.55167,0.0072421
0.8,0.2,4.0,1000.0,40.0,0.65678,0.0090526
0.8,0.2,4.0,1000.0,40.0,0.74725,0.010863
0.8,0.2,4.0,1000.0,40.0,0.82263,0.012674
0.8,0.2,4.0,1000.0,40.0,0.88252,0.014484
0.8,0.2,4.0,1000.0,40.0,0.92148,0.016295
0.8,0.2,4.0,200.0,40.0,0.11222,0.0066344
0.8,0.2,4.0,200.0,40.0,0.8457,0.066344
0.8,0.2,4.0,200.0,40.0,0.88685,0.072979
0.8,0.2,4.0,200.0,40.0,0.92118,0.079613
0.8,0.2,4.0,200.0,40.0,0.94116,0.086248
0.8,0.2,4.0,200.0,40.0,0.95986,0.092882
0.8,0.2,4.0,200.0,40.0,0.97344,0.099516
0.8,0.2,4.0,200.0,40.0,0.98538,0.10615
0.8,0.2,4.0,200.0,40.0,0.99657,0.11279
0.8,0.2,4.0,200.0,40.0,1.0065,0.11942
0.8,0.2,4.0,200.0,40.0,1.0167,0.12605
0.8,0.2,4.0,200.0,40.0,0.22174,0.013269
0.8,0.2,4.0,200.0,40.0,1.0271,0.13269
0.8,0.2,4.0,200.0,40.0,0.32581,0.019903
0.8,0.2,4.0,200.0,40.0,0.42298,0.026538
0.8,0.2,4.0,200.0,40.0,0.51297,0.033172
0.8,0.2,4.0,200.0,40.0,0.5953,0.039807
0.8,0.2,4.0,200.0,40.0,0.66955,0.046441
0.8,0.2,4.0,200.0,40.0,0.73643,0.053075
0.8,0.2,4.0,200.0,40.0,0.79546,0.05971
0.8,0.2,4.0,300.0,40.0,0.12136,0.0047858
0.8,0.2,4.0,300.0,40.0,0.88122,0.047858
0.8,0.2,4.0,300.0,40.0,0.9173,0.052644
0.8,0.2,4.0,300.0,40.0,0.94152,0.05743
0.8,0.2,4.0,300.0,40.0,0.96007,0.062216
0.8,0.2,4.0,300.0,40.0,0.9757,0.067001
0.8,0.2,4.0,300.0,40.0,0.98802,0.071787
0.8,0.2,4.0,300.0,40.0,1.0001,0.076573
0.8,0.2,4.0,300.0,40.0,1.011,0.081359
0.8,0.2,4.0,300.0,40.0,1.0222,0.086145
0.8,0.2,4.0,300.0,40.0,1.034,0.09093
0.8,0.2,4.0,300.0,40.0,0.23927,0.0095716
0.8,0.2,4.0,300.0,40.0,1.0458,0.095716
0.8,0.2,4.0,300.0,40.0,0.35038,0.014357
0.8,0.2,4.0,300.0,40.0,0.45341,0.019143
0.8,0.2,4.0,300.0,40.0,0.54779,0.023929
0.8,0.2,4.0,300.0,40.0,0.63339,0.028715
0.8,0.2,4.0,300.0,40.0,0.7093,0.033501
0.8,0.2,4.0,300.0,40.0,0.77637,0.038286
0.8,0.2,4.0,300.0,40.0,0.83379,0.043072
0.8,0.2,4.0,500.0,40.0,0.13384,0.00317
0.8,0.2,4.0,500.0,40.0,0.91527,0.0317
0.8,0.2,4.0,500.0,40.0,0.9464,0.03487
0.8,0.2,4.0,500.0,40.0,0.96357,0.03804
0.8,0.2,4.0,500.0,40.0,0.97911,0.04121
0.8,0.2,4.0,500.0,40.0,0.99282,0.04438
0.8,0.2,4.0,500.0,40.0,1.005,0.04755
0.8,0.2,4.0,500.0,40.0,1.0175,0.05072
0.8,0.2,4.0,500.0,40.0,1.0305,0.05389
0.8,0.2,4.0,500.0,40.0,1.0443,0.05706
0.8,0.2,4.0,500.0,40.0,1.058,0.06023
0.8,0.2,4.0,500.0,40.0,0.26306,0.00634
0.8,0.2,4.0,500.0,40.0,1.0709,0.0634
0.8,0.2,4.0,500.0,40.0,0.38329,0.0095101
0.8,0.2,4.0,500.0,40.0,0.49388,0.01268
0.8,0.2,4.0,500.0,40.0,0.59314,0.01585
0.8,0.2,4.0,500.0,40.0,0.68207,0.01902
0.8,0.2,4.0,500.0,40.0,0.76014,0.02219
0.8,0.2,4.0,500.0,40.0,0.82645,0.02536
0.8,0.2,4.0,500.0,40.0,0.87832,0.02853
0.8,0.2,4.0,700.0,40.0,0.14254,0.0024136
0.8,0.2,4.0,700.0,40.0,0.93566,0.024136
0.8,0.2,4.0,700.0,40.0,0.95782,0.026549
0.8,0.2,4.0,700.0,40.0,0.97426,0.028963
0.8,0.2,4.0,700.0,40.0,0.98954,0.031376
0.8,0.2,4.0,700.0,40.0,1.0022,0.03379
0.8,0.2,4.0,700.0,40.0,1.0153,0.036203
0.8,0.2,4.0,700.0,40.0,1.029,0.038617
0.8,0.2,4.0,700.0,40.0,1.0439,0.04103
0.8,0.2,4.0,700.0,40.0,1.0589,0.043444
0.8,0.2,4.0,700.0,40.0,1.0736,0.045857
0.8,0.2,4.0,700.0,40.0,0.2794,0.0048271
0.8,0.2,4.0,700.0,40.0,1.0877,0.048271
0.8,0.2,4.0,700.0,40.0,0.40582,0.0072407
0.8,0.2,4.0,700.0,40.0,0.5215,0.0096542
0.8,0.2,4.0,700.0,40.0,0.62331,0.012068
0.8,0.2,4.0,700.0,40.0,0.71327,0.014481
0.8,0.2,4.0,700.0,40.0,0.79063,0.016895
0.8,0.2,4.0,700.0,40.0,0.85329,0.019308
0.8,0.2,4.0,700.0,40.0,0.90052,0.021722
0.8,0.2,6.0,100.0,40.0,0.085636,0.010116
0.8,0.2,6.0,100.0,40.0,0.69335,0.10116
0.8,0.2,6.0,100.0,40.0,0.73824,0.11128
0.8,0.2,6.0,100.0,40.0,0.7791,0.12139
0.8,0.2,6.0,100.0,40.0,0.81444,0.13151
0.8,0.2,6.0,100.0,40.0,0.84524,0.14163
0.8,0.2,6.0,100.0,40.0,0.87333,0.15174
0.8,0.2,6.0,100.0,40.0,0.89307,0.16186
0.8,0.2,6.0,100.0,40.0,0.91282,0.17197
0.8,0.2,6.0,100.0,40.0,0.92395,0.18209
0.8,0.2,6.0,100.0,40.0,0.93423,0.19221
0.8,0.2,6.0,100.0,40.0,0.16986,0.020232
0.8,0.2,6.0,100.0,40.0,0.94451,0.20232
0.8,0.2,6.0,100.0,40.0,0.25137,0.030348
0.8,0.2,6.0,100.0,40.0,0.32856,0.040464
0.8,0.2,6.0,100.0,40.0,0.40116,0.05058
0.8,0.2,6.0,100.0,40.0,0.46886,0.060697
0.8,0.2,6.0,100.0,40.0,0.53217,0.070813
0.8,0.2,6.0,100.0,40.0,0.59067,0.080929
0.8,0.2,6.0,100.0,40.0,0.6442,0.091045
0.8,0.2,6.0,1000.0,40.0,0.15757,0.0018749
0.8,0.2,6.0,1000.0,40.0,0.928,0.018749
0.8,0.2,6.0,1000.0,40.0,0.94573,0.020624
0.8,0.2,6.0,1000.0,40.0,0.95705,0.022499
0.8,0.2,6.0,1000.0,40.0,0.96814,0.024373
0.8,0.2,6.0,1000.0,40.0,0.97703,0.026248
0.8,0.2,6.0,1000.0,40.0,0.98592,0.028123
0.8,0.2,6.0,1000.0,40.0,0.99373,0.029998
0.8,0.2,6.0,1000.0,40.0,1.0012,0.031873
0.8,0.2,6.0,1000.0,40.0,1.0085,0.033748
0.8,0.2,6.0,1000.0,40.0,1.0157,0.035623
0.8,0.2,6.0,1000.0,40.0,0.30636,0.0037498
0.8,0.2,6.0,1000.0,40.0,1.0234,0.037498
0.8,0.2,6.0,1000.0,40.0,0.43994,0.0056246
0.8,0.2,6.0,1000.0,40.0,0.55729,0.0074995
0.8,0.2,6.0,1000.0,40.0,0.65882,0.0093744
0.8,0.2,6.0,1000.0,40.0,0.74418,0.011249
0.8,0.2,6.0,1000.0,40.0,0.81435,0.013124
0.8,0.2,6.0,1000.0,40.0,0.86725,0.014999
0.8,0.2,6.0,1000.0,40.0,0.90489,0.016874
0.8,0.2,6.0,200.0,40.0,0.1049,0.0062014
0.8,0.2,6.0,200.0,40.0,0.79028,0.062014
0.8,0.2,6.0,200.0,40.0,0.83298,0.068215
0.8,0.2,6.0,200.0,40.0,0.86656,0.074417
0.8,0.2,6.0,200.0,40.0,0.89379,0.080618
0.8,0.2,6.0,200.0,40.0,0.91566,0.08682
0.8,0.2,6.0,200.0,40.0,0.93095,0.093021
0.8,0.2,6.0,200.0,40.0,0.94141,0.099222
0.8,0.2,6.0,200.0,40.0,0.95187,0.10542
0.8,0.2,6.0,200.0,40.0,0.95941,0.11163
0.8,0.2,6.0,200.0,40.0,0.9666,0.11783
0.8,0.2,6.0,200.0,40.0,0.20726,0.012403
0.8,0.2,6.0,200.0,40.0,0.9738,0.12403
0.8,0.2,6.0,200.0,40.0,0.30436,0.018604
0.8,0.2,6.0,200.0,40.0,0.39451,0.024806
0.8,0.2,6.0,200.0,40.0,0.478,0.031007
0.8,0.2,6.0,200.0,40.0,0.554,0.037208
0.8,0.2,6.0,200.0,40.0,0.62336,0.04341
0.8,0.2,6.0,200.0,40.0,0.6857,0.049611
0.8,0.2,6.0,200.0,40.0,0.74112,0.055813
0.8,0.2,6.0,300.0,40.0,0.11884,0.0046909
0.8,0.2,6.0,300.0,40.0,0.84474,0.046909
0.8,0.2,6.0,300.0,40.0,0.88105,0.0516
0.8,0.2,6.0,300.0,40.0,0.90865,0.056291
0.8,0.2,6.0,300.0,40.0,0.92692,0.060981
0.8,0.2,6.0,300.0,40.0,0.94019,0.065672
0.8,0.2,6.0,300.0,40.0,0.95221,0.070363
0.8,0.2,6.0,300.0,40.0,0.96065,0.075054
0.8,0.2,6.0,300.0,40.0,0.96909,0.079745
0.8,0.2,6.0,300.0,40.0,0.9765,0.084436
0.8,0.2,6.0,300.0,40.0,0.98322,0.089127
0.8,0.2,6.0,300.0,40.0,0.23396,0.0093818
0.8,0.2,6.0,300.0,40.0,0.98994,0.093818
0.8,0.2,6.0,300.0,40.0,0.34171,0.014073
0.8,0.2,6.0,300.0,40.0,0.44066,0.018764
0.8,0.2,6.0,300.0,40.0,0.53007,0.023454
0.8,0.2,6.0,300.0,40.0,0.6109,0.028145
0.8,0.2,6.0,300.0,40.0,0.68215,0.032836
0.8,0.2,6.0,300.0,40.0,0.7453,0.037527
0.8,0.2,6.0,300.0,40.0,0.79974,0.042218
0.8,0.2,6.0,500.0,40.0,0.1367,0.0032445
0.8,0.2,6.0,500.0,40.0,0.89502,0.032445
0.8,0.2,6.0,500.0,40.0,0.92368,0.035689
0.8,0.2,6.0,500.0,40.0,0.93749,0.038934
0.8,0.2,6.0,500.0,40.0,0.9513,0.042178
0.8,0.2,6.0,500.0,40.0,0.96134,0.045422
0.8,0.2,6.0,500.0,40.0,0.97059,0.048667
0.8,0.2,6.0,500.0,40.0,0.97919,0.051911
0.8,0.2,6.0,500.0,40.0,0.98663,0.055156
0.8,0.2,6.0,500.0,40.0,0.99404,0.0584
0.8,0.2,6.0,500.0,40.0,1.0005,0.061645
0.8,0.2,6.0,500.0,40.0,0.26771,0.0064889
0.8,0.2,6.0,500.0,40.0,1.007,0.064889
0.8,0.2,6.0,500.0,40.0,0.38794,0.0097334
0.8,0.2,6.0,500.0,40.0,0.49622,0.012978
0.8,0.2,6.0,500.0,40.0,0.59282,0.016222
0.8,0.2,6.0,500.0,40.0,0.67659,0.019467
0.8,0.2,6.0,500.0,40.0,0.74979,0.022711
0.8,0.2,6.0,500.0,40.0,0.81142,0.025956
0.8,0.2,6.0,500.0,40.0,0.85988,0.0292
0.8,0.2,6.0,700.0,40.0,0.14742,0.0025025
0.8,0.2,6.0,700.0,40.0,0.91627,0.025025
0.8,0.2,6.0,700.0,40.0,0.93435,0.027527
0.8,0.2,6.0,700.0,40.0,0.95015,0.03003
0.8,0.2,6.0,700.0,40.0,0.96052,0.032532
0.8,0.2,6.0,700.0,40.0,0.97089,0.035035
0.8,0.2,6.0,700.0,40.0,0.97935,0.037537
0.8,0.2,6.0,700.0,40.0,0.9876,0.04004
0.8,0.2,6.0,700.0,40.0,0.99514,0.042542
0.8,0.2,6.0,700.0,40.0,1.0022,0.045044
0.8,0.2,6.0,700.0,40.0,1.0091,0.047547
0.8,0.2,6.0,700.0,40.0,0.28767,0.0050049
0.8,0.2,6.0,700.0,40.0,1.0159,0.050049
0.8,0.2,6.0,700.0,40.0,0.41499,0.0075074
0.8,0.2,6.0,700.0,40.0,0.52823,0.01001
0.8,0.2,6.0,700.0,40.0,0.62754,0.012512
0.8,0.2,6.0,700.0,40.0,0.71269,0.015015
0.8,0.2,6.0,700.0,40.0,0.78526,0.017517
0.8,0.2,6.0,700.0,40.0,0.84338,0.02002
0.8,0.2,6.0,700.0,40.0,0.88558,0.022522
0.8,0.4,10.0,100.0,20.0,0.070434,0.0047451
0.8,0.4,10.0,100.0,20.0,0.62873,0.047451
0.8,0.4,10.0,100.0,20.0,0.6735,0.052197
0.8,0.4,10.0,100.0,20.0,0.7141,0.056942
0.8,0.4,10.0,100.0,20.0,0.75085,0.061687
0.8,0.4,10.0,100.0,20.0,0.78431,0.066432
0.8,0.4,10.0,100.0,20.0,0.81241,0.071177
0.8,0.4,10.0,100.0,20.0,0.83747,0.075922
0.8,0.4,10.0,100.0,20.0,0.85907,0.080667
0.8,0.4,10.0,100.0,20.0,0.87651,0.085413
0.8,0.4,10.0,100.0,20.0,0.8906,0.090158
0.8,0.4,10.0,100.0,20.0,0.14059,0.0094903
0.8,0.4,10.0,100.0,20.0,0.90469,0.094903
0.8,0.4,10.0,100.0,20.0,0.20995,0.014235
0.8,0.4,10.0,100.0,20.0,0.27824,0.018981
0.8,0.4,10.0,100.0,20.0,0.34461,0.023726
0.8,0.4,10.0,100.0,20.0,0.40861,0.028471
0.8,0.4,10.0,100.0,20.0,0.46953,0.033216
0.8,0.4,10.0,100.0,20.0,0.52654,0.037961
0.8,0.4,10.0,100.0,20.0,0.57969,0.042706
0.8,0.4,10.0,1000.0,20.0,0.11959,0.00080679
0.8,0.4,10.0,1000.0,20.0,0.85892,0.0080679
0.8,0.4,10.0,1000.0,20.0,0.88483,0.0088747
0.8,0.4,10.0,1000.0,20.0,0.90764,0.0096814
0.8,0.4,10.0,1000.0,20.0,0.91686,0.010488
0.8,0.4,10.0,1000.0,20.0,0.92563,0.011295
0.8,0.4,10.0,1000.0,20.0,0.93314,0.012102
0.8,0.4,10.0,1000.0,20.0,0.93897,0.012909
0.8,0.4,10.0,1000.0,20.0,0.9448,0.013715
0.8,0.4,10.0,1000.0,20.0,0.94992,0.014522
0.8,0.4,10.0,1000.0,20.0,0.95478,0.015329
0.8,0.4,10.0,1000.0,20.0,0.23742,0.0016136
0.8,0.4,10.0,1000.0,20.0,0.95963,0.016136
0.8,0.4,10.0,1000.0,20.0,0.35115,0.0024204
0.8,0.4,10.0,1000.0,20.0,0.45752,0.0032271
0.8,0.4,10.0,1000.0,20.0,0.55405,0.0040339
0.8,0.4,10.0,1000.0,20.0,0.63809,0.0048407
0.8,0.4,10.0,1000.0,20.0,0.71107,0.0056475
0.8,0.4,10.0,1000.0,20.0,0.77127,0.0064543
0.8,0.4,10.0,1000.0,20.0,0.82089,0.0072611
0.8,0.4,10.0,200.0,20.0,0.080332,0.0027065
0.8,0.4,10.0,200.0,20.0,0.69088,0.027065
0.8,0.4,10.0,200.0,20.0,0.73514,0.029771
0.8,0.4,10.0,200.0,20.0,0.77456,0.032478
0.8,0.4,10.0,200.0,20.0,0.80876,0.035184
0.8,0.4,10.0,200.0,20.0,0.83695,0.037891
0.8,0.4,10.0,200.0,20.0,0.86219,0.040597
0.8,0.4,10.0,200.0,20.0,0.88039,0.043303
0.8,0.4,10.0,200.0,20.0,0.89832,0.04601
0.8,0.4,10.0,200.0,20.0,0.90701,0.048716
0.8,0.4,10.0,200.0,20.0,0.91569,0.051423
0.8,0.4,10.0,200.0,20.0,0.16018,0.0054129
0.8,0.4,10.0,200.0,20.0,0.92438,0.054129
0.8,0.4,10.0,200.0,20.0,0.239,0.0081194
0.8,0.4,10.0,200.0,20.0,0.31583,0.010826
0.8,0.4,10.0,200.0,20.0,0.39016,0.013532
0.8,0.4,10.0,200.0,20.0,0.4602,0.016239
0.8,0.4,10.0,200.0,20.0,0.5261,0.018945
0.8,0.4,10.0,200.0,20.0,0.58652,0.021652
0.8,0.4,10.0,200.0,20.0,0.64135,0.024358
0.8,0.4,10.0,300.0,20.0,0.088281,0.0019831
0.8,0.4,10.0,300.0,20.0,0.73524,0.019831
0.8,0.4,10.0,300.0,20.0,0.77775,0.021814
0.8,0.4,10.0,300.0,20.0,0.81401,0.023797
0.8,0.4,10.0,300.0,20.0,0.84499,0.025781
0.8,0.4,10.0,300.0,20.0,0.86989,0.027764
0.8,0.4,10.0,300.0,20.0,0.88866,0.029747
0.8,0.4,10.0,300.0,20.0,0.90312,0.03173
0.8,0.4,10.0,300.0,20.0,0.91618,0.033713
0.8,0.4,10.0,300.0,20.0,0.92212,0.035696
0.8,0.4,10.0,300.0,20.0,0.92806,0.037679
0.8,0.4,10.0,300.0,20.0,0.17589,0.0039662
0.8,0.4,10.0,300.0,20.0,0.93399,0.039662
0.8,0.4,10.0,300.0,20.0,0.26205,0.0059494
0.8,0.4,10.0,300.0,20.0,0.3458,0.0079325
0.8,0.4,10.0,300.0,20.0,0.42532,0.0099156
0.8,0.4,10.0,300.0,20.0,0.50013,0.011899
0.8,0.4,10.0,300.0,20.0,0.5684,0.013882
0.8,0.4,10.0,300.0,20.0,0.63055,0.015865
0.8,0.4,10.0,300.0,20.0,0.68619,0.017848
0.8,0.4,10.0,500.0,20.0,0.10028,0.0013519
0.8,0.4,10.0,500.0,20.0,0.79121,0.013519
0.8,0.4,10.0,500.0,20.0,0.83014,0.014871
0.8,0.4,10.0,500.0,20.0,0.86186,0.016223
0.8,0.4,10.0,500.0,20.0,0.88374,0.017575
0.8,0.4,10.0,500.0,20.0,0.9035,0.018927
0.8,0.4,10.0,500.0,20.0,0.91388,0.020279
0.8,0.4,10.0,500.0,20.0,0.92203,0.021631
0.8,0.4,10.0,500.0,20.0,0.93013,0.022983
0.8,0.4,10.0,500.0,20.0,0.93532,0.024335
0.8,0.4,10.0,500.0,20.0,0.9405,0.025687
0.8,0.4,10.0,500.0,20.0,0.19958,0.0027039
0.8,0.4,10.0,500.0,20.0,0.94568,0.027039
0.8,0.4,10.0,500.0,20.0,0.29656,0.0040558
0.8,0.4,10.0,500.0,20.0,0.38962,0.0054078
0.8,0.4,10.0,500.0,20.0,0.47681,0.0067597
0.8,0.4,10.0,500.0,20.0,0.55645,0.0081117
0.8,0.4,10.0,500.0,20.0,0.62791,0.0094636
0.8,0.4,10.0,500.0,20.0,0.6904,0.010816
0.8,0.4,10.0,500.0,20.0,0.74479,0.012168
0.8,0.4,10.0,700.0,20.0,0.10919,0.0010517
0.8,0.4,10.0,700.0,20.0,0.82584,0.010517
0.8,0.4,10.0,700.0,20.0,0.85942,0.011569
0.8,0.4,10.0,700.0,20.0,0.88785,0.012621
0.8,0.4,10.0,700.0,20.0,0.9021,0.013672
0.8,0.4,10.0,700.0,20.0,0.91619,0.014724
0.8,0.4,10.0,700.0,20.0,0.92499,0.015776
0.8,0.4,10.0,700.0,20.0,0.93132,0.016828
0.8,0.4,10.0,700.0,20.0,0.93764,0.017879
0.8,0.4,10.0,700.0,20.0,0.9428,0.018931
0.8,0.4,10.0,700.0,20.0,0.94779,0.019983
0.8,0.4,10.0,700.0,20.0,0.21709,0.0021035
0.8,0.4,10.0,700.0,20.0,0.95279,0.021035
0.8,0.4,10.0,700.0,20.0,0.32201,0.0031552
0.8,0.4,10.0,700.0,20.0,0.42156,0.0042069
0.8,0.4,10.0,700.0,20.0,0.51317,0.0052586
0.8,0.4,10.0,700.0,20.0,0.59564,0.0063104
0.8,0.4,10.0,700.0,20.0,0.66773,0.0073621
0.8,0.4,10.0,700.0,20.0,0.73024,0.0084138
0.8,0.4,10.0,700.0,20.0,0.78296,0.0094655
0.8,0.4,20.0,100.0,20.0,0.066461,0.0044774
0.8,0.4,20.0,100.0,20.0,0.59676,0.044774
0.8,0.4,20.0,100.0,20.0,0.6401,0.049251
0.8,0.4,20.0,100.0,20.0,0.67969,0.053728
0.8,0.4,20.0,100.0,20.0,0.71581,0.058206
0.8,0.4,20.0,100.0,20.0,0.74798,0.062683
0.8,0.4,20.0,100.0,20.0,0.77646,0.067161
0.8,0.4,20.0,100.0,20.0,0.80254,0.071638
0.8,0.4,20.0,100.0,20.0,0.82439,0.076115
0.8,0.4,20.0,100.0,20.0,0.84377,0.080593
0.8,0.4,20.0,100.0,20.0,0.85923,0.08507
0.8,0.4,20.0,100.0,20.0,0.13267,0.0089547
0.8,0.4,20.0,100.0,20.0,0.8747,0.089547
0.8,0.4,20.0,100.0,20.0,0.19815,0.013432
0.8,0.4,20.0,100.0,20.0,0.26264,0.017909
0.8,0.4,20.0,100.0,20.0,0.3255,0.022387
0.8,0.4,20.0,100.0,20.0,0.38622,0.026864
0.8,0.4,20.0,100.0,20.0,0.44426,0.031342
0.8,0.4,20.0,100.0,20.0,0.49879,0.035819
0.8,0.4,20.0,100.0,20.0,0.54967,0.040296
0.8,0.4,20.0,1000.0,20.0,0.12257,0.00082708
0.8,0.4,20.0,1000.0,20.0,0.85247,0.0082708
0.8,0.4,20.0,1000.0,20.0,0.87828,0.0090978
0.8,0.4,20.0,1000.0,20.0,0.89381,0.0099249
0.8,0.4,20.0,1000.0,20.0,0.90387,0.010752
0.8,0.4,20.0,1000.0,20.0,0.90936,0.011579
0.8,0.4,20.0,1000.0,20.0,0.91371,0.012406
0.8,0.4,20.0,1000.0,20.0,0.91758,0.013233
0.8,0.4,20.0,1000.0,20.0,0.92096,0.01406
0.8,0.4,20.0,1000.0,20.0,0.92424,0.014887
0.8,0.4,20.0,1000.0,20.0,0.92715,0.015714
0.8,0.4,20.0,1000.0,20.0,0.2431,0.0016542
0.8,0.4,20.0,1000.0,20.0,0.93003,0.016542
0.8,0.4,20.0,1000.0,20.0,0.35896,0.0024812
0.8,0.4,20.0,1000.0,20.0,0.46604,0.0033083
0.8,0.4,20.0,1000.0,20.0,0.56136,0.0041354
0.8,0.4,20.0,1000.0,20.0,0.64419,0.0049625
0.8,0.4,20.0,1000.0,20.0,0.71373,0.0057895
0.8,0.4,20.0,1000.0,20.0,0.77085,0.0066166
0.8,0.4,20.0,1000.0,20.0,0.81762,0.0074437
0.8,0.4,20.0,200.0,20.0,0.07044,0.0023729
0.8,0.4,20.0,200.0,20.0,0.62345,0.023729
0.8,0.4,20.0,200.0,20.0,0.66682,0.026102
0.8,0.4,20.0,200.0,20.0,0.7059,0.028475
0.8,0.4,20.0,200.0,20.0,0.74108,0.030847
0.8,0.4,20.0,200.0,20.0,0.77299,0.03322
0.8,0.4,20.0,200.0,20.0,0.80009,0.035593
0.8,0.4,20.0,200.0,20.0,0.82376,0.037966
0.8,0.4,20.0,200.0,20.0,0.84453,0.040339
0.8,0.4,20.0,200.0,20.0,0.86093,0.042712
0.8,0.4,20.0,200.0,20.0,0.87442,0.045085
0.8,0.4,20.0,200.0,20.0,0.14056,0.0047458
0.8,0.4,20.0,200.0,20.0,0.8879,0.047458
0.8,0.4,20.0,200.0,20.0,0.20984,0.0071186
0.8,0.4,20.0,200.0,20.0,0.27791,0.0094915
0.8,0.4,20.0,200.0,20.0,0.34399,0.011864
0.8,0.4,20.0,200.0,20.0,0.40752,0.014237
0.8,0.4,20.0,200.0,20.0,0.46754,0.01661
0.8,0.4,20.0,200.0,20.0,0.52365,0.018983
0.8,0.4,20.0,200.0,20.0,0.57568,0.021356
0.8,0.4,20.0,300.0,20.0,0.073666,0.0016545
0.8,0.4,20.0,300.0,20.0,0.6443,0.016545
0.8,0.4,20.0,300.0,20.0,0.68745,0.018199
0.8,0.4,20.0,300.0,20.0,0.72604,0.019854
0.8,0.4,20.0,300.0,20.0,0.76024,0.021508
0.8,0.4,20.0,300.0,20.0,0.79071,0.023163
0.8,0.4,20.0,300.0,20.0,0.81749,0.024817
0.8,0.4,20.0,300.0,20.0,0.8388,0.026472
0.8,0.4,20.0,300.0,20.0,0.8586,0.028126
0.8,0.4,20.0,300.0,20.0,0.87234,0.029781
0.8,0.4,20.0,300.0,20.0,0.88424,0.031435
0.8,0.4,20.0,300.0,20.0,0.14695,0.0033089
0.8,0.4,20.0,300.0,20.0,0.89613,0.033089
0.8,0.4,20.0,300.0,20.0,0.2193,0.0049634
0.8,0.4,20.0,300.0,20.0,0.29014,0.0066179
0.8,0.4,20.0,300.0,20.0,0.35887,0.0082724
0.8,0.4,20.0,300.0,20.0,0.42437,0.0099268
0.8,0.4,20.0,300.0,20.0,0.48597,0.011581
0.8,0.4,20.0,300.0,20.0,0.54336,0.013236
0.8,0.4,20.0,300.0,20.0,0.59621,0.01489
0.8,0.4,20.0,500.0,20.0,0.079056,0.0010654
0.8,0.4,20.0,500.0,20.0,0.67594,0.010654
0.8,0.4,20.0,500.0,20.0,0.71868,0.01172
0.8,0.4,20.0,500.0,20.0,0.75668,0.012785
0.8,0.4,20.0,500.0,20.0,0.78979,0.013851
0.8,0.4,20.0,500.0,20.0,0.81715,0.014916
0.8,0.4,20.0,500.0,20.0,0.84178,0.015982
0.8,0.4,20.0,500.0,20.0,0.85985,0.017047
0.8,0.4,20.0,500.0,20.0,0.87755,0.018112
0.8,0.4,20.0,500.0,20.0,0.88662,0.019178
0.8,0.4,20.0,500.0,20.0,0.8957,0.020243
0.8,0.4,20.0,500.0,20.0,0.1576,0.0021309
0.8,0.4,20.0,500.0,20.0,0.90478,0.021309
0.8,0.4,20.0,500.0,20.0,0.23509,0.0031963
0.8,0.4,20.0,500.0,20.0,0.31051,0.0042618
0.8,0.4,20.0,500.0,20.0,0.38338,0.0053272
0.8,0.4,20.0,500.0,20.0,0.45192,0.0063926
0.8,0.4,20.0,500.0,20.0,0.51621,0.0074581
0.8,0.4,20.0,500.0,20.0,0.57487,0.0085235
0.8,0.4,20.0,500.0,20.0,0.62806,0.009589
0.8,0.4,20.0,700.0,20.0,0.1006,0.00096878
0.8,0.4,20.0,700.0,20.0,0.78117,0.0096878
0.8,0.4,20.0,700.0,20.0,0.81788,0.010657
0.8,0.4,20.0,700.0,20.0,0.84721,0.011625
0.8,0.4,20.0,700.0,20.0,0.86976,0.012594
0.8,0.4,20.0,700.0,20.0,0.88739,0.013563
0.8,0.4,20.0,700.0,20.0,0.89742,0.014532
0.8,0.4,20.0,700.0,20.0,0.90567,0.0155
0.8,0.4,20.0,700.0,20.0,0.90964,0.016469
0.8,0.4,20.0,700.0,20.0,0.91346,0.017438
0.8,0.4,20.0,700.0,20.0,0.91658,0.018407
0.8,0.4,20.0,700.0,20.0,0.20011,0.0019376
0.8,0.4,20.0,700.0,20.0,0.9197,0.019376
0.8,0.4,20.0,700.0,20.0,0.29709,0.0029063
0.8,0.4,20.0,700.0,20.0,0.38981,0.0038751
0.8,0.4,20.0,700.0,20.0,0.47613,0.0048439
0.8,0.4,20.0,700.0,20.0,0.55424,0.0058127
0.8,0.4,20.0,700.0,20.0,0.62379,0.0067814
0.8,0.4,20.0,700.0,20.0,0.68451,0.0077502
0.8,0.4,20.0,700.0,20.0,0.73725,0.008719
0.8,0.4,3.0,100.0,20.0,0.088607,0.0059699
0.8,0.4,3.0,100.0,20.0,0.77679,0.059699
0.8,0.4,3.0,100.0,20.0,0.82803,0.065668
0.8,0.4,3.0,100.0,20.0,0.87231,0.071638
0.8,0.4,3.0,100.0,20.0,0.91044,0.077608
0.8,0.4,3.0,100.0,20.0,0.93724,0.083578
0.8,0.4,3.0,100.0,20.0,0.96074,0.089548
0.8,0.4,3.0,100.0,20.0,0.97708,0.095518
0.8,0.4,3.0,100.0,20.0,0.99295,0.10149
0.8,0.4,3.0,100.0,20.0,1.0065,0.10746
0.8,0.4,3.0,100.0,20.0,1.0202,0.11343
0.8,0.4,3.0,100.0,20.0,0.17683,0.01194
0.8,0.4,3.0,100.0,20.0,1.0346,0.1194
0.8,0.4,3.0,100.0,20.0,0.26404,0.01791
0.8,0.4,3.0,100.0,20.0,0.34963,0.023879
0.8,0.4,3.0,100.0,20.0,0.43234,0.029849
0.8,0.4,3.0,100.0,20.0,0.51169,0.035819
0.8,0.4,3.0,100.0,20.0,0.58621,0.041789
0.8,0.4,3.0,100.0,20.0,0.65547,0.047759
0.8,0.4,3.0,100.0,20.0,0.71911,0.053729
0.8,0.4,3.0,1000.0,20.0,0.15608,0.0010538
0.8,0.4,3.0,1000.0,20.0,0.99439,0.010538
0.8,0.4,3.0,1000.0,20.0,1.0179,0.011592
0.8,0.4,3.0,1000.0,20.0,1.0437,0.012646
0.8,0.4,3.0,1000.0,20.0,1.0716,0.013699
0.8,0.4,3.0,1000.0,20.0,1.0996,0.014753
0.8,0.4,3.0,1000.0,20.0,1.1271,0.015807
0.8,0.4,3.0,1000.0,20.0,1.1537,0.016861
0.8,0.4,3.0,1000.0,20.0,1.179,0.017915
0.8,0.4,3.0,1000.0,20.0,1.2025,0.018968
0.8,0.4,3.0,1000.0,20.0,1.224,0.020022
0.8,0.4,3.0,1000.0,20.0,0.30959,0.0021076
0.8,0.4,3.0,1000.0,20.0,1.2437,0.021076
0.8,0.4,3.0,1000.0,20.0,0.45562,0.0031614
0.8,0.4,3.0,1000.0,20.0,0.59043,0.0042152
0.8,0.4,3.0,1000.0,20.0,0.70777,0.005269
0.8,0.4,3.0,1000.0,20.0,0.80624,0.0063228
0.8,0.4,3.0,1000.0,20.0,0.88543,0.0073766
0.8,0.4,3.0,1000.0,20.0,0.93025,0.0084304
0.8,0.4,3.0,1000.0,20.0,0.97123,0.0094842
0.8,0.4,3.0,200.0,20.0,0.10289,0.003467
0.8,0.4,3.0,200.0,20.0,0.85757,0.03467
0.8,0.4,3.0,200.0,20.0,0.90349,0.038138
0.8,0.4,3.0,200.0,20.0,0.93523,0.041605
0.8,0.4,3.0,200.0,20.0,0.96384,0.045072
0.8,0.4,3.0,200.0,20.0,0.98176,0.048539
0.8,0.4,3.0,200.0,20.0,0.99943,0.052006
0.8,0.4,3.0,200.0,20.0,1.0157,0.055473
0.8,0.4,3.0,200.0,20.0,1.0324,0.05894
0.8,0.4,3.0,200.0,20.0,1.0499,0.062407
0.8,0.4,3.0,200.0,20.0,1.0673,0.065874
0.8,0.4,3.0,200.0,20.0,0.20515,0.0069341
0.8,0.4,3.0,200.0,20.0,1.0845,0.069341
0.8,0.4,3.0,200.0,20.0,0.30576,0.010401
0.8,0.4,3.0,200.0,20.0,0.40362,0.013868
0.8,0.4,3.0,200.0,20.0,0.49672,0.017335
0.8,0.4,3.0,200.0,20.0,0.5845,0.020802
0.8,0.4,3.0,200.0,20.0,0.66487,0.024269
0.8,0.4,3.0,200.0,20.0,0.73728,0.027736
0.8,0.4,3.0,200.0,20.0,0.80168,0.031203
0.8,0.4,3.0,300.0,20.0,0.11333,0.0025467
0.8,0.4,3.0,300.0,20.0,0.90215,0.025467
0.8,0.4,3.0,300.0,20.0,0.93961,0.028014
0.8,0.4,3.0,300.0,20.0,0.96542,0.030561
0.8,0.4,3.0,300.0,20.0,0.98777,0.033108
0.8,0.4,3.0,300.0,20.0,1.0057,0.035654
0.8,0.4,3.0,300.0,20.0,1.0243,0.038201
0.8,0.4,3.0,300.0,20.0,1.0436,0.040748
0.8,0.4,3.0,300.0,20.0,1.0632,0.043295
0.8,0.4,3.0,300.0,20.0,1.0823,0.045841
0.8,0.4,3.0,300.0,20.0,1.1007,0.048388
0.8,0.4,3.0,300.0,20.0,0.22581,0.0050935
0.8,0.4,3.0,300.0,20.0,1.119,0.050935
0.8,0.4,3.0,300.0,20.0,0.336,0.0076402
0.8,0.4,3.0,300.0,20.0,0.44223,0.010187
0.8,0.4,3.0,300.0,20.0,0.54201,0.012734
0.8,0.4,3.0,300.0,20.0,0.6344,0.01528
0.8,0.4,3.0,300.0,20.0,0.7179,0.017827
0.8,0.4,3.0,300.0,20.0,0.79142,0.020374
0.8,0.4,3.0,300.0,20.0,0.85365,0.022921
0.8,0.4,3.0,500.0,20.0,0.12946,0.0017464
0.8,0.4,3.0,500.0,20.0,0.94966,0.017464
0.8,0.4,3.0,500.0,20.0,0.97738,0.019211
0.8,0.4,3.0,500.0,20.0,0.9986,0.020957
0.8,0.4,3.0,500.0,20.0,1.0198,0.022704
0.8,0.4,3.0,500.0,20.0,1.0417,0.02445
0.8,0.4,3.0,500.0,20.0,1.0649,0.026196
0.8,0.4,3.0,500.0,20.0,1.0878,0.027943
0.8,0.4,3.0,500.0,20.0,1.1094,0.029689
0.8,0.4,3.0,500.0,20.0,1.1297,0.031436
0.8,0.4,3.0,500.0,20.0,1.149,0.033182
0.8,0.4,3.0,500.0,20.0,0.25758,0.0034929
0.8,0.4,3.0,500.0,20.0,1.1681,0.034929
0.8,0.4,3.0,500.0,20.0,0.38198,0.0052393
0.8,0.4,3.0,500.0,20.0,0.50029,0.0069857
0.8,0.4,3.0,500.0,20.0,0.60844,0.0087321
0.8,0.4,3.0,500.0,20.0,0.70543,0.010479
0.8,0.4,3.0,500.0,20.0,0.78962,0.012225
0.8,0.4,3.0,500.0,20.0,0.85899,0.013971
0.8,0.4,3.0,500.0,20.0,0.91221,0.015718
0.8,0.4,3.0,700.0,20.0,0.14212,0.0013699
0.8,0.4,3.0,700.0,20.0,0.97565,0.013699
0.8,0.4,3.0,700.0,20.0,0.99802,0.015069
0.8,0.4,3.0,700.0,20.0,1.0209,0.016439
0.8,0.4,3.0,700.0,20.0,1.045,0.017809
0.8,0.4,3.0,700.0,20.0,1.0706,0.019179
0.8,0.4,3.0,700.0,20.0,1.0962,0.020549
0.8,0.4,3.0,700.0,20.0,1.1208,0.021919
0.8,0.4,3.0,700.0,20.0,1.1439,0.023289
0.8,0.4,3.0,700.0,20.0,1.1653,0.024659
0.8,0.4,3.0,700.0,20.0,1.1852,0.026029
0.8,0.4,3.0,700.0,20.0,0.28236,0.0027398
0.8,0.4,3.0,700.0,20.0,1.2042,0.027398
0.8,0.4,3.0,700.0,20.0,0.4174,0.0041098
0.8,0.4,3.0,700.0,20.0,0.54424,0.0054797
0.8,0.4,3.0,700.0,20.0,0.65723,0.0068496
0.8,0.4,3.0,700.0,20.0,0.75572,0.0082195
0.8,0.4,3.0,700.0,20.0,0.83769,0.0095895
0.8,0.4,3.0,700.0,20.0,0.90237,0.010959
0.8,0.4,3.0,700.0,20.0,0.94246,0.012329
0.8,0.4,4.0,100.0,20.0,0.086213,0.0058088
0.8,0.4,4.0,100.0,20.0,0.74867,0.058088
0.8,0.4,4.0,100.0,20.0,0.79736,0.063897
0.8,0.4,4.0,100.0,20.0,0.84045,0.069706
0.8,0.4,4.0,100.0,20.0,0.87596,0.075514
0.8,0.4,4.0,100.0,20.0,0.90431,0.081323
0.8,0.4,4.0,100.0,20.0,0.92923,0.087132
0.8,0.4,4.0,100.0,20.0,0.94453,0.092941
0.8,0.4,4.0,100.0,20.0,0.95837,0.098749
0.8,0.4,4.0,100.0,20.0,0.97032,0.10456
0.8,0.4,4.0,100.0,20.0,0.98032,0.11037
0.8,0.4,4.0,100.0,20.0,0.17199,0.011618
0.8,0.4,4.0,100.0,20.0,0.99031,0.11618
0.8,0.4,4.0,100.0,20.0,0.25674,0.017426
0.8,0.4,4.0,100.0,20.0,0.33959,0.023235
0.8,0.4,4.0,100.0,20.0,0.4198,0.029044
0.8,0.4,4.0,100.0,20.0,0.49584,0.034853
0.8,0.4,4.0,100.0,20.0,0.5675,0.040662
0.8,0.4,4.0,100.0,20.0,0.63397,0.04647
0.8,0.4,4.0,100.0,20.0,0.69417,0.052279
0.8,0.4,4.0,1000.0,20.0,0.14175,0.00095662
0.8,0.4,4.0,1000.0,20.0,0.94813,0.0095662
0.8,0.4,4.0,1000.0,20.0,0.96585,0.010523
0.8,0.4,4.0,1000.0,20.0,0.98315,0.011479
0.8,0.4,4.0,1000.0,20.0,0.99656,0.012436
0.8,0.4,4.0,1000.0,20.0,1.01,0.013393
0.8,0.4,4.0,1000.0,20.0,1.024,0.014349
0.8,0.4,4.0,1000.0,20.0,1.0394,0.015306
0.8,0.4,4.0,1000.0,20.0,1.0554,0.016262
0.8,0.4,4.0,1000.0,20.0,1.0715,0.017219
0.8,0.4,4.0,1000.0,20.0,1.0873,0.018176
0.8,0.4,4.0,1000.0,20.0,0.28112,0.0019132
0.8,0.4,4.0,1000.0,20.0,1.1026,0.019132
0.8,0.4,4.0,1000.0,20.0,0.41489,0.0028699
0.8,0.4,4.0,1000.0,20.0,0.53824,0.0038265
0.8,0.4,4.0,1000.0,20.0,0.64821,0.0047831
0.8,0.4,4.0,1000.0,20.0,0.74131,0.0057397
0.8,0.4,4.0,1000.0,20.0,0.81834,0.0066963
0.8,0.4,4.0,1000.0,20.0,0.87944,0.0076529
0.8,0.4,4.0,1000.0,20.0,0.91833,0.0086096
0.8,0.4,4.0,200.0,20.0,0.10337,0.0034836
0.8,0.4,4.0,200.0,20.0,0.83987,0.034836
0.8,0.4,4.0,200.0,20.0,0.8823,0.038319
0.8,0.4,4.0,200.0,20.0,0.91665,0.041803
0.8,0.4,4.0,200.0,20.0,0.93775,0.045286
0.8,0.4,4.0,200.0,20.0,0.95665,0.04877
0.8,0.4,4.0,200.0,20.0,0.9706,0.052254
0.8,0.4,4.0,200.0,20.0,0.98303,0.055737
0.8,0.4,4.0,200.0,20.0,0.99441,0.059221
0.8,0.4,4.0,200.0,20.0,1.0046,0.062704
0.8,0.4,4.0,200.0,20.0,1.0149,0.066188
0.8,0.4,4.0,200.0,20.0,0.20593,0.0069672
0.8,0.4,4.0,200.0,20.0,1.0252,0.069672
0.8,0.4,4.0,200.0,20.0,0.30662,0.010451
0.8,0.4,4.0,200.0,20.0,0.40396,0.013934
0.8,0.4,4.0,200.0,20.0,0.4958,0.017418
0.8,0.4,4.0,200.0,20.0,0.58152,0.020901
0.8,0.4,4.0,200.0,20.0,0.65869,0.024385
0.8,0.4,4.0,200.0,20.0,0.72768,0.027869
0.8,0.4,4.0,200.0,20.0,0.78826,0.031352
0.8,0.4,4.0,300.0,20.0,0.11221,0.0025214
0.8,0.4,4.0,300.0,20.0,0.87754,0.025214
0.8,0.4,4.0,300.0,20.0,0.91364,0.027736
0.8,0.4,4.0,300.0,20.0,0.93856,0.030257
0.8,0.4,4.0,300.0,20.0,0.95741,0.032778
0.8,0.4,4.0,300.0,20.0,0.97313,0.0353
0.8,0.4,4.0,300.0,20.0,0.98596,0.037821
0.8,0.4,4.0,300.0,20.0,0.99824,0.040343
0.8,0.4,4.0,300.0,20.0,1.0092,0.042864
0.8,0.4,4.0,300.0,20.0,1.0205,0.045386
0.8,0.4,4.0,300.0,20.0,1.0321,0.047907
0.8,0.4,4.0,300.0,20.0,0.22333,0.0050428
0.8,0.4,4.0,300.0,20.0,1.0441,0.050428
0.8,0.4,4.0,300.0,20.0,0.332,0.0075643
0.8,0.4,4.0,300.0,20.0,0.43625,0.010086
0.8,0.4,4.0,300.0,20.0,0.53324,0.012607
0.8,0.4,4.0,300.0,20.0,0.62254,0.015129
0.8,0.4,4.0,300.0,20.0,0.7013,0.01765
0.8,0.4,4.0,300.0,20.0,0.7702,0.020171
0.8,0.4,4.0,300.0,20.0,0.82895,0.022693
0.8,0.4,4.0,500.0,20.0,0.1241,0.0016737
0.8,0.4,4.0,500.0,20.0,0.91233,0.016737
0.8,0.4,4.0,500.0,20.0,0.94342,0.018411
0.8,0.4,4.0,500.0,20.0,0.96093,0.020085
0.8,0.4,4.0,500.0,20.0,0.97703,0.021759
0.8,0.4,4.0,500.0,20.0,0.99081,0.023432
0.8,0.4,4.0,500.0,20.0,1.0033,0.025106
0.8,0.4,4.0,500.0,20.0,1.0159,0.02678
0.8,0.4,4.0,500.0,20.0,1.0288,0.028454
0.8,0.4,4.0,500.0,20.0,1.0425,0.030127
0.8,0.4,4.0,500.0,20.0,1.0561,0.031801
0.8,0.4,4.0,500.0,20.0,0.24668,0.0033475
0.8,0.4,4.0,500.0,20.0,1.0691,0.033475
0.8,0.4,4.0,500.0,20.0,0.36574,0.0050212
0.8,0.4,4.0,500.0,20.0,0.47853,0.006695
0.8,0.4,4.0,500.0,20.0,0.58147,0.0083687
0.8,0.4,4.0,500.0,20.0,0.67364,0.010042
0.8,0.4,4.0,500.0,20.0,0.75407,0.011716
0.8,0.4,4.0,500.0,20.0,0.82171,0.01339
0.8,0.4,4.0,500.0,20.0,0.87472,0.015064
0.8,0.4,4.0,700.0,20.0,0.13236,0.0012754
0.8,0.4,4.0,700.0,20.0,0.93273,0.012754
0.8,0.4,4.0,700.0,20.0,0.95511,0.01403
0.8,0.4,4.0,700.0,20.0,0.97214,0.015305
0.8,0.4,4.0,700.0,20.0,0.98751,0.01658
0.8,0.4,4.0,700.0,20.0,1.0006,0.017856
0.8,0.4,4.0,700.0,20.0,1.0138,0.019131
0.8,0.4,4.0,700.0,20.0,1.0273,0.020407
0.8,0.4,4.0,700.0,20.0,1.042,0.021682
0.8,0.4,4.0,700.0,20.0,1.057,0.022958
0.8,0.4,4.0,700.0,20.0,1.0717,0.024233
0.8,0.4,4.0,700.0,20.0,0.26281,0.0025508
0.8,0.4,4.0,700.0,20.0,1.0859,0.025508
0.8,0.4,4.0,700.0,20.0,0.38892,0.0038263
0.8,0.4,4.0,700.0,20.0,0.5069,0.0051017
0.8,0.4,4.0,700.0,20.0,0.61333,0.0063771
0.8,0.4,4.0,700.0,20.0,0.70639,0.0076525
0.8,0.4,4.0,700.0,20.0,0.78564,0.0089279
0.8,0.4,4.0,700.0,20.0,0.84964,0.010203
0.8,0.4,4.0,700.0,20.0,0.89766,0.011479
0.8,0.4,6.0,100.0,20.0,0.077394,0.0052143
0.8,0.4,6.0,100.0,20.0,0.68248,0.052143
0.8,0.4,6.0,100.0,20.0,0.72914,0.057357
0.8,0.4,6.0,100.0,20.0,0.77079,0.062572
0.8,0.4,6.0,100.0,20.0,0.8075,0.067786
0.8,0.4,6.0,100.0,20.0,0.83968,0.073
0.8,0.4,6.0,100.0,20.0,0.86813,0.078215
0.8,0.4,6.0,100.0,20.0,0.88906,0.083429
0.8,0.4,6.0,100.0,20.0,0.90895,0.088643
0.8,0.4,6.0,100.0,20.0,0.92116,0.093857
0.8,0.4,6.0,100.0,20.0,0.93162,0.099072
0.8,0.4,6.0,100.0,20.0,0.15444,0.010429
0.8,0.4,6.0,100.0,20.0,0.94208,0.10429
0.8,0.4,6.0,100.0,20.0,0.23058,0.015643
0.8,0.4,6.0,100.0,20.0,0.30528,0.020857
0.8,0.4,6.0,100.0,20.0,0.37779,0.026072
0.8,0.4,6.0,100.0,20.0,0.44724,0.031286
0.8,0.4,6.0,100.0,20.0,0.51271,0.0365
0.8,0.4,6.0,100.0,20.0,0.57403,0.041714
0.8,0.4,6.0,100.0,20.0,0.6307,0.046929
0.8,0.4,6.0,1000.0,20.0,0.14434,0.00097445
0.8,0.4,6.0,1000.0,20.0,0.92505,0.0097445
0.8,0.4,6.0,1000.0,20.0,0.94282,0.010719
0.8,0.4,6.0,1000.0,20.0,0.95453,0.011693
0.8,0.4,6.0,1000.0,20.0,0.96573,0.012668
0.8,0.4,6.0,1000.0,20.0,0.97499,0.013642
0.8,0.4,6.0,1000.0,20.0,0.98424,0.014617
0.8,0.4,6.0,1000.0,20.0,0.99202,0.015591
0.8,0.4,6.0,1000.0,20.0,0.99974,0.016566
0.8,0.4,6.0,1000.0,20.0,1.0069,0.01754
0.8,0.4,6.0,1000.0,20.0,1.0142,0.018515
0.8,0.4,6.0,1000.0,20.0,0.28577,0.0019489
0.8,0.4,6.0,1000.0,20.0,1.0216,0.019489
0.8,0.4,6.0,1000.0,20.0,0.42014,0.0029234
0.8,0.4,6.0,1000.0,20.0,0.54224,0.0038978
0.8,0.4,6.0,1000.0,20.0,0.64925,0.0048723
0.8,0.4,6.0,1000.0,20.0,0.73732,0.0058467
0.8,0.4,6.0,1000.0,20.0,0.80924,0.0068212
0.8,0.4,6.0,1000.0,20.0,0.86343,0.0077956
0.8,0.4,6.0,1000.0,20.0,0.90198,0.0087701
0.8,0.4,6.0,200.0,20.0,0.094504,0.0031845
0.8,0.4,6.0,200.0,20.0,0.7802,0.031845
0.8,0.4,6.0,200.0,20.0,0.82328,0.035029
0.8,0.4,6.0,200.0,20.0,0.85862,0.038214
0.8,0.4,6.0,200.0,20.0,0.88791,0.041398
0.8,0.4,6.0,200.0,20.0,0.9096,0.044583
0.8,0.4,6.0,200.0,20.0,0.92678,0.047767
0.8,0.4,6.0,200.0,20.0,0.93731,0.050952
0.8,0.4,6.0,200.0,20.0,0.94784,0.054136
0.8,0.4,6.0,200.0,20.0,0.95589,0.057321
0.8,0.4,6.0,200.0,20.0,0.96331,0.060505
0.8,0.4,6.0,200.0,20.0,0.18828,0.0063689
0.8,0.4,6.0,200.0,20.0,0.97072,0.063689
0.8,0.4,6.0,200.0,20.0,0.28042,0.0095534
0.8,0.4,6.0,200.0,20.0,0.36989,0.012738
0.8,0.4,6.0,200.0,20.0,0.45451,0.015922
0.8,0.4,6.0,200.0,20.0,0.5337,0.019107
0.8,0.4,6.0,200.0,20.0,0.60592,0.022291
0.8,0.4,6.0,200.0,20.0,0.67132,0.025476
0.8,0.4,6.0,200.0,20.0,0.72947,0.02866
0.8,0.4,6.0,300.0,20.0,0.10708,0.0024061
0.8,0.4,6.0,300.0,20.0,0.83545,0.024061
0.8,0.4,6.0,300.0,20.0,0.87406,0.026467
0.8,0.4,6.0,300.0,20.0,0.90134,0.028873
0.8,0.4,6.0,300.0,20.0,0.92211,0.031279
0.8,0.4,6.0,300.0,20.0,0.93535,0.033685
0.8,0.4,6.0,300.0,20.0,0.94803,0.036091
0.8,0.4,6.0,300.0,20.0,0.95668,0.038497
0.8,0.4,6.0,300.0,20.0,0.96533,0.040903
0.8,0.4,6.0,300.0,20.0,0.97304,0.043309
0.8,0.4,6.0,300.0,20.0,0.97998,0.045716
0.8,0.4,6.0,300.0,20.0,0.2131,0.0048122
0.8,0.4,6.0,300.0,20.0,0.98691,0.048122
0.8,0.4,6.0,300.0,20.0,0.31658,0.0072182
0.8,0.4,6.0,300.0,20.0,0.41556,0.0096243
0.8,0.4,6.0,300.0,20.0,0.50798,0.01203
0.8,0.4,6.0,300.0,20.0,0.59218,0.014436
0.8,0.4,6.0,300.0,20.0,0.66726,0.016843
0.8,0.4,6.0,300.0,20.0,0.73243,0.019249
0.8,0.4,6.0,300.0,20.0,0.78857,0.021655
0.8,0.4,6.0,500.0,20.0,0.12365,0.001668
0.8,0.4,6.0,500.0,20.0,0.8885,0.01668
0.8,0.4,6.0,500.0,20.0,0.9187,0.018348
0.8,0.4,6.0,500.0,20.0,0.93305,0.020016
0.8,0.4,6.0,500.0,20.0,0.94687,0.021684
0.8,0.4,6.0,500.0,20.0,0.9575,0.023352
0.8,0.4,6.0,500.0,20.0,0.96701,0.02502
0.8,0.4,6.0,500.0,20.0,0.97587,0.026687
0.8,0.4,6.0,500.0,20.0,0.98354,0.028355
0.8,0.4,6.0,500.0,20.0,0.99117,0.030023
0.8,0.4,6.0,500.0,20.0,0.99775,0.031691
0.8,0.4,6.0,500.0,20.0,0.24559,0.0033359
0.8,0.4,6.0,500.0,20.0,1.0043,0.033359
0.8,0.4,6.0,500.0,20.0,0.36349,0.0050039
0.8,0.4,6.0,500.0,20.0,0.4741,0.0066719
0.8,0.4,6.0,500.0,20.0,0.57414,0.0083398
0.8,0.4,6.0,500.0,20.0,0.66212,0.010008
0.8,0.4,6.0,500.0,20.0,0.73759,0.011676
0.8,0.4,6.0,500.0,20.0,0.8009,0.013344
0.8,0.4,6.0,500.0,20.0,0.85114,0.015012
0.8,0.4,6.0,700.0,20.0,0.13423,0.001294
0.8,0.4,6.0,700.0,20.0,0.91255,0.01294
0.8,0.4,6.0,700.0,20.0,0.93062,0.014234
0.8,0.4,6.0,700.0,20.0,0.94672,0.015528
0.8,0.4,6.0,700.0,20.0,0.95741,0.016822
0.8,0.4,6.0,700.0,20.0,0.96809,0.018116
0.8,0.4,6.0,700.0,20.0,0.97672,0.01941
0.8,0.4,6.0,700.0,20.0,0.98527,0.020704
0.8,0.4,6.0,700.0,20.0,0.99289,0.021998
0.8,0.4,6.0,700.0,20.0,1.0001,0.023292
0.8,0.4,6.0,700.0,20.0,1.007,0.024586
0.8,0.4,6.0,700.0,20.0,0.2662,0.002588
0.8,0.4,6.0,700.0,20.0,1.0138,0.02588
0.8,0.4,6.0,700.0,20.0,0.39274,0.003882
0.8,0.4,6.0,700.0,20.0,0.50956,0.005176
0.8,0.4,6.0,700.0,20.0,0.61399,0.0064701
0.8,0.4,6.0,700.0,20.0,0.70237,0.0077641
0.8,0.4,6.0,700.0,20.0,0.77686,0.0090581
0.8,0.4,6.0,700.0,20.0,0.83657,0.010352
0.8,0.4,6.0,700.0,20.0,0.88033,0.011646
0.8,0.6,10.0,100.0,13.333,0.066867,0.0032079
0.8,0.6,10.0,100.0,13.333,0.61883,0.032079
0.8,0.6,10.0,100.0,13.333,0.6656,0.035287
0.8,0.6,10.0,100.0,13.333,0.70805,0.038494
0.8,0.6,10.0,100.0,13.333,0.74633,0.041702
0.8,0.6,10.0,100.0,13.333,0.78054,0.04491
0.8,0.6,10.0,100.0,13.333,0.80956,0.048118
0.8,0.6,10.0,100.0,13.333,0.83553,0.051326
0.8,0.6,10.0,100.0,13.333,0.8575,0.054534
0.8,0.6,10.0,100.0,13.333,0.87553,0.057742
0.8,0.6,10.0,100.0,13.333,0.88978,0.06095
0.8,0.6,10.0,100.0,13.333,0.13359,0.0064157
0.8,0.6,10.0,100.0,13.333,0.90404,0.064157
0.8,0.6,10.0,100.0,13.333,0.1999,0.0096236
0.8,0.6,10.0,100.0,13.333,0.26557,0.012831
0.8,0.6,10.0,100.0,13.333,0.33025,0.016039
0.8,0.6,10.0,100.0,13.333,0.39344,0.019247
0.8,0.6,10.0,100.0,13.333,0.45464,0.022455
0.8,0.6,10.0,100.0,13.333,0.51309,0.025663
0.8,0.6,10.0,100.0,13.333,0.56786,0.028871
0.8,0.6,10.0,1000.0,13.333,0.1469,0.00070583
0.8,0.6,10.0,1000.0,13.333,0.9167,0.0070583
0.8,0.6,10.0,1000.0,13.333,0.92756,0.0077642
0.8,0.6,10.0,1000.0,13.333,0.93568,0.00847
0.8,0.6,10.0,1000.0,13.333,0.94317,0.0091758
0.8,0.6,10.0,1000.0,13.333,0.95014,0.0098817
0.8,0.6,10.0,1000.0,13.333,0.95633,0.010588
0.8,0.6,10.0,1000.0,13.333,0.96218,0.011293
0.8,0.6,10.0,1000.0,13.333,0.9677,0.011999
0.8,0.6,10.0,1000.0,13.333,0.97263,0.012705
0.8,0.6,10.0,1000.0,13.333,0.97732,0.013411
0.8,0.6,10.0,1000.0,13.333,0.29165,0.0014117
0.8,0.6,10.0,1000.0,13.333,0.98176,0.014117
0.8,0.6,10.0,1000.0,13.333,0.43057,0.0021175
0.8,0.6,10.0,1000.0,13.333,0.5573,0.0028233
0.8,0.6,10.0,1000.0,13.333,0.66579,0.0035292
0.8,0.6,10.0,1000.0,13.333,0.75314,0.004235
0.8,0.6,10.0,1000.0,13.333,0.82032,0.0049408
0.8,0.6,10.0,1000.0,13.333,0.86807,0.0056467
0.8,0.6,10.0,1000.0,13.333,0.89874,0.0063525
0.8,0.6,10.0,200.0,13.333,0.076106,0.0018257
0.8,0.6,10.0,200.0,13.333,0.6829,0.018257
0.8,0.6,10.0,200.0,13.333,0.72898,0.020083
0.8,0.6,10.0,200.0,13.333,0.76994,0.021908
0.8,0.6,10.0,200.0,13.333,0.8046,0.023734
0.8,0.6,10.0,200.0,13.333,0.83395,0.02556
0.8,0.6,10.0,200.0,13.333,0.86024,0.027386
0.8,0.6,10.0,200.0,13.333,0.87861,0.029211
0.8,0.6,10.0,200.0,13.333,0.89699,0.031037
0.8,0.6,10.0,200.0,13.333,0.90596,0.032863
0.8,0.6,10.0,200.0,13.333,0.91471,0.034688
0.8,0.6,10.0,200.0,13.333,0.15198,0.0036514
0.8,0.6,10.0,200.0,13.333,0.92347,0.036514
0.8,0.6,10.0,200.0,13.333,0.22724,0.0054771
0.8,0.6,10.0,200.0,13.333,0.30149,0.0073028
0.8,0.6,10.0,200.0,13.333,0.37415,0.0091285
0.8,0.6,10.0,200.0,13.333,0.4445,0.010954
0.8,0.6,10.0,200.0,13.333,0.51117,0.01278
0.8,0.6,10.0,200.0,13.333,0.57376,0.014606
0.8,0.6,10.0,200.0,13.333,0.63119,0.016431
0.8,0.6,10.0,300.0,13.333,0.083529,0.001336
0.8,0.6,10.0,300.0,13.333,0.72773,0.01336
0.8,0.6,10.0,300.0,13.333,0.7719,0.014695
0.8,0.6,10.0,300.0,13.333,0.80958,0.016031
0.8,0.6,10.0,300.0,13.333,0.84188,0.017367
0.8,0.6,10.0,300.0,13.333,0.86703,0.018703
0.8,0.6,10.0,300.0,13.333,0.88686,0.020039
0.8,0.6,10.0,300.0,13.333,0.90137,0.021375
0.8,0.6,10.0,300.0,13.333,0.915,0.022711
0.8,0.6,10.0,300.0,13.333,0.921,0.024047
0.8,0.6,10.0,300.0,13.333,0.927,0.025383
0.8,0.6,10.0,300.0,13.333,0.16671,0.0026719
0.8,0.6,10.0,300.0,13.333,0.93301,0.026719
0.8,0.6,10.0,300.0,13.333,0.24916,0.0040079
0.8,0.6,10.0,300.0,13.333,0.33007,0.0053438
0.8,0.6,10.0,300.0,13.333,0.40885,0.0066798
0.8,0.6,10.0,300.0,13.333,0.48405,0.0080157
0.8,0.6,10.0,300.0,13.333,0.55448,0.0093517
0.8,0.6,10.0,300.0,13.333,0.61875,0.010688
0.8,0.6,10.0,300.0,13.333,0.6767,0.012024
0.8,0.6,10.0,500.0,13.333,0.094612,0.00090803
0.8,0.6,10.0,500.0,13.333,0.78493,0.0090803
0.8,0.6,10.0,500.0,13.333,0.82553,0.0099883
0.8,0.6,10.0,500.0,13.333,0.8575,0.010896
0.8,0.6,10.0,500.0,13.333,0.8809,0.011804
0.8,0.6,10.0,500.0,13.333,0.9007,0.012712
0.8,0.6,10.0,500.0,13.333,0.91229,0.01362
0.8,0.6,10.0,500.0,13.333,0.92048,0.014529
0.8,0.6,10.0,500.0,13.333,0.92866,0.015437
0.8,0.6,10.0,500.0,13.333,0.93404,0.016345
0.8,0.6,10.0,500.0,13.333,0.93927,0.017253
0.8,0.6,10.0,500.0,13.333,0.1887,0.0018161
0.8,0.6,10.0,500.0,13.333,0.94451,0.018161
0.8,0.6,10.0,500.0,13.333,0.28156,0.0027241
0.8,0.6,10.0,500.0,13.333,0.37228,0.0036321
0.8,0.6,10.0,500.0,13.333,0.45933,0.0045402
0.8,0.6,10.0,500.0,13.333,0.54043,0.0054482
0.8,0.6,10.0,500.0,13.333,0.61471,0.0063562
0.8,0.6,10.0,500.0,13.333,0.68021,0.0072643
0.8,0.6,10.0,500.0,13.333,0.73674,0.0081723
0.8,0.6,10.0,700.0,13.333,0.12078,0.00082838
0.8,0.6,10.0,700.0,13.333,0.87719,0.0082838
0.8,0.6,10.0,700.0,13.333,0.90065,0.0091122
0.8,0.6,10.0,700.0,13.333,0.91617,0.0099406
0.8,0.6,10.0,700.0,13.333,0.92544,0.010769
0.8,0.6,10.0,700.0,13.333,0.93282,0.011597
0.8,0.6,10.0,700.0,13.333,0.93963,0.012426
0.8,0.6,10.0,700.0,13.333,0.9456,0.013254
0.8,0.6,10.0,700.0,13.333,0.95126,0.014082
0.8,0.6,10.0,700.0,13.333,0.95653,0.014911
0.8,0.6,10.0,700.0,13.333,0.9614,0.015739
0.8,0.6,10.0,700.0,13.333,0.24041,0.0016568
0.8,0.6,10.0,700.0,13.333,0.96611,0.016568
0.8,0.6,10.0,700.0,13.333,0.35721,0.0024851
0.8,0.6,10.0,700.0,13.333,0.46845,0.0033135
0.8,0.6,10.0,700.0,13.333,0.57017,0.0041419
0.8,0.6,10.0,700.0,13.333,0.65905,0.0049703
0.8,0.6,10.0,700.0,13.333,0.73378,0.0057987
0.8,0.6,10.0,700.0,13.333,0.7946,0.006627
0.8,0.6,10.0,700.0,13.333,0.84206,0.0074554
0.8,0.6,20.0,100.0,13.333,0.062877,0.0030166
0.8,0.6,20.0,100.0,13.333,0.5859,0.030166
0.8,0.6,20.0,100.0,13.333,0.63132,0.033183
0.8,0.6,20.0,100.0,13.333,0.67299,0.0362
0.8,0.6,20.0,100.0,13.333,0.7107,0.039216
0.8,0.6,20.0,100.0,13.333,0.74386,0.042233
0.8,0.6,20.0,100.0,13.333,0.77348,0.045249
0.8,0.6,20.0,100.0,13.333,0.80053,0.048266
0.8,0.6,20.0,100.0,13.333,0.82284,0.051283
0.8,0.6,20.0,100.0,13.333,0.84295,0.054299
0.8,0.6,20.0,100.0,13.333,0.85876,0.057316
0.8,0.6,20.0,100.0,13.333,0.12563,0.0060333
0.8,0.6,20.0,100.0,13.333,0.87457,0.060333
0.8,0.6,20.0,100.0,13.333,0.18802,0.0090499
0.8,0.6,20.0,100.0,13.333,0.24981,0.012067
0.8,0.6,20.0,100.0,13.333,0.3108,0.015083
0.8,0.6,20.0,100.0,13.333,0.37044,0.0181
0.8,0.6,20.0,100.0,13.333,0.42844,0.021116
0.8,0.6,20.0,100.0,13.333,0.48407,0.024133
0.8,0.6,20.0,100.0,13.333,0.53688,0.02715
0.8,0.6,20.0,1000.0,13.333,0.14058,0.00067541
0.8,0.6,20.0,1000.0,13.333,0.89634,0.0067541
0.8,0.6,20.0,1000.0,13.333,0.90544,0.0074296
0.8,0.6,20.0,1000.0,13.333,0.91211,0.008105
0.8,0.6,20.0,1000.0,13.333,0.91683,0.0087804
0.8,0.6,20.0,1000.0,13.333,0.92105,0.0094558
0.8,0.6,20.0,1000.0,13.333,0.925,0.010131
0.8,0.6,20.0,1000.0,13.333,0.92846,0.010807
0.8,0.6,20.0,1000.0,13.333,0.9318,0.011482
0.8,0.6,20.0,1000.0,13.333,0.93488,0.012157
0.8,0.6,20.0,1000.0,13.333,0.93773,0.012833
0.8,0.6,20.0,1000.0,13.333,0.2791,0.0013508
0.8,0.6,20.0,1000.0,13.333,0.94047,0.013508
0.8,0.6,20.0,1000.0,13.333,0.41232,0.0020262
0.8,0.6,20.0,1000.0,13.333,0.53449,0.0027017
0.8,0.6,20.0,1000.0,13.333,0.63965,0.0033771
0.8,0.6,20.0,1000.0,13.333,0.72551,0.0040525
0.8,0.6,20.0,1000.0,13.333,0.7918,0.0047279
0.8,0.6,20.0,1000.0,13.333,0.84207,0.0054033
0.8,0.6,20.0,1000.0,13.333,0.87545,0.0060787
0.8,0.6,20.0,200.0,13.333,0.066592,0.0015974
0.8,0.6,20.0,200.0,13.333,0.61308,0.015974
0.8,0.6,20.0,200.0,13.333,0.65861,0.017572
0.8,0.6,20.0,200.0,13.333,0.69971,0.019169
0.8,0.6,20.0,200.0,13.333,0.73653,0.020766
0.8,0.6,20.0,200.0,13.333,0.76972,0.022364
0.8,0.6,20.0,200.0,13.333,0.7973,0.023961
0.8,0.6,20.0,200.0,13.333,0.82196,0.025559
0.8,0.6,20.0,200.0,13.333,0.84313,0.027156
0.8,0.6,20.0,200.0,13.333,0.86024,0.028754
0.8,0.6,20.0,200.0,13.333,0.874,0.030351
0.8,0.6,20.0,200.0,13.333,0.13303,0.0031948
0.8,0.6,20.0,200.0,13.333,0.88776,0.031948
0.8,0.6,20.0,200.0,13.333,0.19902,0.0047923
0.8,0.6,20.0,200.0,13.333,0.26433,0.0063897
0.8,0.6,20.0,200.0,13.333,0.32855,0.0079871
0.8,0.6,20.0,200.0,13.333,0.39126,0.0095845
0.8,0.6,20.0,200.0,13.333,0.45189,0.011182
0.8,0.6,20.0,200.0,13.333,0.50936,0.012779
0.8,0.6,20.0,200.0,13.333,0.56321,0.014377
0.8,0.6,20.0,300.0,13.333,0.069624,0.0011134
0.8,0.6,20.0,300.0,13.333,0.63451,0.011134
0.8,0.6,20.0,300.0,13.333,0.67996,0.012248
0.8,0.6,20.0,300.0,13.333,0.72035,0.013361
0.8,0.6,20.0,300.0,13.333,0.75602,0.014475
0.8,0.6,20.0,300.0,13.333,0.78772,0.015588
0.8,0.6,20.0,300.0,13.333,0.81496,0.016701
0.8,0.6,20.0,300.0,13.333,0.83724,0.017815
0.8,0.6,20.0,300.0,13.333,0.8574,0.018928
0.8,0.6,20.0,300.0,13.333,0.87177,0.020042
0.8,0.6,20.0,300.0,13.333,0.8839,0.021155
0.8,0.6,20.0,300.0,13.333,0.13907,0.0022269
0.8,0.6,20.0,300.0,13.333,0.89602,0.022269
0.8,0.6,20.0,300.0,13.333,0.20798,0.0033403
0.8,0.6,20.0,300.0,13.333,0.27616,0.0044537
0.8,0.6,20.0,300.0,13.333,0.34295,0.0055672
0.8,0.6,20.0,300.0,13.333,0.40814,0.0066806
0.8,0.6,20.0,300.0,13.333,0.47052,0.007794
0.8,0.6,20.0,300.0,13.333,0.52934,0.0089074
0.8,0.6,20.0,300.0,13.333,0.5842,0.010021
0.8,0.6,20.0,500.0,13.333,0.10334,0.00099192
0.8,0.6,20.0,500.0,13.333,0.81115,0.0099192
0.8,0.6,20.0,500.0,13.333,0.845,0.010911
0.8,0.6,20.0,500.0,13.333,0.87003,0.011903
0.8,0.6,20.0,500.0,13.333,0.88789,0.012895
0.8,0.6,20.0,500.0,13.333,0.9015,0.013887
0.8,0.6,20.0,500.0,13.333,0.90682,0.014879
0.8,0.6,20.0,500.0,13.333,0.91186,0.015871
0.8,0.6,20.0,500.0,13.333,0.91542,0.016863
0.8,0.6,20.0,500.0,13.333,0.91897,0.017855
0.8,0.6,20.0,500.0,13.333,0.92193,0.018846
0.8,0.6,20.0,500.0,13.333,0.20593,0.0019838
0.8,0.6,20.0,500.0,13.333,0.9249,0.019838
0.8,0.6,20.0,500.0,13.333,0.30671,0.0029758
0.8,0.6,20.0,500.0,13.333,0.40424,0.0039677
0.8,0.6,20.0,500.0,13.333,0.49602,0.0049596
0.8,0.6,20.0,500.0,13.333,0.57958,0.0059515
0.8,0.6,20.0,500.0,13.333,0.65329,0.0069434
0.8,0.6,20.0,500.0,13.333,0.71606,0.0079353
0.8,0.6,20.0,500.0,13.333,0.76839,0.0089273
0.8,0.6,20.0,700.0,13.333,0.12192,0.00083634
0.8,0.6,20.0,700.0,13.333,0.86644,0.0083634
0.8,0.6,20.0,700.0,13.333,0.88828,0.0091997
0.8,0.6,20.0,700.0,13.333,0.90005,0.010036
0.8,0.6,20.0,700.0,13.333,0.9087,0.010872
0.8,0.6,20.0,700.0,13.333,0.9133,0.011709
0.8,0.6,20.0,700.0,13.333,0.91752,0.012545
0.8,0.6,20.0,700.0,13.333,0.92125,0.013381
0.8,0.6,20.0,700.0,13.333,0.92464,0.014218
0.8,0.6,20.0,700.0,13.333,0.92784,0.015054
0.8,0.6,20.0,700.0,13.333,0.93069,0.01589
0.8,0.6,20.0,700.0,13.333,0.24255,0.0016727
0.8,0.6,20.0,700.0,13.333,0.93347,0.016727
0.8,0.6,20.0,700.0,13.333,0.36,0.002509
0.8,0.6,20.0,700.0,13.333,0.47123,0.0033454
0.8,0.6,20.0,700.0,13.333,0.57171,0.0041817
0.8,0.6,20.0,700.0,13.333,0.65896,0.005018
0.8,0.6,20.0,700.0,13.333,0.73109,0.0058544
0.8,0.6,20.0,700.0,13.333,0.78831,0.0066907
0.8,0.6,20.0,700.0,13.333,0.83386,0.0075271
0.8,0.6,3.0,100.0,13.333,0.085514,0.0041028
0.8,0.6,3.0,100.0,13.333,0.7714,0.041028
0.8,0.6,3.0,100.0,13.333,0.82371,0.04513
0.8,0.6,3.0,100.0,13.333,0.86894,0.049233
0.8,0.6,3.0,100.0,13.333,0.90797,0.053336
0.8,0.6,3.0,100.0,13.333,0.93492,0.057439
0.8,0.6,3.0,100.0,13.333,0.95887,0.061542
0.8,0.6,3.0,100.0,13.333,0.97554,0.065644
0.8,0.6,3.0,100.0,13.333,0.99164,0.069747
0.8,0.6,3.0,100.0,13.333,1.0053,0.07385
0.8,0.6,3.0,100.0,13.333,1.0192,0.077953
0.8,0.6,3.0,100.0,13.333,0.17083,0.0082055
0.8,0.6,3.0,100.0,13.333,1.0336,0.082055
0.8,0.6,3.0,100.0,13.333,0.25555,0.012308
0.8,0.6,3.0,100.0,13.333,0.33934,0.016411
0.8,0.6,3.0,100.0,13.333,0.42131,0.020514
0.8,0.6,3.0,100.0,13.333,0.50075,0.024617
0.8,0.6,3.0,100.0,13.333,0.57653,0.028719
0.8,0.6,3.0,100.0,13.333,0.64723,0.032822
0.8,0.6,3.0,100.0,13.333,0.71241,0.036925
0.8,0.6,3.0,1000.0,13.333,0.16362,0.00078602
0.8,0.6,3.0,1000.0,13.333,1.013,0.0078602
0.8,0.6,3.0,1000.0,13.333,1.0401,0.0086463
0.8,0.6,3.0,1000.0,13.333,1.0702,0.0094323
0.8,0.6,3.0,1000.0,13.333,1.1008,0.010218
0.8,0.6,3.0,1000.0,13.333,1.1307,0.011004
0.8,0.6,3.0,1000.0,13.333,1.1594,0.01179
0.8,0.6,3.0,1000.0,13.333,1.1864,0.012576
0.8,0.6,3.0,1000.0,13.333,1.2111,0.013362
0.8,0.6,3.0,1000.0,13.333,1.2331,0.014148
0.8,0.6,3.0,1000.0,13.333,1.2537,0.014934
0.8,0.6,3.0,1000.0,13.333,0.32519,0.001572
0.8,0.6,3.0,1000.0,13.333,1.2735,0.01572
0.8,0.6,3.0,1000.0,13.333,0.48081,0.0023581
0.8,0.6,3.0,1000.0,13.333,0.62345,0.0031441
0.8,0.6,3.0,1000.0,13.333,0.74585,0.0039301
0.8,0.6,3.0,1000.0,13.333,0.84571,0.0047161
0.8,0.6,3.0,1000.0,13.333,0.91786,0.0055022
0.8,0.6,3.0,1000.0,13.333,0.95763,0.0062882
0.8,0.6,3.0,1000.0,13.333,0.98743,0.0070742
0.8,0.6,3.0,200.0,13.333,0.099432,0.0023857
0.8,0.6,3.0,200.0,13.333,0.85429,0.023857
0.8,0.6,3.0,200.0,13.333,0.9005,0.026243
0.8,0.6,3.0,200.0,13.333,0.93309,0.028629
0.8,0.6,3.0,200.0,13.333,0.96189,0.031014
0.8,0.6,3.0,200.0,13.333,0.98023,0.0334
0.8,0.6,3.0,200.0,13.333,0.99823,0.035786
0.8,0.6,3.0,200.0,13.333,1.0145,0.038171
0.8,0.6,3.0,200.0,13.333,1.0312,0.040557
0.8,0.6,3.0,200.0,13.333,1.0487,0.042943
0.8,0.6,3.0,200.0,13.333,1.0662,0.045329
0.8,0.6,3.0,200.0,13.333,0.19854,0.0047714
0.8,0.6,3.0,200.0,13.333,1.0835,0.047714
0.8,0.6,3.0,200.0,13.333,0.29663,0.0071571
0.8,0.6,3.0,200.0,13.333,0.39318,0.0095428
0.8,0.6,3.0,200.0,13.333,0.48631,0.011929
0.8,0.6,3.0,200.0,13.333,0.57493,0.014314
0.8,0.6,3.0,200.0,13.333,0.6575,0.0167
0.8,0.6,3.0,200.0,13.333,0.7316,0.019086
0.8,0.6,3.0,200.0,13.333,0.79732,0.021471
0.8,0.6,3.0,300.0,13.333,0.10954,0.0017524
0.8,0.6,3.0,300.0,13.333,0.89913,0.017524
0.8,0.6,3.0,300.0,13.333,0.93751,0.019277
0.8,0.6,3.0,300.0,13.333,0.9636,0.021029
0.8,0.6,3.0,300.0,13.333,0.98617,0.022782
0.8,0.6,3.0,300.0,13.333,1.0043,0.024534
0.8,0.6,3.0,300.0,13.333,1.0229,0.026286
0.8,0.6,3.0,300.0,13.333,1.0421,0.028039
0.8,0.6,3.0,300.0,13.333,1.0618,0.029791
0.8,0.6,3.0,300.0,13.333,1.081,0.031544
0.8,0.6,3.0,300.0,13.333,1.0996,0.033296
0.8,0.6,3.0,300.0,13.333,0.21862,0.0035049
0.8,0.6,3.0,300.0,13.333,1.118,0.035049
0.8,0.6,3.0,300.0,13.333,0.32628,0.0052573
0.8,0.6,3.0,300.0,13.333,0.43172,0.0070097
0.8,0.6,3.0,300.0,13.333,0.53201,0.0087621
0.8,0.6,3.0,300.0,13.333,0.62586,0.010515
0.8,0.6,3.0,300.0,13.333,0.71123,0.012267
0.8,0.6,3.0,300.0,13.333,0.78632,0.014019
0.8,0.6,3.0,300.0,13.333,0.84965,0.015772
0.8,0.6,3.0,500.0,13.333,0.12512,0.0012013
0.8,0.6,3.0,500.0,13.333,0.94728,0.012013
0.8,0.6,3.0,500.0,13.333,0.97553,0.013215
0.8,0.6,3.0,500.0,13.333,0.99713,0.014416
0.8,0.6,3.0,500.0,13.333,1.0184,0.015617
0.8,0.6,3.0,500.0,13.333,1.0401,0.016819
0.8,0.6,3.0,500.0,13.333,1.0634,0.01802
0.8,0.6,3.0,500.0,13.333,1.0863,0.019221
0.8,0.6,3.0,500.0,13.333,1.1081,0.020423
0.8,0.6,3.0,500.0,13.333,1.1285,0.021624
0.8,0.6,3.0,500.0,13.333,1.148,0.022825
0.8,0.6,3.0,500.0,13.333,0.24951,0.0024027
0.8,0.6,3.0,500.0,13.333,1.1671,0.024027
0.8,0.6,3.0,500.0,13.333,0.37159,0.003604
0.8,0.6,3.0,500.0,13.333,0.48971,0.0048053
0.8,0.6,3.0,500.0,13.333,0.59942,0.0060067
0.8,0.6,3.0,500.0,13.333,0.69846,0.007208
0.8,0.6,3.0,500.0,13.333,0.7844,0.0084093
0.8,0.6,3.0,500.0,13.333,0.85511,0.0096106
0.8,0.6,3.0,500.0,13.333,0.90964,0.010812
0.8,0.6,3.0,700.0,13.333,0.13733,0.0009421
0.8,0.6,3.0,700.0,13.333,0.97364,0.009421
0.8,0.6,3.0,700.0,13.333,0.99627,0.010363
0.8,0.6,3.0,700.0,13.333,1.0192,0.011305
0.8,0.6,3.0,700.0,13.333,1.043,0.012247
0.8,0.6,3.0,700.0,13.333,1.0688,0.013189
0.8,0.6,3.0,700.0,13.333,1.0944,0.014132
0.8,0.6,3.0,700.0,13.333,1.1192,0.015074
0.8,0.6,3.0,700.0,13.333,1.1424,0.016016
0.8,0.6,3.0,700.0,13.333,1.1638,0.016958
0.8,0.6,3.0,700.0,13.333,1.184,0.0179
0.8,0.6,3.0,700.0,13.333,0.27365,0.0018842
0.8,0.6,3.0,700.0,13.333,1.203,0.018842
0.8,0.6,3.0,700.0,13.333,0.40667,0.0028263
0.8,0.6,3.0,700.0,13.333,0.53384,0.0037684
0.8,0.6,3.0,700.0,13.333,0.64926,0.0047105
0.8,0.6,3.0,700.0,13.333,0.74986,0.0056526
0.8,0.6,3.0,700.0,13.333,0.83345,0.0065947
0.8,0.6,3.0,700.0,13.333,0.89968,0.0075368
0.8,0.6,3.0,700.0,13.333,0.93998,0.0084789
0.8,0.6,4.0,100.0,13.333,0.082369,0.0039518
0.8,0.6,4.0,100.0,13.333,0.74072,0.039518
0.8,0.6,4.0,100.0,13.333,0.79082,0.04347
0.8,0.6,4.0,100.0,13.333,0.83469,0.047421
0.8,0.6,4.0,100.0,13.333,0.87085,0.051373
0.8,0.6,4.0,100.0,13.333,0.9005,0.055325
0.8,0.6,4.0,100.0,13.333,0.92546,0.059277
0.8,0.6,4.0,100.0,13.333,0.94196,0.063229
0.8,0.6,4.0,100.0,13.333,0.95596,0.06718
0.8,0.6,4.0,100.0,13.333,0.96827,0.071132
0.8,0.6,4.0,100.0,13.333,0.97847,0.075084
0.8,0.6,4.0,100.0,13.333,0.16451,0.0079036
0.8,0.6,4.0,100.0,13.333,0.98866,0.079036
0.8,0.6,4.0,100.0,13.333,0.24606,0.011855
0.8,0.6,4.0,100.0,13.333,0.32659,0.015807
0.8,0.6,4.0,100.0,13.333,0.40544,0.019759
0.8,0.6,4.0,100.0,13.333,0.48168,0.023711
0.8,0.6,4.0,100.0,13.333,0.55404,0.027663
0.8,0.6,4.0,100.0,13.333,0.62201,0.031614
0.8,0.6,4.0,100.0,13.333,0.6846,0.035566
0.8,0.6,4.0,1000.0,13.333,0.17141,0.00082386
0.8,0.6,4.0,1000.0,13.333,0.99023,0.0082386
0.8,0.6,4.0,1000.0,13.333,1.0071,0.0090625
0.8,0.6,4.0,1000.0,13.333,1.0245,0.0098864
0.8,0.6,4.0,1000.0,13.333,1.0441,0.01071
0.8,0.6,4.0,1000.0,13.333,1.0644,0.011534
0.8,0.6,4.0,1000.0,13.333,1.0845,0.012358
0.8,0.6,4.0,1000.0,13.333,1.1038,0.013182
0.8,0.6,4.0,1000.0,13.333,1.122,0.014006
0.8,0.6,4.0,1000.0,13.333,1.1384,0.01483
0.8,0.6,4.0,1000.0,13.333,1.1535,0.015653
0.8,0.6,4.0,1000.0,13.333,0.34006,0.0016477
0.8,0.6,4.0,1000.0,13.333,1.1678,0.016477
0.8,0.6,4.0,1000.0,13.333,0.50021,0.0024716
0.8,0.6,4.0,1000.0,13.333,0.6432,0.0032955
0.8,0.6,4.0,1000.0,13.333,0.76089,0.0041193
0.8,0.6,4.0,1000.0,13.333,0.85292,0.0049432
0.8,0.6,4.0,1000.0,13.333,0.9139,0.005767
0.8,0.6,4.0,1000.0,13.333,0.94668,0.0065909
0.8,0.6,4.0,1000.0,13.333,0.97059,0.0074148
0.8,0.6,4.0,200.0,13.333,0.09919,0.0023798
0.8,0.6,4.0,200.0,13.333,0.83574,0.023798
0.8,0.6,4.0,200.0,13.333,0.87926,0.026178
0.8,0.6,4.0,200.0,13.333,0.91375,0.028558
0.8,0.6,4.0,200.0,13.333,0.93574,0.030938
0.8,0.6,4.0,200.0,13.333,0.95482,0.033318
0.8,0.6,4.0,200.0,13.333,0.96904,0.035698
0.8,0.6,4.0,200.0,13.333,0.98173,0.038077
0.8,0.6,4.0,200.0,13.333,0.9932,0.040457
0.8,0.6,4.0,200.0,13.333,1.0036,0.042837
0.8,0.6,4.0,200.0,13.333,1.0138,0.045217
0.8,0.6,4.0,200.0,13.333,0.19793,0.0047597
0.8,0.6,4.0,200.0,13.333,1.0241,0.047597
0.8,0.6,4.0,200.0,13.333,0.29566,0.0071395
0.8,0.6,4.0,200.0,13.333,0.39126,0.0095193
0.8,0.6,4.0,200.0,13.333,0.48335,0.011899
0.8,0.6,4.0,200.0,13.333,0.57011,0.014279
0.8,0.6,4.0,200.0,13.333,0.64983,0.016659
0.8,0.6,4.0,200.0,13.333,0.72081,0.019039
0.8,0.6,4.0,200.0,13.333,0.78292,0.021419
0.8,0.6,4.0,300.0,13.333,0.1078,0.0017246
0.8,0.6,4.0,300.0,13.333,0.87489,0.017246
0.8,0.6,4.0,300.0,13.333,0.91114,0.018971
0.8,0.6,4.0,300.0,13.333,0.93678,0.020695
0.8,0.6,4.0,300.0,13.333,0.95586,0.02242
0.8,0.6,4.0,300.0,13.333,0.97173,0.024144
0.8,0.6,4.0,300.0,13.333,0.98483,0.025869
0.8,0.6,4.0,300.0,13.333,0.99722,0.027594
0.8,0.6,4.0,300.0,13.333,1.0083,0.029318
0.8,0.6,4.0,300.0,13.333,1.0196,0.031043
0.8,0.6,4.0,300.0,13.333,1.0311,0.032767
0.8,0.6,4.0,300.0,13.333,0.21501,0.0034492
0.8,0.6,4.0,300.0,13.333,1.0431,0.034492
0.8,0.6,4.0,300.0,13.333,0.32085,0.0051738
0.8,0.6,4.0,300.0,13.333,0.42386,0.0068984
0.8,0.6,4.0,300.0,13.333,0.52179,0.008623
0.8,0.6,4.0,300.0,13.333,0.6127,0.010348
0.8,0.6,4.0,300.0,13.333,0.69446,0.012072
0.8,0.6,4.0,300.0,13.333,0.76509,0.013797
0.8,0.6,4.0,300.0,13.333,0.82519,0.015521
0.8,0.6,4.0,500.0,13.333,0.11928,0.0011452
0.8,0.6,4.0,500.0,13.333,0.91019,0.011452
0.8,0.6,4.0,500.0,13.333,0.94138,0.012597
0.8,0.6,4.0,500.0,13.333,0.95938,0.013742
0.8,0.6,4.0,500.0,13.333,0.97581,0.014888
0.8,0.6,4.0,500.0,13.333,0.98968,0.016033
0.8,0.6,4.0,500.0,13.333,1.0024,0.017178
0.8,0.6,4.0,500.0,13.333,1.015,0.018323
0.8,0.6,4.0,500.0,13.333,1.0278,0.019468
0.8,0.6,4.0,500.0,13.333,1.0414,0.020614
0.8,0.6,4.0,500.0,13.333,1.055,0.021759
0.8,0.6,4.0,500.0,13.333,0.23773,0.0022904
0.8,0.6,4.0,500.0,13.333,1.0681,0.022904
0.8,0.6,4.0,500.0,13.333,0.35419,0.0034356
0.8,0.6,4.0,500.0,13.333,0.46635,0.0045808
0.8,0.6,4.0,500.0,13.333,0.57117,0.005726
0.8,0.6,4.0,500.0,13.333,0.66565,0.0068712
0.8,0.6,4.0,500.0,13.333,0.74827,0.0080164
0.8,0.6,4.0,500.0,13.333,0.81743,0.0091616
0.8,0.6,4.0,500.0,13.333,0.87161,0.010307
0.8,0.6,4.0,700.0,13.333,0.1272,0.00087241
0.8,0.6,4.0,700.0,13.333,0.93043,0.0087241
0.8,0.6,4.0,700.0,13.333,0.9534,0.0095965
0.8,0.6,4.0,700.0,13.333,0.97078,0.010469
0.8,0.6,4.0,700.0,13.333,0.98629,0.011341
0.8,0.6,4.0,700.0,13.333,0.9996,0.012214
0.8,0.6,4.0,700.0,13.333,1.0129,0.013086
0.8,0.6,4.0,700.0,13.333,1.0263,0.013958
0.8,0.6,4.0,700.0,13.333,1.0409,0.014831
0.8,0.6,4.0,700.0,13.333,1.056,0.015703
0.8,0.6,4.0,700.0,13.333,1.0708,0.016576
0.8,0.6,4.0,700.0,13.333,0.25334,0.0017448
0.8,0.6,4.0,700.0,13.333,1.085,0.017448
0.8,0.6,4.0,700.0,13.333,0.377,0.0026172
0.8,0.6,4.0,700.0,13.333,0.49494,0.0034896
0.8,0.6,4.0,700.0,13.333,0.60384,0.004362
0.8,0.6,4.0,700.0,13.333,0.6994,0.0052344
0.8,0.6,4.0,700.0,13.333,0.78063,0.0061068
0.8,0.6,4.0,700.0,13.333,0.84602,0.0069792
0.8,0.6,4.0,700.0,13.333,0.89526,0.0078516
0.8,0.6,6.0,100.0,13.333,0.073707,0.0035362
0.8,0.6,6.0,100.0,13.333,0.6735,0.035362
0.8,0.6,6.0,100.0,13.333,0.72194,0.038898
0.8,0.6,6.0,100.0,13.333,0.76506,0.042434
0.8,0.6,6.0,100.0,13.333,0.80297,0.04597
0.8,0.6,6.0,100.0,13.333,0.83623,0.049506
0.8,0.6,6.0,100.0,13.333,0.865,0.053042
0.8,0.6,6.0,100.0,13.333,0.88678,0.056578
0.8,0.6,6.0,100.0,13.333,0.90681,0.060115
0.8,0.6,6.0,100.0,13.333,0.91962,0.063651
0.8,0.6,6.0,100.0,13.333,0.93017,0.067187
0.8,0.6,6.0,100.0,13.333,0.14725,0.0070723
0.8,0.6,6.0,100.0,13.333,0.94072,0.070723
0.8,0.6,6.0,100.0,13.333,0.22026,0.010608
0.8,0.6,6.0,100.0,13.333,0.29255,0.014145
0.8,0.6,6.0,100.0,13.333,0.36342,0.017681
0.8,0.6,6.0,100.0,13.333,0.43259,0.021217
0.8,0.6,6.0,100.0,13.333,0.49882,0.024753
0.8,0.6,6.0,100.0,13.333,0.56137,0.028289
0.8,0.6,6.0,100.0,13.333,0.61978,0.031825
0.8,0.6,6.0,1000.0,13.333,0.15893,0.00076368
0.8,0.6,6.0,1000.0,13.333,0.94845,0.0076368
0.8,0.6,6.0,1000.0,13.333,0.96135,0.0084005
0.8,0.6,6.0,1000.0,13.333,0.97282,0.0091642
0.8,0.6,6.0,1000.0,13.333,0.98332,0.0099279
0.8,0.6,6.0,1000.0,13.333,0.99269,0.010692
0.8,0.6,6.0,1000.0,13.333,1.0013,0.011455
0.8,0.6,6.0,1000.0,13.333,1.0097,0.012219
0.8,0.6,6.0,1000.0,13.333,1.0181,0.012983
0.8,0.6,6.0,1000.0,13.333,1.0269,0.013746
0.8,0.6,6.0,1000.0,13.333,1.0361,0.01451
0.8,0.6,6.0,1000.0,13.333,0.31531,0.0015274
0.8,0.6,6.0,1000.0,13.333,1.0454,0.015274
0.8,0.6,6.0,1000.0,13.333,0.46464,0.002291
0.8,0.6,6.0,1000.0,13.333,0.59938,0.0030547
0.8,0.6,6.0,1000.0,13.333,0.71196,0.0038184
0.8,0.6,6.0,1000.0,13.333,0.80098,0.0045821
0.8,0.6,6.0,1000.0,13.333,0.86566,0.0053458
0.8,0.6,6.0,1000.0,13.333,0.90764,0.0061095
0.8,0.6,6.0,1000.0,13.333,0.93211,0.0068731
0.8,0.6,6.0,200.0,13.333,0.08966,0.0021511
0.8,0.6,6.0,200.0,13.333,0.77229,0.021511
0.8,0.6,6.0,200.0,13.333,0.8168,0.023662
0.8,0.6,6.0,200.0,13.333,0.85359,0.025813
0.8,0.6,6.0,200.0,13.333,0.88441,0.027964
0.8,0.6,6.0,200.0,13.333,0.90609,0.030115
0.8,0.6,6.0,200.0,13.333,0.92448,0.032266
0.8,0.6,6.0,200.0,13.333,0.93508,0.034417
0.8,0.6,6.0,200.0,13.333,0.94568,0.036568
0.8,0.6,6.0,200.0,13.333,0.95403,0.038719
0.8,0.6,6.0,200.0,13.333,0.96157,0.04087
0.8,0.6,6.0,200.0,13.333,0.17894,0.0043022
0.8,0.6,6.0,200.0,13.333,0.96912,0.043021
0.8,0.6,6.0,200.0,13.333,0.26737,0.0064532
0.8,0.6,6.0,200.0,13.333,0.35411,0.0086043
0.8,0.6,6.0,200.0,13.333,0.4382,0.010755
0.8,0.6,6.0,200.0,13.333,0.51823,0.012906
0.8,0.6,6.0,200.0,13.333,0.59227,0.015058
0.8,0.6,6.0,200.0,13.333,0.65972,0.017209
0.8,0.6,6.0,200.0,13.333,0.7199,0.01936
0.8,0.6,6.0,300.0,13.333,0.10143,0.0016226
0.8,0.6,6.0,300.0,13.333,0.82927,0.016226
0.8,0.6,6.0,300.0,13.333,0.86974,0.017848
0.8,0.6,6.0,300.0,13.333,0.89696,0.019471
0.8,0.6,6.0,300.0,13.333,0.91938,0.021093
0.8,0.6,6.0,300.0,13.333,0.93265,0.022716
0.8,0.6,6.0,300.0,13.333,0.94576,0.024339
0.8,0.6,6.0,300.0,13.333,0.95454,0.025961
0.8,0.6,6.0,300.0,13.333,0.96332,0.027584
0.8,0.6,6.0,300.0,13.333,0.97119,0.029206
0.8,0.6,6.0,300.0,13.333,0.97822,0.030829
0.8,0.6,6.0,300.0,13.333,0.20228,0.0032451
0.8,0.6,6.0,300.0,13.333,0.98525,0.032451
0.8,0.6,6.0,300.0,13.333,0.30178,0.0048677
0.8,0.6,6.0,300.0,13.333,0.39876,0.0064903
0.8,0.6,6.0,300.0,13.333,0.49146,0.0081128
0.8,0.6,6.0,300.0,13.333,0.57709,0.0097354
0.8,0.6,6.0,300.0,13.333,0.65506,0.011358
0.8,0.6,6.0,300.0,13.333,0.72274,0.012981
0.8,0.6,6.0,300.0,13.333,0.78069,0.014603
0.8,0.6,6.0,500.0,13.333,0.11724,0.0011255
0.8,0.6,6.0,500.0,13.333,0.88439,0.011255
0.8,0.6,6.0,500.0,13.333,0.91448,0.01238
0.8,0.6,6.0,500.0,13.333,0.93051,0.013505
0.8,0.6,6.0,500.0,13.333,0.94441,0.014631
0.8,0.6,6.0,500.0,13.333,0.95542,0.015756
0.8,0.6,6.0,500.0,13.333,0.96506,0.016882
0.8,0.6,6.0,500.0,13.333,0.97407,0.018007
0.8,0.6,6.0,500.0,13.333,0.98185,0.019133
0.8,0.6,6.0,500.0,13.333,0.98955,0.020258
0.8,0.6,6.0,500.0,13.333,0.99619,0.021384
0.8,0.6,6.0,500.0,13.333,0.23358,0.0022509
0.8,0.6,6.0,500.0,13.333,1.0028,0.022509
0.8,0.6,6.0,500.0,13.333,0.34764,0.0033764
0.8,0.6,6.0,500.0,13.333,0.45718,0.0045018
0.8,0.6,6.0,500.0,13.333,0.55881,0.0056273
0.8,0.6,6.0,500.0,13.333,0.6502,0.0067527
0.8,0.6,6.0,500.0,13.333,0.72801,0.0078782
0.8,0.6,6.0,500.0,13.333,0.79318,0.0090036
0.8,0.6,6.0,500.0,13.333,0.8452,0.010129
0.8,0.6,6.0,700.0,13.333,0.12756,0.00087492
0.8,0.6,6.0,700.0,13.333,0.91007,0.0087492
0.8,0.6,6.0,700.0,13.333,0.92816,0.0096241
0.8,0.6,6.0,700.0,13.333,0.94468,0.010499
0.8,0.6,6.0,700.0,13.333,0.95555,0.011374
0.8,0.6,6.0,700.0,13.333,0.96641,0.012249
0.8,0.6,6.0,700.0,13.333,0.97519,0.013124
0.8,0.6,6.0,700.0,13.333,0.98389,0.013999
0.8,0.6,6.0,700.0,13.333,0.99156,0.014874
0.8,0.6,6.0,700.0,13.333,0.99887,0.015749
0.8,0.6,6.0,700.0,13.333,1.0058,0.016624
0.8,0.6,6.0,700.0,13.333,0.25392,0.0017498
0.8,0.6,6.0,700.0,13.333,1.0125,0.017498
0.8,0.6,6.0,700.0,13.333,0.3772,0.0026248
0.8,0.6,6.0,700.0,13.333,0.49435,0.0034997
0.8,0.6,6.0,700.0,13.333,0.60053,0.0043746
0.8,0.6,6.0,700.0,13.333,0.69273,0.0052495
0.8,0.6,6.0,700.0,13.333,0.76944,0.0061245
0.8,0.6,6.0,700.0,13.333,0.83087,0.0069994
0.8,0.6,6.0,700.0,13.333,0.87627,0.0078743
0.8,0.8,10.0,100.0,10.0,0.06468,0.0024307
0.8,0.8,10.0,100.0,10.0,0.60929,0.024307
0.8,0.8,10.0,100.0,10.0,0.65751,0.026738
0.8,0.8,10.0,100.0,10.0,0.7016,0.029168
0.8,0.8,10.0,100.0,10.0,0.74151,0.031599
0.8,0.8,10.0,100.0,10.0,0.77643,0.03403
0.8,0.8,10.0,100.0,10.0,0.80664,0.03646
0.8,0.8,10.0,100.0,10.0,0.83363,0.038891
0.8,0.8,10.0,100.0,10.0,0.856,0.041322
0.8,0.8,10.0,100.0,10.0,0.8747,0.043752
0.8,0.8,10.0,100.0,10.0,0.88921,0.046183
0.8,0.8,10.0,100.0,10.0,0.12926,0.0048614
0.8,0.8,10.0,100.0,10.0,0.90372,0.048614
0.8,0.8,10.0,100.0,10.0,0.19355,0.007292
0.8,0.8,10.0,100.0,10.0,0.25735,0.0097227
0.8,0.8,10.0,100.0,10.0,0.32045,0.012153
0.8,0.8,10.0,100.0,10.0,0.38244,0.014584
0.8,0.8,10.0,100.0,10.0,0.44295,0.017015
0.8,0.8,10.0,100.0,10.0,0.50145,0.019445
0.8,0.8,10.0,100.0,10.0,0.55719,0.021876
0.8,0.8,10.0,1000.0,10.0,0.15969,0.00060099
0.8,0.8,10.0,1000.0,10.0,0.92937,0.0060099
0.8,0.8,10.0,1000.0,10.0,0.93851,0.0066109
0.8,0.8,10.0,1000.0,10.0,0.94665,0.0072119
0.8,0.8,10.0,1000.0,10.0,0.95405,0.0078129
0.8,0.8,10.0,1000.0,10.0,0.96083,0.0084139
0.8,0.8,10.0,1000.0,10.0,0.96707,0.0090149
0.8,0.8,10.0,1000.0,10.0,0.97279,0.0096159
0.8,0.8,10.0,1000.0,10.0,0.97804,0.010217
0.8,0.8,10.0,1000.0,10.0,0.98291,0.010818
0.8,0.8,10.0,1000.0,10.0,0.98744,0.011419
0.8,0.8,10.0,1000.0,10.0,0.31702,0.001202
0.8,0.8,10.0,1000.0,10.0,0.99166,0.01202
0.8,0.8,10.0,1000.0,10.0,0.46776,0.001803
0.8,0.8,10.0,1000.0,10.0,0.60372,0.002404
0.8,0.8,10.0,1000.0,10.0,0.71663,0.003005
0.8,0.8,10.0,1000.0,10.0,0.80208,0.003606
0.8,0.8,10.0,1000.0,10.0,0.86224,0.004207
0.8,0.8,10.0,1000.0,10.0,0.89884,0.004808
0.8,0.8,10.0,1000.0,10.0,0.91832,0.005409
0.8,0.8,10.0,200.0,10.0,0.073488,0.0013809
0.8,0.8,10.0,200.0,10.0,0.67456,0.013809
0.8,0.8,10.0,200.0,10.0,0.72261,0.01519
0.8,0.8,10.0,200.0,10.0,0.76456,0.016571
0.8,0.8,10.0,200.0,10.0,0.80042,0.017952
0.8,0.8,10.0,200.0,10.0,0.83105,0.019333
0.8,0.8,10.0,200.0,10.0,0.85849,0.020714
0.8,0.8,10.0,200.0,10.0,0.87714,0.022095
0.8,0.8,10.0,200.0,10.0,0.89579,0.023476
0.8,0.8,10.0,200.0,10.0,0.90535,0.024857
0.8,0.8,10.0,200.0,10.0,0.91425,0.026238
0.8,0.8,10.0,200.0,10.0,0.14682,0.0027619
0.8,0.8,10.0,200.0,10.0,0.92314,0.027619
0.8,0.8,10.0,200.0,10.0,0.21969,0.0041428
0.8,0.8,10.0,200.0,10.0,0.29189,0.0055237
0.8,0.8,10.0,200.0,10.0,0.36281,0.0069047
0.8,0.8,10.0,200.0,10.0,0.43218,0.0082856
0.8,0.8,10.0,200.0,10.0,0.4988,0.0096665
0.8,0.8,10.0,200.0,10.0,0.56188,0.011047
0.8,0.8,10.0,200.0,10.0,0.6208,0.012428
0.8,0.8,10.0,300.0,10.0,0.080521,0.0010088
0.8,0.8,10.0,300.0,10.0,0.71992,0.010088
0.8,0.8,10.0,300.0,10.0,0.76593,0.011097
0.8,0.8,10.0,300.0,10.0,0.80519,0.012106
0.8,0.8,10.0,300.0,10.0,0.83895,0.013114
0.8,0.8,10.0,300.0,10.0,0.86445,0.014123
0.8,0.8,10.0,300.0,10.0,0.88543,0.015132
0.8,0.8,10.0,300.0,10.0,0.90009,0.016141
0.8,0.8,10.0,300.0,10.0,0.91432,0.01715
0.8,0.8,10.0,300.0,10.0,0.92041,0.018158
0.8,0.8,10.0,300.0,10.0,0.92651,0.019167
0.8,0.8,10.0,300.0,10.0,0.16081,0.0020176
0.8,0.8,10.0,300.0,10.0,0.9326,0.020176
0.8,0.8,10.0,300.0,10.0,0.24053,0.0030264
0.8,0.8,10.0,300.0,10.0,0.31919,0.0040352
0.8,0.8,10.0,300.0,10.0,0.39635,0.005044
0.8,0.8,10.0,300.0,10.0,0.47078,0.0060528
0.8,0.8,10.0,300.0,10.0,0.54174,0.0070616
0.8,0.8,10.0,300.0,10.0,0.60735,0.0080704
0.8,0.8,10.0,300.0,10.0,0.6669,0.0090792
0.8,0.8,10.0,500.0,10.0,0.11332,0.00085209
0.8,0.8,10.0,500.0,10.0,0.8667,0.0085209
0.8,0.8,10.0,500.0,10.0,0.89361,0.009373
0.8,0.8,10.0,500.0,10.0,0.9116,0.010225
0.8,0.8,10.0,500.0,10.0,0.92243,0.011077
0.8,0.8,10.0,500.0,10.0,0.93034,0.011929
0.8,0.8,10.0,500.0,10.0,0.9374,0.012781
0.8,0.8,10.0,500.0,10.0,0.94349,0.013633
0.8,0.8,10.0,500.0,10.0,0.94925,0.014486
0.8,0.8,10.0,500.0,10.0,0.95458,0.015338
0.8,0.8,10.0,500.0,10.0,0.95944,0.01619
0.8,0.8,10.0,500.0,10.0,0.22591,0.0017042
0.8,0.8,10.0,500.0,10.0,0.96412,0.017042
0.8,0.8,10.0,500.0,10.0,0.33664,0.0025563
0.8,0.8,10.0,500.0,10.0,0.44378,0.0034084
0.8,0.8,10.0,500.0,10.0,0.5443,0.0042604
0.8,0.8,10.0,500.0,10.0,0.63511,0.0051125
0.8,0.8,10.0,500.0,10.0,0.71309,0.0059646
0.8,0.8,10.0,500.0,10.0,0.77775,0.0068167
0.8,0.8,10.0,500.0,10.0,0.82817,0.0076688
0.8,0.8,10.0,700.0,10.0,0.1347,0.00072381
0.8,0.8,10.0,700.0,10.0,0.90856,0.0072381
0.8,0.8,10.0,700.0,10.0,0.92281,0.0079619
0.8,0.8,10.0,700.0,10.0,0.93162,0.0086857
0.8,0.8,10.0,700.0,10.0,0.93938,0.0094096
0.8,0.8,10.0,700.0,10.0,0.94655,0.010133
0.8,0.8,10.0,700.0,10.0,0.95293,0.010857
0.8,0.8,10.0,700.0,10.0,0.95884,0.011581
0.8,0.8,10.0,700.0,10.0,0.96444,0.012305
0.8,0.8,10.0,700.0,10.0,0.96944,0.013029
0.8,0.8,10.0,700.0,10.0,0.97412,0.013752
0.8,0.8,10.0,700.0,10.0,0.26808,0.0014476
0.8,0.8,10.0,700.0,10.0,0.97851,0.014476
0.8,0.8,10.0,700.0,10.0,0.39804,0.0021714
0.8,0.8,10.0,700.0,10.0,0.5208,0.0028952
0.8,0.8,10.0,700.0,10.0,0.63025,0.0036191
0.8,0.8,10.0,700.0,10.0,0.72256,0.0043429
0.8,0.8,10.0,700.0,10.0,0.79557,0.0050667
0.8,0.8,10.0,700.0,10.0,0.84896,0.0057905
0.8,0.8,10.0,700.0,10.0,0.88608,0.0065143
0.8,0.8,20.0,100.0,10.0,0.060718,0.0022818
0.8,0.8,20.0,100.0,10.0,0.57538,0.022818
0.8,0.8,20.0,100.0,10.0,0.62228,0.025099
0.8,0.8,20.0,100.0,10.0,0.66539,0.027381
0.8,0.8,20.0,100.0,10.0,0.70439,0.029663
0.8,0.8,20.0,100.0,10.0,0.73923,0.031945
0.8,0.8,20.0,100.0,10.0,0.77025,0.034226
0.8,0.8,20.0,100.0,10.0,0.79843,0.036508
0.8,0.8,20.0,100.0,10.0,0.82122,0.03879
0.8,0.8,20.0,100.0,10.0,0.84212,0.041072
0.8,0.8,20.0,100.0,10.0,0.85833,0.043353
0.8,0.8,20.0,100.0,10.0,0.12134,0.0045635
0.8,0.8,20.0,100.0,10.0,0.87453,0.045635
0.8,0.8,20.0,100.0,10.0,0.18173,0.0068453
0.8,0.8,20.0,100.0,10.0,0.24165,0.009127
0.8,0.8,20.0,100.0,10.0,0.30096,0.011409
0.8,0.8,20.0,100.0,10.0,0.3594,0.013691
0.8,0.8,20.0,100.0,10.0,0.4165,0.015972
0.8,0.8,20.0,100.0,10.0,0.47193,0.018254
0.8,0.8,20.0,100.0,10.0,0.52505,0.020536
0.8,0.8,20.0,1000.0,10.0,0.15223,0.00057293
0.8,0.8,20.0,1000.0,10.0,0.90793,0.0057293
0.8,0.8,20.0,1000.0,10.0,0.91447,0.0063022
0.8,0.8,20.0,1000.0,10.0,0.91951,0.0068752
0.8,0.8,20.0,1000.0,10.0,0.92403,0.0074481
0.8,0.8,20.0,1000.0,10.0,0.92821,0.008021
0.8,0.8,20.0,1000.0,10.0,0.93194,0.0085939
0.8,0.8,20.0,1000.0,10.0,0.93542,0.0091669
0.8,0.8,20.0,1000.0,10.0,0.93871,0.0097398
0.8,0.8,20.0,1000.0,10.0,0.94164,0.010313
0.8,0.8,20.0,1000.0,10.0,0.9444,0.010886
0.8,0.8,20.0,1000.0,10.0,0.30225,0.0011459
0.8,0.8,20.0,1000.0,10.0,0.94701,0.011459
0.8,0.8,20.0,1000.0,10.0,0.44642,0.0017188
0.8,0.8,20.0,1000.0,10.0,0.57746,0.0022917
0.8,0.8,20.0,1000.0,10.0,0.68747,0.0028646
0.8,0.8,20.0,1000.0,10.0,0.7728,0.0034376
0.8,0.8,20.0,1000.0,10.0,0.83332,0.0040105
0.8,0.8,20.0,1000.0,10.0,0.87435,0.0045834
0.8,0.8,20.0,1000.0,10.0,0.89672,0.0051564
0.8,0.8,20.0,200.0,10.0,0.064257,0.0012074
0.8,0.8,20.0,200.0,10.0,0.603,0.012074
0.8,0.8,20.0,200.0,10.0,0.65006,0.013281
0.8,0.8,20.0,200.0,10.0,0.69292,0.014489
0.8,0.8,20.0,200.0,10.0,0.73151,0.015696
0.8,0.8,20.0,200.0,10.0,0.76554,0.016904
0.8,0.8,20.0,200.0,10.0,0.79436,0.018111
0.8,0.8,20.0,200.0,10.0,0.82011,0.019319
0.8,0.8,20.0,200.0,10.0,0.84176,0.020526
0.8,0.8,20.0,200.0,10.0,0.85963,0.021733
0.8,0.8,20.0,200.0,10.0,0.87372,0.022941
0.8,0.8,20.0,200.0,10.0,0.1284,0.0024148
0.8,0.8,20.0,200.0,10.0,0.88781,0.024148
0.8,0.8,20.0,200.0,10.0,0.19224,0.0036222
0.8,0.8,20.0,200.0,10.0,0.25555,0.0048296
0.8,0.8,20.0,200.0,10.0,0.31815,0.006037
0.8,0.8,20.0,200.0,10.0,0.37951,0.0072445
0.8,0.8,20.0,200.0,10.0,0.4394,0.0084519
0.8,0.8,20.0,200.0,10.0,0.49722,0.0096593
0.8,0.8,20.0,200.0,10.0,0.55192,0.010867
0.8,0.8,20.0,300.0,10.0,0.089356,0.0011195
0.8,0.8,20.0,300.0,10.0,0.76279,0.011195
0.8,0.8,20.0,300.0,10.0,0.80321,0.012315
0.8,0.8,20.0,300.0,10.0,0.83593,0.013435
0.8,0.8,20.0,300.0,10.0,0.86185,0.014554
0.8,0.8,20.0,300.0,10.0,0.88161,0.015674
0.8,0.8,20.0,300.0,10.0,0.89409,0.016793
0.8,0.8,20.0,300.0,10.0,0.90432,0.017913
0.8,0.8,20.0,300.0,10.0,0.90883,0.019032
0.8,0.8,20.0,300.0,10.0,0.91317,0.020152
0.8,0.8,20.0,300.0,10.0,0.91638,0.021271
0.8,0.8,20.0,300.0,10.0,0.17834,0.0022391
0.8,0.8,20.0,300.0,10.0,0.91959,0.022391
0.8,0.8,20.0,300.0,10.0,0.26645,0.0033586
0.8,0.8,20.0,300.0,10.0,0.3529,0.0044782
0.8,0.8,20.0,300.0,10.0,0.43683,0.0055977
0.8,0.8,20.0,300.0,10.0,0.51642,0.0067173
0.8,0.8,20.0,300.0,10.0,0.58998,0.0078368
0.8,0.8,20.0,300.0,10.0,0.65598,0.0089564
0.8,0.8,20.0,300.0,10.0,0.71358,0.010076
0.8,0.8,20.0,500.0,10.0,0.11823,0.00088916
0.8,0.8,20.0,500.0,10.0,0.86745,0.0088916
0.8,0.8,20.0,500.0,10.0,0.88903,0.0097808
0.8,0.8,20.0,500.0,10.0,0.90139,0.01067
0.8,0.8,20.0,500.0,10.0,0.90997,0.011559
0.8,0.8,20.0,500.0,10.0,0.91457,0.012448
0.8,0.8,20.0,500.0,10.0,0.91887,0.013337
0.8,0.8,20.0,500.0,10.0,0.92259,0.014227
0.8,0.8,20.0,500.0,10.0,0.92597,0.015116
0.8,0.8,20.0,500.0,10.0,0.9291,0.016005
0.8,0.8,20.0,500.0,10.0,0.93193,0.016894
0.8,0.8,20.0,500.0,10.0,0.23551,0.0017783
0.8,0.8,20.0,500.0,10.0,0.93467,0.017783
0.8,0.8,20.0,500.0,10.0,0.35042,0.0026675
0.8,0.8,20.0,500.0,10.0,0.46077,0.0035566
0.8,0.8,20.0,500.0,10.0,0.56272,0.0044458
0.8,0.8,20.0,500.0,10.0,0.65238,0.005335
0.8,0.8,20.0,500.0,10.0,0.72749,0.0062241
0.8,0.8,20.0,500.0,10.0,0.78712,0.0071133
0.8,0.8,20.0,500.0,10.0,0.83363,0.0080024
0.8,0.8,20.0,700.0,10.0,0.13505,0.00072577
0.8,0.8,20.0,700.0,10.0,0.89564,0.0072577
0.8,0.8,20.0,700.0,10.0,0.90611,0.0079834
0.8,0.8,20.0,700.0,10.0,0.91305,0.0087092
0.8,0.8,20.0,700.0,10.0,0.91784,0.009435
0.8,0.8,20.0,700.0,10.0,0.92216,0.010161
0.8,0.8,20.0,700.0,10.0,0.92613,0.010887
0.8,0.8,20.0,700.0,10.0,0.9296,0.011612
0.8,0.8,20.0,700.0,10.0,0.93289,0.012338
0.8,0.8,20.0,700.0,10.0,0.93586,0.013064
0.8,0.8,20.0,700.0,10.0,0.93863,0.01379
0.8,0.8,20.0,700.0,10.0,0.26865,0.0014515
0.8,0.8,20.0,700.0,10.0,0.94129,0.014515
0.8,0.8,20.0,700.0,10.0,0.3984,0.0021773
0.8,0.8,20.0,700.0,10.0,0.52024,0.0029031
0.8,0.8,20.0,700.0,10.0,0.62816,0.0036288
0.8,0.8,20.0,700.0,10.0,0.71731,0.0043546
0.8,0.8,20.0,700.0,10.0,0.7869,0.0050804
0.8,0.8,20.0,700.0,10.0,0.83893,0.0058061
0.8,0.8,20.0,700.0,10.0,0.8749,0.0065319
0.8,0.8,3.0,100.0,10.0,0.083579,0.0031411
0.8,0.8,3.0,100.0,10.0,0.76649,0.031411
0.8,0.8,3.0,100.0,10.0,0.81996,0.034553
0.8,0.8,3.0,100.0,10.0,0.8662,0.037694
0.8,0.8,3.0,100.0,10.0,0.90613,0.040835
0.8,0.8,3.0,100.0,10.0,0.93325,0.043976
0.8,0.8,3.0,100.0,10.0,0.9576,0.047117
0.8,0.8,3.0,100.0,10.0,0.97452,0.050258
0.8,0.8,3.0,100.0,10.0,0.99079,0.053399
0.8,0.8,3.0,100.0,10.0,1.0046,0.056541
0.8,0.8,3.0,100.0,10.0,1.0185,0.059682
0.8,0.8,3.0,100.0,10.0,0.16701,0.0062823
0.8,0.8,3.0,100.0,10.0,1.0329,0.062823
0.8,0.8,3.0,100.0,10.0,0.25,0.0094234
0.8,0.8,3.0,100.0,10.0,0.33227,0.012565
0.8,0.8,3.0,100.0,10.0,0.41324,0.015706
0.8,0.8,3.0,100.0,10.0,0.49217,0.018847
0.8,0.8,3.0,100.0,10.0,0.5683,0.021988
0.8,0.8,3.0,100.0,10.0,0.63989,0.025129
0.8,0.8,3.0,100.0,10.0,0.70623,0.02827
0.8,0.8,3.0,1000.0,10.0,0.18808,0.00070794
0.8,0.8,3.0,1000.0,10.0,1.0622,0.0070794
0.8,0.8,3.0,1000.0,10.0,1.0983,0.0077873
0.8,0.8,3.0,1000.0,10.0,1.1335,0.0084952
0.8,0.8,3.0,1000.0,10.0,1.1672,0.0092032
0.8,0.8,3.0,1000.0,10.0,1.1978,0.0099111
0.8,0.8,3.0,1000.0,10.0,1.2251,0.010619
0.8,0.8,3.0,1000.0,10.0,1.25,0.011327
0.8,0.8,3.0,1000.0,10.0,1.2733,0.012035
0.8,0.8,3.0,1000.0,10.0,1.2973,0.012743
0.8,0.8,3.0,1000.0,10.0,1.3216,0.013451
0.8,0.8,3.0,1000.0,10.0,0.37336,0.0014159
0.8,0.8,3.0,1000.0,10.0,1.3454,0.014159
0.8,0.8,3.0,1000.0,10.0,0.54971,0.0021238
0.8,0.8,3.0,1000.0,10.0,0.7056,0.0028317
0.8,0.8,3.0,1000.0,10.0,0.83128,0.0035397
0.8,0.8,3.0,1000.0,10.0,0.9192,0.0042476
0.8,0.8,3.0,1000.0,10.0,0.96305,0.0049556
0.8,0.8,3.0,1000.0,10.0,0.99701,0.0056635
0.8,0.8,3.0,1000.0,10.0,1.0276,0.0063714
0.8,0.8,3.0,200.0,10.0,0.097179,0.0018264
0.8,0.8,3.0,200.0,10.0,0.85128,0.018264
0.8,0.8,3.0,200.0,10.0,0.89783,0.02009
0.8,0.8,3.0,200.0,10.0,0.93136,0.021917
0.8,0.8,3.0,200.0,10.0,0.96035,0.023743
0.8,0.8,3.0,200.0,10.0,0.9791,0.025569
0.8,0.8,3.0,200.0,10.0,0.99734,0.027396
0.8,0.8,3.0,200.0,10.0,1.0136,0.029222
0.8,0.8,3.0,200.0,10.0,1.0303,0.031049
0.8,0.8,3.0,200.0,10.0,1.0478,0.032875
0.8,0.8,3.0,200.0,10.0,1.0655,0.034701
0.8,0.8,3.0,200.0,10.0,0.19412,0.0036528
0.8,0.8,3.0,200.0,10.0,1.0828,0.036528
0.8,0.8,3.0,200.0,10.0,0.29029,0.0054792
0.8,0.8,3.0,200.0,10.0,0.38526,0.0073055
0.8,0.8,3.0,200.0,10.0,0.47778,0.0091319
0.8,0.8,3.0,200.0,10.0,0.56648,0.010958
0.8,0.8,3.0,200.0,10.0,0.64996,0.012785
0.8,0.8,3.0,200.0,10.0,0.72588,0.014611
0.8,0.8,3.0,200.0,10.0,0.79306,0.016437
0.8,0.8,3.0,300.0,10.0,0.10703,0.0013412
0.8,0.8,3.0,300.0,10.0,0.89647,0.013412
0.8,0.8,3.0,300.0,10.0,0.93586,0.014753
0.8,0.8,3.0,300.0,10.0,0.96218,0.016095
0.8,0.8,3.0,300.0,10.0,0.98501,0.017436
0.8,0.8,3.0,300.0,10.0,1.0033,0.018777
0.8,0.8,3.0,300.0,10.0,1.0219,0.020118
0.8,0.8,3.0,300.0,10.0,1.0411,0.02146
0.8,0.8,3.0,300.0,10.0,1.0608,0.022801
0.8,0.8,3.0,300.0,10.0,1.0802,0.024142
0.8,0.8,3.0,300.0,10.0,1.0989,0.025483
0.8,0.8,3.0,300.0,10.0,0.21373,0.0026824
0.8,0.8,3.0,300.0,10.0,1.1173,0.026824
0.8,0.8,3.0,300.0,10.0,0.31935,0.0040237
0.8,0.8,3.0,300.0,10.0,0.4232,0.0053649
0.8,0.8,3.0,300.0,10.0,0.52338,0.0067061
0.8,0.8,3.0,300.0,10.0,0.61779,0.0080473
0.8,0.8,3.0,300.0,10.0,0.70444,0.0093886
0.8,0.8,3.0,300.0,10.0,0.78112,0.01073
0.8,0.8,3.0,300.0,10.0,0.84582,0.012071
0.8,0.8,3.0,500.0,10.0,0.12224,0.00091928
0.8,0.8,3.0,500.0,10.0,0.94538,0.0091928
0.8,0.8,3.0,500.0,10.0,0.97415,0.010112
0.8,0.8,3.0,500.0,10.0,0.99596,0.011031
0.8,0.8,3.0,500.0,10.0,1.0172,0.011951
0.8,0.8,3.0,500.0,10.0,1.0389,0.01287
0.8,0.8,3.0,500.0,10.0,1.0622,0.013789
0.8,0.8,3.0,500.0,10.0,1.0853,0.014708
0.8,0.8,3.0,500.0,10.0,1.1072,0.015628
0.8,0.8,3.0,500.0,10.0,1.1277,0.016547
0.8,0.8,3.0,500.0,10.0,1.1473,0.017466
0.8,0.8,3.0,500.0,10.0,0.24395,0.0018386
0.8,0.8,3.0,500.0,10.0,1.1664,0.018386
0.8,0.8,3.0,500.0,10.0,0.3639,0.0027578
0.8,0.8,3.0,500.0,10.0,0.48082,0.0036771
0.8,0.8,3.0,500.0,10.0,0.59119,0.0045964
0.8,0.8,3.0,500.0,10.0,0.6916,0.0055157
0.8,0.8,3.0,500.0,10.0,0.77929,0.0064349
0.8,0.8,3.0,500.0,10.0,0.85156,0.0073542
0.8,0.8,3.0,500.0,10.0,0.90753,0.0082735
0.8,0.8,3.0,700.0,10.0,0.15221,0.00081783
0.8,0.8,3.0,700.0,10.0,1.0033,0.0081783
0.8,0.8,3.0,700.0,10.0,1.029,0.0089961
0.8,0.8,3.0,700.0,10.0,1.0576,0.0098139
0.8,0.8,3.0,700.0,10.0,1.0871,0.010632
0.8,0.8,3.0,700.0,10.0,1.1156,0.01145
0.8,0.8,3.0,700.0,10.0,1.1422,0.012267
0.8,0.8,3.0,700.0,10.0,1.1664,0.013085
0.8,0.8,3.0,700.0,10.0,1.1889,0.013903
0.8,0.8,3.0,700.0,10.0,1.2105,0.014721
0.8,0.8,3.0,700.0,10.0,1.2326,0.015539
0.8,0.8,3.0,700.0,10.0,0.30312,0.0016357
0.8,0.8,3.0,700.0,10.0,1.2544,0.016357
0.8,0.8,3.0,700.0,10.0,0.45039,0.0024535
0.8,0.8,3.0,700.0,10.0,0.58917,0.0032713
0.8,0.8,3.0,700.0,10.0,0.71279,0.0040891
0.8,0.8,3.0,700.0,10.0,0.81699,0.004907
0.8,0.8,3.0,700.0,10.0,0.89366,0.0057248
0.8,0.8,3.0,700.0,10.0,0.94631,0.0065426
0.8,0.8,3.0,700.0,10.0,0.97764,0.0073605
0.8,0.8,4.0,100.0,10.0,0.079971,0.0030055
0.8,0.8,4.0,100.0,10.0,0.73346,0.030055
0.8,0.8,4.0,100.0,10.0,0.78499,0.03306
0.8,0.8,4.0,100.0,10.0,0.82953,0.036066
0.8,0.8,4.0,100.0,10.0,0.86687,0.039071
0.8,0.8,4.0,100.0,10.0,0.89769,0.042077
0.8,0.8,4.0,100.0,10.0,0.92277,0.045082
0.8,0.8,4.0,100.0,10.0,0.9402,0.048088
0.8,0.8,4.0,100.0,10.0,0.95433,0.051093
0.8,0.8,4.0,100.0,10.0,0.96692,0.054099
0.8,0.8,4.0,100.0,10.0,0.97726,0.057104
0.8,0.8,4.0,100.0,10.0,0.15979,0.006011
0.8,0.8,4.0,100.0,10.0,0.98759,0.06011
0.8,0.8,4.0,100.0,10.0,0.23915,0.0090165
0.8,0.8,4.0,100.0,10.0,0.31782,0.012022
0.8,0.8,4.0,100.0,10.0,0.39512,0.015027
0.8,0.8,4.0,100.0,10.0,0.47073,0.018033
0.8,0.8,4.0,100.0,10.0,0.54311,0.021038
0.8,0.8,4.0,100.0,10.0,0.61164,0.024044
0.8,0.8,4.0,100.0,10.0,0.6754,0.027049
0.8,0.8,4.0,1000.0,10.0,0.20259,0.00076315
0.8,0.8,4.0,1000.0,10.0,1.0266,0.0076315
0.8,0.8,4.0,1000.0,10.0,1.0507,0.0083946
0.8,0.8,4.0,1000.0,10.0,1.0754,0.0091578
0.8,0.8,4.0,1000.0,10.0,1.0994,0.0099209
0.8,0.8,4.0,1000.0,10.0,1.1215,0.010684
0.8,0.8,4.0,1000.0,10.0,1.1414,0.011447
0.8,0.8,4.0,1000.0,10.0,1.1594,0.01221
0.8,0.8,4.0,1000.0,10.0,1.1763,0.012974
0.8,0.8,4.0,1000.0,10.0,1.1922,0.013737
0.8,0.8,4.0,1000.0,10.0,1.2077,0.0145
0.8,0.8,4.0,1000.0,10.0,0.40114,0.0015263
0.8,0.8,4.0,1000.0,10.0,1.2235,0.015263
0.8,0.8,4.0,1000.0,10.0,0.58531,0.0022894
0.8,0.8,4.0,1000.0,10.0,0.73956,0.0030526
0.8,0.8,4.0,1000.0,10.0,0.85422,0.0038157
0.8,0.8,4.0,1000.0,10.0,0.92322,0.0045789
0.8,0.8,4.0,1000.0,10.0,0.95769,0.005342
0.8,0.8,4.0,1000.0,10.0,0.9839,0.0061052
0.8,0.8,4.0,1000.0,10.0,1.0054,0.0068683
0.8,0.8,4.0,200.0,10.0,0.096497,0.0018135
0.8,0.8,4.0,200.0,10.0,0.83191,0.018135
0.8,0.8,4.0,200.0,10.0,0.87664,0.019949
0.8,0.8,4.0,200.0,10.0,0.91138,0.021762
0.8,0.8,4.0,200.0,10.0,0.93424,0.023576
0.8,0.8,4.0,200.0,10.0,0.95348,0.025389
0.8,0.8,4.0,200.0,10.0,0.96797,0.027203
0.8,0.8,4.0,200.0,10.0,0.98086,0.029016
0.8,0.8,4.0,200.0,10.0,0.99241,0.03083
0.8,0.8,4.0,200.0,10.0,1.0029,0.032644
0.8,0.8,4.0,200.0,10.0,1.0132,0.034457
0.8,0.8,4.0,200.0,10.0,0.19267,0.0036271
0.8,0.8,4.0,200.0,10.0,1.0234,0.036271
0.8,0.8,4.0,200.0,10.0,0.28809,0.0054406
0.8,0.8,4.0,200.0,10.0,0.3819,0.0072541
0.8,0.8,4.0,200.0,10.0,0.47328,0.0090676
0.8,0.8,4.0,200.0,10.0,0.5601,0.010881
0.8,0.8,4.0,200.0,10.0,0.64139,0.012695
0.8,0.8,4.0,200.0,10.0,0.7139,0.014508
0.8,0.8,4.0,200.0,10.0,0.77768,0.016322
0.8,0.8,4.0,300.0,10.0,0.10493,0.0013148
0.8,0.8,4.0,300.0,10.0,0.87244,0.013148
0.8,0.8,4.0,300.0,10.0,0.90893,0.014463
0.8,0.8,4.0,300.0,10.0,0.93541,0.015778
0.8,0.8,4.0,300.0,10.0,0.95468,0.017093
0.8,0.8,4.0,300.0,10.0,0.97075,0.018408
0.8,0.8,4.0,300.0,10.0,0.98405,0.019723
0.8,0.8,4.0,300.0,10.0,0.99651,0.021038
0.8,0.8,4.0,300.0,10.0,1.0077,0.022352
0.8,0.8,4.0,300.0,10.0,1.019,0.023667
0.8,0.8,4.0,300.0,10.0,1.0305,0.024982
0.8,0.8,4.0,300.0,10.0,0.20943,0.0026297
0.8,0.8,4.0,300.0,10.0,1.0424,0.026297
0.8,0.8,4.0,300.0,10.0,0.31294,0.0039445
0.8,0.8,4.0,300.0,10.0,0.41421,0.0052594
0.8,0.8,4.0,300.0,10.0,0.51196,0.0065742
0.8,0.8,4.0,300.0,10.0,0.6034,0.0078891
0.8,0.8,4.0,300.0,10.0,0.68722,0.0092039
0.8,0.8,4.0,300.0,10.0,0.75983,0.010519
0.8,0.8,4.0,300.0,10.0,0.82145,0.011834
0.8,0.8,4.0,500.0,10.0,0.1264,0.00095054
0.8,0.8,4.0,500.0,10.0,0.93698,0.0095054
0.8,0.8,4.0,500.0,10.0,0.95901,0.010456
0.8,0.8,4.0,500.0,10.0,0.97593,0.011406
0.8,0.8,4.0,500.0,10.0,0.99115,0.012357
0.8,0.8,4.0,500.0,10.0,1.0049,0.013308
0.8,0.8,4.0,500.0,10.0,1.0183,0.014258
0.8,0.8,4.0,500.0,10.0,1.0327,0.015209
0.8,0.8,4.0,500.0,10.0,1.0477,0.016159
0.8,0.8,4.0,500.0,10.0,1.0623,0.01711
0.8,0.8,4.0,500.0,10.0,1.0763,0.01806
0.8,0.8,4.0,500.0,10.0,0.25204,0.0019011
0.8,0.8,4.0,500.0,10.0,1.0899,0.019011
0.8,0.8,4.0,500.0,10.0,0.37551,0.0028516
0.8,0.8,4.0,500.0,10.0,0.4948,0.0038022
0.8,0.8,4.0,500.0,10.0,0.60574,0.0047527
0.8,0.8,4.0,500.0,10.0,0.70451,0.0057032
0.8,0.8,4.0,500.0,10.0,0.78819,0.0066538
0.8,0.8,4.0,500.0,10.0,0.85458,0.0076043
0.8,0.8,4.0,500.0,10.0,0.90349,0.0085549
0.8,0.8,4.0,700.0,10.0,0.15991,0.0008595
0.8,0.8,4.0,700.0,10.0,0.98434,0.008595
0.8,0.8,4.0,700.0,10.0,1.0019,0.0094545
0.8,0.8,4.0,700.0,10.0,1.0189,0.010314
0.8,0.8,4.0,700.0,10.0,1.0373,0.011174
0.8,0.8,4.0,700.0,10.0,1.0567,0.012033
0.8,0.8,4.0,700.0,10.0,1.0757,0.012893
0.8,0.8,4.0,700.0,10.0,1.0933,0.013752
0.8,0.8,4.0,700.0,10.0,1.1098,0.014612
0.8,0.8,4.0,700.0,10.0,1.1254,0.015471
0.8,0.8,4.0,700.0,10.0,1.14,0.016331
0.8,0.8,4.0,700.0,10.0,0.31808,0.001719
0.8,0.8,4.0,700.0,10.0,1.1541,0.01719
0.8,0.8,4.0,700.0,10.0,0.47094,0.0025785
0.8,0.8,4.0,700.0,10.0,0.61213,0.003438
0.8,0.8,4.0,700.0,10.0,0.7332,0.0042975
0.8,0.8,4.0,700.0,10.0,0.82836,0.005157
0.8,0.8,4.0,700.0,10.0,0.89562,0.0060165
0.8,0.8,4.0,700.0,10.0,0.93722,0.006876
0.8,0.8,4.0,700.0,10.0,0.96449,0.0077355
0.8,0.8,6.0,100.0,10.0,0.071443,0.002685
0.8,0.8,6.0,100.0,10.0,0.66486,0.02685
0.8,0.8,6.0,100.0,10.0,0.71488,0.029535
0.8,0.8,6.0,100.0,10.0,0.75952,0.03222
0.8,0.8,6.0,100.0,10.0,0.79879,0.034904
0.8,0.8,6.0,100.0,10.0,0.83325,0.037589
0.8,0.8,6.0,100.0,10.0,0.86239,0.040274
0.8,0.8,6.0,100.0,10.0,0.88507,0.042959
0.8,0.8,6.0,100.0,10.0,0.9053,0.045644
0.8,0.8,6.0,100.0,10.0,0.91868,0.048329
0.8,0.8,6.0,100.0,10.0,0.92933,0.051014
0.8,0.8,6.0,100.0,10.0,0.14277,0.0053699
0.8,0.8,6.0,100.0,10.0,0.93999,0.053699
0.8,0.8,6.0,100.0,10.0,0.21372,0.0080549
0.8,0.8,6.0,100.0,10.0,0.2841,0.01074
0.8,0.8,6.0,100.0,10.0,0.35352,0.013425
0.8,0.8,6.0,100.0,10.0,0.42152,0.01611
0.8,0.8,6.0,100.0,10.0,0.4877,0.018795
0.8,0.8,6.0,100.0,10.0,0.5506,0.02148
0.8,0.8,6.0,100.0,10.0,0.60991,0.024165
0.8,0.8,6.0,1000.0,10.0,0.17488,0.00065831
0.8,0.8,6.0,1000.0,10.0,0.96485,0.0065831
0.8,0.8,6.0,1000.0,10.0,0.97769,0.0072414
0.8,0.8,6.0,1000.0,10.0,0.98898,0.0078997
0.8,0.8,6.0,1000.0,10.0,0.999,0.008558
0.8,0.8,6.0,1000.0,10.0,1.0086,0.0092163
0.8,0.8,6.0,1000.0,10.0,1.0181,0.0098746
0.8,0.8,6.0,1000.0,10.0,1.0282,0.010533
0.8,0.8,6.0,1000.0,10.0,1.0386,0.011191
0.8,0.8,6.0,1000.0,10.0,1.049,0.01185
0.8,0.8,6.0,1000.0,10.0,1.0588,0.012508
0.8,0.8,6.0,1000.0,10.0,0.34689,0.0013166
0.8,0.8,6.0,1000.0,10.0,1.0681,0.013166
0.8,0.8,6.0,1000.0,10.0,0.51048,0.0019749
0.8,0.8,6.0,1000.0,10.0,0.65425,0.0026332
0.8,0.8,6.0,1000.0,10.0,0.76939,0.0032915
0.8,0.8,6.0,1000.0,10.0,0.8523,0.0039499
0.8,0.8,6.0,1000.0,10.0,0.90336,0.0046082
0.8,0.8,6.0,1000.0,10.0,0.93355,0.0052665
0.8,0.8,6.0,1000.0,10.0,0.9505,0.0059248
0.8,0.8,6.0,200.0,10.0,0.086602,0.0016275
0.8,0.8,6.0,200.0,10.0,0.765,0.016275
0.8,0.8,6.0,200.0,10.0,0.8111,0.017902
0.8,0.8,6.0,200.0,10.0,0.84941,0.01953
0.8,0.8,6.0,200.0,10.0,0.88173,0.021157
0.8,0.8,6.0,200.0,10.0,0.9035,0.022785
0.8,0.8,6.0,200.0,10.0,0.92292,0.024412
0.8,0.8,6.0,200.0,10.0,0.93361,0.02604
0.8,0.8,6.0,200.0,10.0,0.9443,0.027667
0.8,0.8,6.0,200.0,10.0,0.9529,0.029295
0.8,0.8,6.0,200.0,10.0,0.96054,0.030922
0.8,0.8,6.0,200.0,10.0,0.17294,0.0032549
0.8,0.8,6.0,200.0,10.0,0.96818,0.032549
0.8,0.8,6.0,200.0,10.0,0.25866,0.0048824
0.8,0.8,6.0,200.0,10.0,0.34312,0.0065099
0.8,0.8,6.0,200.0,10.0,0.42577,0.0081374
0.8,0.8,6.0,200.0,10.0,0.5052,0.0097648
0.8,0.8,6.0,200.0,10.0,0.58029,0.011392
0.8,0.8,6.0,200.0,10.0,0.64892,0.01302
0.8,0.8,6.0,200.0,10.0,0.71082,0.014647
0.8,0.8,6.0,300.0,10.0,0.097827,0.0012257
0.8,0.8,6.0,300.0,10.0,0.82388,0.012257
0.8,0.8,6.0,300.0,10.0,0.86491,0.013483
0.8,0.8,6.0,300.0,10.0,0.89354,0.014708
0.8,0.8,6.0,300.0,10.0,0.91745,0.015934
0.8,0.8,6.0,300.0,10.0,0.93079,0.01716
0.8,0.8,6.0,300.0,10.0,0.94413,0.018385
0.8,0.8,6.0,300.0,10.0,0.95316,0.019611
0.8,0.8,6.0,300.0,10.0,0.96203,0.020837
0.8,0.8,6.0,300.0,10.0,0.97004,0.022062
0.8,0.8,6.0,300.0,10.0,0.97715,0.023288
0.8,0.8,6.0,300.0,10.0,0.19524,0.0024514
0.8,0.8,6.0,300.0,10.0,0.98426,0.024514
0.8,0.8,6.0,300.0,10.0,0.29168,0.0036771
0.8,0.8,6.0,300.0,10.0,0.38637,0.0049028
0.8,0.8,6.0,300.0,10.0,0.47772,0.0061285
0.8,0.8,6.0,300.0,10.0,0.56394,0.0073542
0.8,0.8,6.0,300.0,10.0,0.64297,0.0085798
0.8,0.8,6.0,300.0,10.0,0.7136,0.0098055
0.8,0.8,6.0,300.0,10.0,0.77347,0.011031
0.8,0.8,6.0,500.0,10.0,0.11305,0.00084999
0.8,0.8,6.0,500.0,10.0,0.88096,0.0084999
0.8,0.8,6.0,500.0,10.0,0.91114,0.0093499
0.8,0.8,6.0,500.0,10.0,0.92868,0.0102
0.8,0.8,6.0,500.0,10.0,0.94265,0.01105
0.8,0.8,6.0,500.0,10.0,0.95402,0.0119
0.8,0.8,6.0,500.0,10.0,0.96376,0.01275
0.8,0.8,6.0,500.0,10.0,0.97292,0.0136
0.8,0.8,6.0,500.0,10.0,0.98077,0.01445
0.8,0.8,6.0,500.0,10.0,0.98856,0.0153
0.8,0.8,6.0,500.0,10.0,0.99523,0.01615
0.8,0.8,6.0,500.0,10.0,0.22544,0.0017
0.8,0.8,6.0,500.0,10.0,1.0019,0.017
0.8,0.8,6.0,500.0,10.0,0.33618,0.00255
0.8,0.8,6.0,500.0,10.0,0.44369,0.0034
0.8,0.8,6.0,500.0,10.0,0.54536,0.00425
0.8,0.8,6.0,500.0,10.0,0.63819,0.0051
0.8,0.8,6.0,500.0,10.0,0.71865,0.00595
0.8,0.8,6.0,500.0,10.0,0.78593,0.0068
0.8,0.8,6.0,500.0,10.0,0.83984,0.0076499
0.8,0.8,6.0,700.0,10.0,0.14547,0.00078171
0.8,0.8,6.0,700.0,10.0,0.94117,0.0078171
0.8,0.8,6.0,700.0,10.0,0.95463,0.0085988
0.8,0.8,6.0,700.0,10.0,0.96678,0.0093805
0.8,0.8,6.0,700.0,10.0,0.9778,0.010162
0.8,0.8,6.0,700.0,10.0,0.98735,0.010944
0.8,0.8,6.0,700.0,10.0,0.99613,0.011726
0.8,0.8,6.0,700.0,10.0,1.0044,0.012507
0.8,0.8,6.0,700.0,10.0,1.0124,0.013289
0.8,0.8,6.0,700.0,10.0,1.0204,0.014071
0.8,0.8,6.0,700.0,10.0,1.0286,0.014852
0.8,0.8,6.0,700.0,10.0,0.28943,0.0015634
0.8,0.8,6.0,700.0,10.0,1.0368,0.015634
0.8,0.8,6.0,700.0,10.0,0.42928,0.0023451
0.8,0.8,6.0,700.0,10.0,0.56015,0.0031268
0.8,0.8,6.0,700.0,10.0,0.6748,0.0039086
0.8,0.8,6.0,700.0,10.0,0.76888,0.0046903
0.8,0.8,6.0,700.0,10.0,0.84144,0.005472
0.8,0.8,6.0,700.0,10.0,0.89084,0.0062537
0.8,0.8,6.0,700.0,10.0,0.92227,0.0070354
0.8,1.0,10.0,100.0,8.0,0.063263,0.0019609
0.8,1.0,10.0,100.0,8.0,0.60114,0.019609
0.8,1.0,10.0,100.0,8.0,0.65028,0.02157
0.8,1.0,10.0,100.0,8.0,0.69546,0.023531
0.8,1.0,10.0,100.0,8.0,0.73639,0.025492
0.8,1.0,10.0,100.0,8.0,0.77239,0.027453
0.8,1.0,10.0,100.0,8.0,0.80388,0.029414
0.8,1.0,10.0,100.0,8.0,0.83194,0.031375
0.8,1.0,10.0,100.0,8.0,0.85475,0.033336
0.8,1.0,10.0,100.0,8.0,0.87415,0.035297
0.8,1.0,10.0,100.0,8.0,0.88892,0.037257
0.8,1.0,10.0,100.0,8.0,0.12644,0.0039218
0.8,1.0,10.0,100.0,8.0,0.90369,0.039218
0.8,1.0,10.0,100.0,8.0,0.18939,0.0058828
0.8,1.0,10.0,100.0,8.0,0.25189,0.0078437
0.8,1.0,10.0,100.0,8.0,0.3138,0.0098046
0.8,1.0,10.0,100.0,8.0,0.37482,0.011766
0.8,1.0,10.0,100.0,8.0,0.43453,0.013726
0.8,1.0,10.0,100.0,8.0,0.49256,0.015687
0.8,1.0,10.0,100.0,8.0,0.5483,0.017648
0.8,1.0,10.0,1000.0,8.0,0.1719,0.00053373
0.8,1.0,10.0,1000.0,8.0,0.939,0.0053373
0.8,1.0,10.0,1000.0,8.0,0.94809,0.005871
0.8,1.0,10.0,1000.0,8.0,0.95603,0.0064047
0.8,1.0,10.0,1000.0,8.0,0.96333,0.0069385
0.8,1.0,10.0,1000.0,8.0,0.97002,0.0074722
0.8,1.0,10.0,1000.0,8.0,0.97612,0.0080059
0.8,1.0,10.0,1000.0,8.0,0.9816,0.0085396
0.8,1.0,10.0,1000.0,8.0,0.9867,0.0090734
0.8,1.0,10.0,1000.0,8.0,0.99145,0.0096071
0.8,1.0,10.0,1000.0,8.0,0.99588,0.010141
0.8,1.0,10.0,1000.0,8.0,0.34098,0.0010675
0.8,1.0,10.0,1000.0,8.0,1.0,0.010675
0.8,1.0,10.0,1000.0,8.0,0.50209,0.0016012
0.8,1.0,10.0,1000.0,8.0,0.64493,0.0021349
0.8,1.0,10.0,1000.0,8.0,0.75815,0.0026686
0.8,1.0,10.0,1000.0,8.0,0.83867,0.0032024
0.8,1.0,10.0,1000.0,8.0,0.8891,0.0037361
0.8,1.0,10.0,1000.0,8.0,0.91405,0.0042698
0.8,1.0,10.0,1000.0,8.0,0.92859,0.0048036
0.8,1.0,10.0,200.0,8.0,0.071724,0.0011116
0.8,1.0,10.0,200.0,8.0,0.66598,0.011116
0.8,1.0,10.0,200.0,8.0,0.71536,0.012228
0.8,1.0,10.0,200.0,8.0,0.75887,0.01334
0.8,1.0,10.0,200.0,8.0,0.79632,0.014451
0.8,1.0,10.0,200.0,8.0,0.82831,0.015563
0.8,1.0,10.0,200.0,8.0,0.85645,0.016675
0.8,1.0,10.0,200.0,8.0,0.87589,0.017786
0.8,1.0,10.0,200.0,8.0,0.89485,0.018898
0.8,1.0,10.0,200.0,8.0,0.90506,0.020009
0.8,1.0,10.0,200.0,8.0,0.91413,0.021121
0.8,1.0,10.0,200.0,8.0,0.14332,0.0022233
0.8,1.0,10.0,200.0,8.0,0.9232,0.022233
0.8,1.0,10.0,200.0,8.0,0.21453,0.0033349
0.8,1.0,10.0,200.0,8.0,0.28516,0.0044466
0.8,1.0,10.0,200.0,8.0,0.35472,0.0055582
0.8,1.0,10.0,200.0,8.0,0.42292,0.0066698
0.8,1.0,10.0,200.0,8.0,0.48907,0.0077815
0.8,1.0,10.0,200.0,8.0,0.55204,0.0088931
0.8,1.0,10.0,200.0,8.0,0.61128,0.010005
0.8,1.0,10.0,300.0,8.0,0.098018,0.0010129
0.8,1.0,10.0,300.0,8.0,0.81925,0.010129
0.8,1.0,10.0,300.0,8.0,0.85654,0.011142
0.8,1.0,10.0,300.0,8.0,0.88464,0.012155
0.8,1.0,10.0,300.0,8.0,0.90546,0.013168
0.8,1.0,10.0,300.0,8.0,0.91632,0.014181
0.8,1.0,10.0,300.0,8.0,0.9256,0.015194
0.8,1.0,10.0,300.0,8.0,0.93238,0.016207
0.8,1.0,10.0,300.0,8.0,0.93845,0.01722
0.8,1.0,10.0,300.0,8.0,0.9441,0.018233
0.8,1.0,10.0,300.0,8.0,0.9491,0.019246
0.8,1.0,10.0,300.0,8.0,0.19562,0.0020259
0.8,1.0,10.0,300.0,8.0,0.95396,0.020258
0.8,1.0,10.0,300.0,8.0,0.2922,0.0030388
0.8,1.0,10.0,300.0,8.0,0.38686,0.0040517
0.8,1.0,10.0,300.0,8.0,0.47828,0.0050646
0.8,1.0,10.0,300.0,8.0,0.56445,0.0060775
0.8,1.0,10.0,300.0,8.0,0.6433,0.0070905
0.8,1.0,10.0,300.0,8.0,0.71262,0.0081034
0.8,1.0,10.0,300.0,8.0,0.77104,0.0091163
0.8,1.0,10.0,500.0,8.0,0.12536,0.0007776
0.8,1.0,10.0,500.0,8.0,0.89962,0.007776
0.8,1.0,10.0,500.0,8.0,0.91755,0.0085536
0.8,1.0,10.0,500.0,8.0,0.92758,0.0093313
0.8,1.0,10.0,500.0,8.0,0.9357,0.010109
0.8,1.0,10.0,500.0,8.0,0.94309,0.010886
0.8,1.0,10.0,500.0,8.0,0.94967,0.011664
0.8,1.0,10.0,500.0,8.0,0.95564,0.012442
0.8,1.0,10.0,500.0,8.0,0.96126,0.013219
0.8,1.0,10.0,500.0,8.0,0.96625,0.013997
0.8,1.0,10.0,500.0,8.0,0.97093,0.014774
0.8,1.0,10.0,500.0,8.0,0.24977,0.0015552
0.8,1.0,10.0,500.0,8.0,0.97536,0.015552
0.8,1.0,10.0,500.0,8.0,0.3717,0.0023328
0.8,1.0,10.0,500.0,8.0,0.48874,0.0031104
0.8,1.0,10.0,500.0,8.0,0.59668,0.003888
0.8,1.0,10.0,500.0,8.0,0.6909,0.0046656
0.8,1.0,10.0,500.0,8.0,0.76845,0.0054432
0.8,1.0,10.0,500.0,8.0,0.82847,0.0062208
0.8,1.0,10.0,500.0,8.0,0.8714,0.0069984
0.8,1.0,10.0,700.0,8.0,0.14599,0.00064712
0.8,1.0,10.0,700.0,8.0,0.92395,0.0064712
0.8,1.0,10.0,700.0,8.0,0.93352,0.0071184
0.8,1.0,10.0,700.0,8.0,0.94206,0.0077655
0.8,1.0,10.0,700.0,8.0,0.94981,0.0084126
0.8,1.0,10.0,700.0,8.0,0.95666,0.0090597
0.8,1.0,10.0,700.0,8.0,0.96295,0.0097069
0.8,1.0,10.0,700.0,8.0,0.96879,0.010354
0.8,1.0,10.0,700.0,8.0,0.97406,0.011001
0.8,1.0,10.0,700.0,8.0,0.97884,0.011648
0.8,1.0,10.0,700.0,8.0,0.98332,0.012295
0.8,1.0,10.0,700.0,8.0,0.29041,0.0012942
0.8,1.0,10.0,700.0,8.0,0.98753,0.012942
0.8,1.0,10.0,700.0,8.0,0.43051,0.0019414
0.8,1.0,10.0,700.0,8.0,0.56126,0.0025885
0.8,1.0,10.0,700.0,8.0,0.67578,0.0032356
0.8,1.0,10.0,700.0,8.0,0.76757,0.0038827
0.8,1.0,10.0,700.0,8.0,0.83673,0.0045299
0.8,1.0,10.0,700.0,8.0,0.88157,0.005177
0.8,1.0,10.0,700.0,8.0,0.90896,0.0058241
0.8,1.0,20.0,100.0,8.0,0.059334,0.0018391
0.8,1.0,20.0,100.0,8.0,0.5664,0.018391
0.8,1.0,20.0,100.0,8.0,0.61395,0.02023
0.8,1.0,20.0,100.0,8.0,0.658,0.022069
0.8,1.0,20.0,100.0,8.0,0.6982,0.023908
0.8,1.0,20.0,100.0,8.0,0.73446,0.025747
0.8,1.0,20.0,100.0,8.0,0.76691,0.027586
0.8,1.0,20.0,100.0,8.0,0.79619,0.029425
0.8,1.0,20.0,100.0,8.0,0.81971,0.031265
0.8,1.0,20.0,100.0,8.0,0.84147,0.033104
0.8,1.0,20.0,100.0,8.0,0.85809,0.034943
0.8,1.0,20.0,100.0,8.0,0.1186,0.0036782
0.8,1.0,20.0,100.0,8.0,0.87472,0.036782
0.8,1.0,20.0,100.0,8.0,0.17765,0.0055173
0.8,1.0,20.0,100.0,8.0,0.23631,0.0073564
0.8,1.0,20.0,100.0,8.0,0.29444,0.0091955
0.8,1.0,20.0,100.0,8.0,0.35182,0.011035
0.8,1.0,20.0,100.0,8.0,0.40815,0.012874
0.8,1.0,20.0,100.0,8.0,0.463,0.014713
0.8,1.0,20.0,100.0,8.0,0.51595,0.016552
0.8,1.0,20.0,1000.0,8.0,0.16346,0.00050747
0.8,1.0,20.0,1000.0,8.0,0.91555,0.0050747
0.8,1.0,20.0,1000.0,8.0,0.92104,0.0055821
0.8,1.0,20.0,1000.0,8.0,0.92601,0.0060896
0.8,1.0,20.0,1000.0,8.0,0.93053,0.0065971
0.8,1.0,20.0,1000.0,8.0,0.93458,0.0071046
0.8,1.0,20.0,1000.0,8.0,0.93829,0.007612
0.8,1.0,20.0,1000.0,8.0,0.94174,0.0081195
0.8,1.0,20.0,1000.0,8.0,0.9449,0.008627
0.8,1.0,20.0,1000.0,8.0,0.94775,0.0091344
0.8,1.0,20.0,1000.0,8.0,0.95044,0.0096419
0.8,1.0,20.0,1000.0,8.0,0.32431,0.0010149
0.8,1.0,20.0,1000.0,8.0,0.953,0.010149
0.8,1.0,20.0,1000.0,8.0,0.47804,0.0015224
0.8,1.0,20.0,1000.0,8.0,0.6156,0.0020299
0.8,1.0,20.0,1000.0,8.0,0.7279,0.0025373
0.8,1.0,20.0,1000.0,8.0,0.80985,0.0030448
0.8,1.0,20.0,1000.0,8.0,0.86259,0.0035523
0.8,1.0,20.0,1000.0,8.0,0.89268,0.0040597
0.8,1.0,20.0,1000.0,8.0,0.90812,0.0045672
0.8,1.0,20.0,200.0,8.0,0.079861,0.0012378
0.8,1.0,20.0,200.0,8.0,0.71612,0.012378
0.8,1.0,20.0,200.0,8.0,0.7614,0.013615
0.8,1.0,20.0,200.0,8.0,0.79992,0.014853
0.8,1.0,20.0,200.0,8.0,0.83164,0.016091
0.8,1.0,20.0,200.0,8.0,0.85676,0.017329
0.8,1.0,20.0,200.0,8.0,0.876,0.018566
0.8,1.0,20.0,200.0,8.0,0.89143,0.019804
0.8,1.0,20.0,200.0,8.0,0.90007,0.021042
0.8,1.0,20.0,200.0,8.0,0.90777,0.02228
0.8,1.0,20.0,200.0,8.0,0.91155,0.023517
0.8,1.0,20.0,200.0,8.0,0.1595,0.0024755
0.8,1.0,20.0,200.0,8.0,0.91533,0.024755
0.8,1.0,20.0,200.0,8.0,0.23856,0.0037133
0.8,1.0,20.0,200.0,8.0,0.31662,0.004951
0.8,1.0,20.0,200.0,8.0,0.39313,0.0061888
0.8,1.0,20.0,200.0,8.0,0.46722,0.0074265
0.8,1.0,20.0,200.0,8.0,0.53778,0.0086643
0.8,1.0,20.0,200.0,8.0,0.60334,0.009902
0.8,1.0,20.0,200.0,8.0,0.66302,0.01114
0.8,1.0,20.0,300.0,8.0,0.10391,0.0010739
0.8,1.0,20.0,300.0,8.0,0.83179,0.010739
0.8,1.0,20.0,300.0,8.0,0.8634,0.011813
0.8,1.0,20.0,300.0,8.0,0.88512,0.012886
0.8,1.0,20.0,300.0,8.0,0.89991,0.01396
0.8,1.0,20.0,300.0,8.0,0.90778,0.015034
0.8,1.0,20.0,300.0,8.0,0.91345,0.016108
0.8,1.0,20.0,300.0,8.0,0.9177,0.017182
0.8,1.0,20.0,300.0,8.0,0.92128,0.018256
0.8,1.0,20.0,300.0,8.0,0.92464,0.01933
0.8,1.0,20.0,300.0,8.0,0.92758,0.020403
0.8,1.0,20.0,300.0,8.0,0.20725,0.0021477
0.8,1.0,20.0,300.0,8.0,0.93045,0.021477
0.8,1.0,20.0,300.0,8.0,0.30919,0.0032216
0.8,1.0,20.0,300.0,8.0,0.40855,0.0042955
0.8,1.0,20.0,300.0,8.0,0.50358,0.0053693
0.8,1.0,20.0,300.0,8.0,0.5912,0.0064432
0.8,1.0,20.0,300.0,8.0,0.66922,0.007517
0.8,1.0,20.0,300.0,8.0,0.73552,0.0085909
0.8,1.0,20.0,300.0,8.0,0.78944,0.0096648
0.8,1.0,20.0,500.0,8.0,0.13153,0.00081609
0.8,1.0,20.0,500.0,8.0,0.89545,0.0081609
0.8,1.0,20.0,500.0,8.0,0.90712,0.0089769
0.8,1.0,20.0,500.0,8.0,0.91426,0.009793
0.8,1.0,20.0,500.0,8.0,0.91912,0.010609
0.8,1.0,20.0,500.0,8.0,0.92354,0.011425
0.8,1.0,20.0,500.0,8.0,0.92752,0.012241
0.8,1.0,20.0,500.0,8.0,0.93096,0.013057
0.8,1.0,20.0,500.0,8.0,0.93423,0.013873
0.8,1.0,20.0,500.0,8.0,0.93721,0.01469
0.8,1.0,20.0,500.0,8.0,0.93999,0.015506
0.8,1.0,20.0,500.0,8.0,0.26184,0.0016322
0.8,1.0,20.0,500.0,8.0,0.94266,0.016322
0.8,1.0,20.0,500.0,8.0,0.38898,0.0024483
0.8,1.0,20.0,500.0,8.0,0.50971,0.0032643
0.8,1.0,20.0,500.0,8.0,0.61848,0.0040804
0.8,1.0,20.0,500.0,8.0,0.71025,0.0048965
0.8,1.0,20.0,500.0,8.0,0.78287,0.0057126
0.8,1.0,20.0,500.0,8.0,0.83652,0.0065287
0.8,1.0,20.0,500.0,8.0,0.87375,0.0073448
0.8,1.0,20.0,700.0,8.0,0.14743,0.0006536
0.8,1.0,20.0,700.0,8.0,0.90864,0.006536
0.8,1.0,20.0,700.0,8.0,0.91562,0.0071896
0.8,1.0,20.0,700.0,8.0,0.92079,0.0078432
0.8,1.0,20.0,700.0,8.0,0.92543,0.0084968
0.8,1.0,20.0,700.0,8.0,0.92968,0.0091504
0.8,1.0,20.0,700.0,8.0,0.93337,0.009804
0.8,1.0,20.0,700.0,8.0,0.93679,0.010458
0.8,1.0,20.0,700.0,8.0,0.93998,0.011111
0.8,1.0,20.0,700.0,8.0,0.94285,0.011765
0.8,1.0,20.0,700.0,8.0,0.94559,0.012418
0.8,1.0,20.0,700.0,8.0,0.29306,0.0013072
0.8,1.0,20.0,700.0,8.0,0.94821,0.013072
0.8,1.0,20.0,700.0,8.0,0.4338,0.0019608
0.8,1.0,20.0,700.0,8.0,0.56413,0.0026144
0.8,1.0,20.0,700.0,8.0,0.67616,0.003268
0.8,1.0,20.0,700.0,8.0,0.76511,0.0039216
0.8,1.0,20.0,700.0,8.0,0.82896,0.0045752
0.8,1.0,20.0,700.0,8.0,0.87198,0.0052288
0.8,1.0,20.0,700.0,8.0,0.89606,0.0058824
0.8,1.0,3.0,100.0,8.0,0.082268,0.0025502
0.8,1.0,3.0,100.0,8.0,0.76187,0.025502
0.8,1.0,3.0,100.0,8.0,0.81644,0.028052
0.8,1.0,3.0,100.0,8.0,0.86374,0.030602
0.8,1.0,3.0,100.0,8.0,0.90429,0.033153
0.8,1.0,3.0,100.0,8.0,0.93196,0.035703
0.8,1.0,3.0,100.0,8.0,0.95672,0.038253
0.8,1.0,3.0,100.0,8.0,0.97383,0.040803
0.8,1.0,3.0,100.0,8.0,0.99024,0.043354
0.8,1.0,3.0,100.0,8.0,1.0041,0.045904
0.8,1.0,3.0,100.0,8.0,1.0181,0.048454
0.8,1.0,3.0,100.0,8.0,0.16441,0.0051004
0.8,1.0,3.0,100.0,8.0,1.0324,0.051004
0.8,1.0,3.0,100.0,8.0,0.24618,0.0076506
0.8,1.0,3.0,100.0,8.0,0.32731,0.010201
0.8,1.0,3.0,100.0,8.0,0.40737,0.012751
0.8,1.0,3.0,100.0,8.0,0.48563,0.015301
0.8,1.0,3.0,100.0,8.0,0.56145,0.017851
0.8,1.0,3.0,100.0,8.0,0.63356,0.020402
0.8,1.0,3.0,100.0,8.0,0.70059,0.022952
0.8,1.0,3.0,1000.0,8.0,0.21075,0.00065453
0.8,1.0,3.0,1000.0,8.0,1.1118,0.0065453
0.8,1.0,3.0,1000.0,8.0,1.1512,0.0071998
0.8,1.0,3.0,1000.0,8.0,1.1875,0.0078544
0.8,1.0,3.0,1000.0,8.0,1.2196,0.0085089
0.8,1.0,3.0,1000.0,8.0,1.2484,0.0091634
0.8,1.0,3.0,1000.0,8.0,1.2751,0.0098179
0.8,1.0,3.0,1000.0,8.0,1.3026,0.010472
0.8,1.0,3.0,1000.0,8.0,1.3302,0.011127
0.8,1.0,3.0,1000.0,8.0,1.357,0.011782
0.8,1.0,3.0,1000.0,8.0,1.3823,0.012436
0.8,1.0,3.0,1000.0,8.0,0.41758,0.0013091
0.8,1.0,3.0,1000.0,8.0,1.4059,0.013091
0.8,1.0,3.0,1000.0,8.0,0.61114,0.0019636
0.8,1.0,3.0,1000.0,8.0,0.77548,0.0026181
0.8,1.0,3.0,1000.0,8.0,0.88845,0.0032726
0.8,1.0,3.0,1000.0,8.0,0.95675,0.0039272
0.8,1.0,3.0,1000.0,8.0,0.996,0.0045817
0.8,1.0,3.0,1000.0,8.0,1.0302,0.0052362
0.8,1.0,3.0,1000.0,8.0,1.0707,0.0058908
0.8,1.0,3.0,200.0,8.0,0.095597,0.0014818
0.8,1.0,3.0,200.0,8.0,0.84828,0.014818
0.8,1.0,3.0,200.0,8.0,0.89533,0.0163
0.8,1.0,3.0,200.0,8.0,0.92988,0.017782
0.8,1.0,3.0,200.0,8.0,0.95908,0.019264
0.8,1.0,3.0,200.0,8.0,0.97824,0.020746
0.8,1.0,3.0,200.0,8.0,0.99665,0.022228
0.8,1.0,3.0,200.0,8.0,1.0129,0.023709
0.8,1.0,3.0,200.0,8.0,1.0295,0.025191
0.8,1.0,3.0,200.0,8.0,1.0472,0.026673
0.8,1.0,3.0,200.0,8.0,1.0649,0.028155
0.8,1.0,3.0,200.0,8.0,0.19098,0.0029637
0.8,1.0,3.0,200.0,8.0,1.0823,0.029637
0.8,1.0,3.0,200.0,8.0,0.28572,0.0044455
0.8,1.0,3.0,200.0,8.0,0.37938,0.0059274
0.8,1.0,3.0,200.0,8.0,0.47108,0.0074092
0.8,1.0,3.0,200.0,8.0,0.55936,0.008891
0.8,1.0,3.0,200.0,8.0,0.64303,0.010373
0.8,1.0,3.0,200.0,8.0,0.72029,0.011855
0.8,1.0,3.0,200.0,8.0,0.78874,0.013337
0.8,1.0,3.0,300.0,8.0,0.10526,0.0010879
0.8,1.0,3.0,300.0,8.0,0.89398,0.010879
0.8,1.0,3.0,300.0,8.0,0.93449,0.011967
0.8,1.0,3.0,300.0,8.0,0.96103,0.013055
0.8,1.0,3.0,300.0,8.0,0.98413,0.014143
0.8,1.0,3.0,300.0,8.0,1.0025,0.015231
0.8,1.0,3.0,300.0,8.0,1.0211,0.016319
0.8,1.0,3.0,300.0,8.0,1.0403,0.017407
0.8,1.0,3.0,300.0,8.0,1.0601,0.018494
0.8,1.0,3.0,300.0,8.0,1.0796,0.019582
0.8,1.0,3.0,300.0,8.0,1.0984,0.02067
0.8,1.0,3.0,300.0,8.0,0.21024,0.0021758
0.8,1.0,3.0,300.0,8.0,1.1169,0.021758
0.8,1.0,3.0,300.0,8.0,0.31429,0.0032637
0.8,1.0,3.0,300.0,8.0,0.41679,0.0043516
0.8,1.0,3.0,300.0,8.0,0.51631,0.0054395
0.8,1.0,3.0,300.0,8.0,0.61064,0.0065274
0.8,1.0,3.0,300.0,8.0,0.69798,0.0076154
0.8,1.0,3.0,300.0,8.0,0.77594,0.0087033
0.8,1.0,3.0,300.0,8.0,0.842,0.0097912
0.8,1.0,3.0,500.0,8.0,0.14391,0.00089269
0.8,1.0,3.0,500.0,8.0,0.99545,0.0089269
0.8,1.0,3.0,500.0,8.0,1.0194,0.0098196
0.8,1.0,3.0,500.0,8.0,1.0466,0.010712
0.8,1.0,3.0,500.0,8.0,1.0747,0.011605
0.8,1.0,3.0,500.0,8.0,1.1016,0.012498
0.8,1.0,3.0,500.0,8.0,1.1264,0.01339
0.8,1.0,3.0,500.0,8.0,1.1498,0.014283
0.8,1.0,3.0,500.0,8.0,1.1727,0.015176
0.8,1.0,3.0,500.0,8.0,1.1957,0.016068
0.8,1.0,3.0,500.0,8.0,1.2176,0.016961
0.8,1.0,3.0,500.0,8.0,0.28685,0.0017854
0.8,1.0,3.0,500.0,8.0,1.2385,0.017854
0.8,1.0,3.0,500.0,8.0,0.42712,0.0026781
0.8,1.0,3.0,500.0,8.0,0.56136,0.0035708
0.8,1.0,3.0,500.0,8.0,0.68421,0.0044635
0.8,1.0,3.0,500.0,8.0,0.79046,0.0053562
0.8,1.0,3.0,500.0,8.0,0.87301,0.0062488
0.8,1.0,3.0,500.0,8.0,0.92997,0.0071415
0.8,1.0,3.0,500.0,8.0,0.96825,0.0080342
0.8,1.0,3.0,700.0,8.0,0.1739,0.0007709
0.8,1.0,3.0,700.0,8.0,1.0457,0.007709
0.8,1.0,3.0,700.0,8.0,1.0801,0.0084799
0.8,1.0,3.0,700.0,8.0,1.1135,0.0092508
0.8,1.0,3.0,700.0,8.0,1.1443,0.010022
0.8,1.0,3.0,700.0,8.0,1.172,0.010793
0.8,1.0,3.0,700.0,8.0,1.1977,0.011563
0.8,1.0,3.0,700.0,8.0,1.223,0.012334
0.8,1.0,3.0,700.0,8.0,1.2486,0.013105
0.8,1.0,3.0,700.0,8.0,1.2735,0.013876
0.8,1.0,3.0,700.0,8.0,1.2967,0.014647
0.8,1.0,3.0,700.0,8.0,0.34589,0.0015418
0.8,1.0,3.0,700.0,8.0,1.3187,0.015418
0.8,1.0,3.0,700.0,8.0,0.5121,0.0023127
0.8,1.0,3.0,700.0,8.0,0.66456,0.0030836
0.8,1.0,3.0,700.0,8.0,0.79416,0.0038545
0.8,1.0,3.0,700.0,8.0,0.88776,0.0046254
0.8,1.0,3.0,700.0,8.0,0.94817,0.0053963
0.8,1.0,3.0,700.0,8.0,0.98555,0.0061672
0.8,1.0,3.0,700.0,8.0,1.0138,0.0069381
0.8,1.0,4.0,100.0,8.0,0.078348,0.0024286
0.8,1.0,4.0,100.0,8.0,0.72627,0.024286
0.8,1.0,4.0,100.0,8.0,0.77905,0.026715
0.8,1.0,4.0,100.0,8.0,0.82486,0.029144
0.8,1.0,4.0,100.0,8.0,0.86343,0.031572
0.8,1.0,4.0,100.0,8.0,0.89545,0.034001
0.8,1.0,4.0,100.0,8.0,0.92072,0.036429
0.8,1.0,4.0,100.0,8.0,0.93898,0.038858
0.8,1.0,4.0,100.0,8.0,0.95324,0.041287
0.8,1.0,4.0,100.0,8.0,0.96607,0.043715
0.8,1.0,4.0,100.0,8.0,0.97651,0.046144
0.8,1.0,4.0,100.0,8.0,0.15657,0.0048573
0.8,1.0,4.0,100.0,8.0,0.98695,0.048573
0.8,1.0,4.0,100.0,8.0,0.2344,0.0072859
0.8,1.0,4.0,100.0,8.0,0.31164,0.0097145
0.8,1.0,4.0,100.0,8.0,0.38774,0.012143
0.8,1.0,4.0,100.0,8.0,0.46231,0.014572
0.8,1.0,4.0,100.0,8.0,0.53446,0.017
0.8,1.0,4.0,100.0,8.0,0.60295,0.019429
0.8,1.0,4.0,100.0,8.0,0.66725,0.021858
0.8,1.0,4.0,1000.0,8.0,0.22742,0.00070702
0.8,1.0,4.0,1000.0,8.0,1.0616,0.0070702
0.8,1.0,4.0,1000.0,8.0,1.0896,0.0077772
0.8,1.0,4.0,1000.0,8.0,1.1157,0.0084842
0.8,1.0,4.0,1000.0,8.0,1.139,0.0091912
0.8,1.0,4.0,1000.0,8.0,1.1598,0.0098982
0.8,1.0,4.0,1000.0,8.0,1.179,0.010605
0.8,1.0,4.0,1000.0,8.0,1.1971,0.011312
0.8,1.0,4.0,1000.0,8.0,1.215,0.012019
0.8,1.0,4.0,1000.0,8.0,1.2331,0.012726
0.8,1.0,4.0,1000.0,8.0,1.2505,0.013433
0.8,1.0,4.0,1000.0,8.0,0.44918,0.001414
0.8,1.0,4.0,1000.0,8.0,1.2668,0.01414
0.8,1.0,4.0,1000.0,8.0,0.6499,0.0021211
0.8,1.0,4.0,1000.0,8.0,0.80775,0.0028281
0.8,1.0,4.0,1000.0,8.0,0.90608,0.0035351
0.8,1.0,4.0,1000.0,8.0,0.95292,0.0042421
0.8,1.0,4.0,1000.0,8.0,0.98309,0.0049491
0.8,1.0,4.0,1000.0,8.0,1.0084,0.0056561
0.8,1.0,4.0,1000.0,8.0,1.0334,0.0063632
0.8,1.0,4.0,200.0,8.0,0.094631,0.0014669
0.8,1.0,4.0,200.0,8.0,0.82815,0.014669
0.8,1.0,4.0,200.0,8.0,0.87425,0.016135
0.8,1.0,4.0,200.0,8.0,0.90933,0.017602
0.8,1.0,4.0,200.0,8.0,0.9331,0.019069
0.8,1.0,4.0,200.0,8.0,0.95252,0.020536
0.8,1.0,4.0,200.0,8.0,0.96727,0.022003
0.8,1.0,4.0,200.0,8.0,0.9803,0.02347
0.8,1.0,4.0,200.0,8.0,0.99191,0.024937
0.8,1.0,4.0,200.0,8.0,1.0024,0.026403
0.8,1.0,4.0,200.0,8.0,1.0127,0.02787
0.8,1.0,4.0,200.0,8.0,0.18899,0.0029337
0.8,1.0,4.0,200.0,8.0,1.0229,0.029337
0.8,1.0,4.0,200.0,8.0,0.28269,0.0044006
0.8,1.0,4.0,200.0,8.0,0.37505,0.0058674
0.8,1.0,4.0,200.0,8.0,0.46541,0.0073343
0.8,1.0,4.0,200.0,8.0,0.55178,0.0088011
0.8,1.0,4.0,200.0,8.0,0.63324,0.010268
0.8,1.0,4.0,200.0,8.0,0.70731,0.011735
0.8,1.0,4.0,200.0,8.0,0.77246,0.013202
0.8,1.0,4.0,300.0,8.0,0.10291,0.0010635
0.8,1.0,4.0,300.0,8.0,0.87007,0.010635
0.8,1.0,4.0,300.0,8.0,0.9069,0.011699
0.8,1.0,4.0,300.0,8.0,0.93432,0.012762
0.8,1.0,4.0,300.0,8.0,0.95377,0.013826
0.8,1.0,4.0,300.0,8.0,0.97006,0.014889
0.8,1.0,4.0,300.0,8.0,0.98349,0.015953
0.8,1.0,4.0,300.0,8.0,0.99602,0.017017
0.8,1.0,4.0,300.0,8.0,1.0072,0.01808
0.8,1.0,4.0,300.0,8.0,1.0185,0.019144
0.8,1.0,4.0,300.0,8.0,1.03,0.020207
0.8,1.0,4.0,300.0,8.0,0.20545,0.0021271
0.8,1.0,4.0,300.0,8.0,1.042,0.021271
0.8,1.0,4.0,300.0,8.0,0.30712,0.0031906
0.8,1.0,4.0,300.0,8.0,0.40692,0.0042541
0.8,1.0,4.0,300.0,8.0,0.50389,0.0053177
0.8,1.0,4.0,300.0,8.0,0.5952,0.0063812
0.8,1.0,4.0,300.0,8.0,0.67966,0.0074447
0.8,1.0,4.0,300.0,8.0,0.75432,0.0085083
0.8,1.0,4.0,300.0,8.0,0.81757,0.0095718
0.8,1.0,4.0,500.0,8.0,0.14642,0.00090846
0.8,1.0,4.0,500.0,8.0,0.97201,0.0090846
0.8,1.0,4.0,500.0,8.0,0.99067,0.009993
0.8,1.0,4.0,500.0,8.0,1.0068,0.010901
0.8,1.0,4.0,500.0,8.0,1.0229,0.01181
0.8,1.0,4.0,500.0,8.0,1.0404,0.012718
0.8,1.0,4.0,500.0,8.0,1.058,0.013627
0.8,1.0,4.0,500.0,8.0,1.0747,0.014535
0.8,1.0,4.0,500.0,8.0,1.0908,0.015444
0.8,1.0,4.0,500.0,8.0,1.106,0.016352
0.8,1.0,4.0,500.0,8.0,1.1205,0.017261
0.8,1.0,4.0,500.0,8.0,0.2917,0.0018169
0.8,1.0,4.0,500.0,8.0,1.1348,0.018169
0.8,1.0,4.0,500.0,8.0,0.43352,0.0027254
0.8,1.0,4.0,500.0,8.0,0.56796,0.0036338
0.8,1.0,4.0,500.0,8.0,0.68877,0.0045423
0.8,1.0,4.0,500.0,8.0,0.78923,0.0054507
0.8,1.0,4.0,500.0,8.0,0.86801,0.0063592
0.8,1.0,4.0,500.0,8.0,0.92097,0.0072676
0.8,1.0,4.0,500.0,8.0,0.94961,0.0081761
0.8,1.0,4.0,700.0,8.0,0.18155,0.00080516
0.8,1.0,4.0,700.0,8.0,1.0111,0.0080516
0.8,1.0,4.0,700.0,8.0,1.0317,0.0088568
0.8,1.0,4.0,700.0,8.0,1.0542,0.0096619
0.8,1.0,4.0,700.0,8.0,1.0763,0.010467
0.8,1.0,4.0,700.0,8.0,1.0966,0.011272
0.8,1.0,4.0,700.0,8.0,1.1153,0.012077
0.8,1.0,4.0,700.0,8.0,1.133,0.012883
0.8,1.0,4.0,700.0,8.0,1.1495,0.013688
0.8,1.0,4.0,700.0,8.0,1.1658,0.014493
0.8,1.0,4.0,700.0,8.0,1.1819,0.015298
0.8,1.0,4.0,700.0,8.0,0.36064,0.0016103
0.8,1.0,4.0,700.0,8.0,1.1974,0.016103
0.8,1.0,4.0,700.0,8.0,0.5315,0.0024155
0.8,1.0,4.0,700.0,8.0,0.68383,0.0032206
0.8,1.0,4.0,700.0,8.0,0.80641,0.0040258
0.8,1.0,4.0,700.0,8.0,0.8895,0.004831
0.8,1.0,4.0,700.0,8.0,0.93944,0.0056361
0.8,1.0,4.0,700.0,8.0,0.96969,0.0064413
0.8,1.0,4.0,700.0,8.0,0.99119,0.0072464
0.8,1.0,6.0,100.0,8.0,0.069921,0.0021674
0.8,1.0,6.0,100.0,8.0,0.65705,0.021674
0.8,1.0,6.0,100.0,8.0,0.70812,0.023841
0.8,1.0,6.0,100.0,8.0,0.75411,0.026008
0.8,1.0,6.0,100.0,8.0,0.79474,0.028176
0.8,1.0,6.0,100.0,8.0,0.8304,0.030343
0.8,1.0,6.0,100.0,8.0,0.85999,0.03251
0.8,1.0,6.0,100.0,8.0,0.88361,0.034678
0.8,1.0,6.0,100.0,8.0,0.90412,0.036845
0.8,1.0,6.0,100.0,8.0,0.91807,0.039013
0.8,1.0,6.0,100.0,8.0,0.92886,0.04118
0.8,1.0,6.0,100.0,8.0,0.13974,0.0043347
0.8,1.0,6.0,100.0,8.0,0.93966,0.043347
0.8,1.0,6.0,100.0,8.0,0.20926,0.0065021
0.8,1.0,6.0,100.0,8.0,0.27827,0.0086695
0.8,1.0,6.0,100.0,8.0,0.3465,0.010837
0.8,1.0,6.0,100.0,8.0,0.41347,0.013004
0.8,1.0,6.0,100.0,8.0,0.47886,0.015172
0.8,1.0,6.0,100.0,8.0,0.54188,0.017339
0.8,1.0,6.0,100.0,8.0,0.60135,0.019506
0.8,1.0,6.0,1000.0,8.0,0.18928,0.00058776
0.8,1.0,6.0,1000.0,8.0,0.97819,0.0058776
0.8,1.0,6.0,1000.0,8.0,0.99066,0.0064653
0.8,1.0,6.0,1000.0,8.0,1.0018,0.0070531
0.8,1.0,6.0,1000.0,8.0,1.0123,0.0076408
0.8,1.0,6.0,1000.0,8.0,1.0231,0.0082286
0.8,1.0,6.0,1000.0,8.0,1.0345,0.0088164
0.8,1.0,6.0,1000.0,8.0,1.0461,0.0094041
0.8,1.0,6.0,1000.0,8.0,1.0572,0.0099919
0.8,1.0,6.0,1000.0,8.0,1.0675,0.01058
0.8,1.0,6.0,1000.0,8.0,1.0772,0.011167
0.8,1.0,6.0,1000.0,8.0,0.3751,0.0011755
0.8,1.0,6.0,1000.0,8.0,1.0866,0.011755
0.8,1.0,6.0,1000.0,8.0,0.54998,0.0017633
0.8,1.0,6.0,1000.0,8.0,0.70011,0.002351
0.8,1.0,6.0,1000.0,8.0,0.81407,0.0029388
0.8,1.0,6.0,1000.0,8.0,0.88577,0.0035265
0.8,1.0,6.0,1000.0,8.0,0.9255,0.0041143
0.8,1.0,6.0,1000.0,8.0,0.94808,0.0047021
0.8,1.0,6.0,1000.0,8.0,0.9642,0.0052898
0.8,1.0,6.0,200.0,8.0,0.084491,0.0013096
0.8,1.0,6.0,200.0,8.0,0.75796,0.013096
0.8,1.0,6.0,200.0,8.0,0.80571,0.014406
0.8,1.0,6.0,200.0,8.0,0.84557,0.015715
0.8,1.0,6.0,200.0,8.0,0.87942,0.017025
0.8,1.0,6.0,200.0,8.0,0.90139,0.018334
0.8,1.0,6.0,200.0,8.0,0.92184,0.019644
0.8,1.0,6.0,200.0,8.0,0.93264,0.020953
0.8,1.0,6.0,200.0,8.0,0.94344,0.022263
0.8,1.0,6.0,200.0,8.0,0.95225,0.023573
0.8,1.0,6.0,200.0,8.0,0.95998,0.024882
0.8,1.0,6.0,200.0,8.0,0.16877,0.0026192
0.8,1.0,6.0,200.0,8.0,0.96771,0.026192
0.8,1.0,6.0,200.0,8.0,0.2525,0.0039288
0.8,1.0,6.0,200.0,8.0,0.33521,0.0052384
0.8,1.0,6.0,200.0,8.0,0.41644,0.006548
0.8,1.0,6.0,200.0,8.0,0.49491,0.0078576
0.8,1.0,6.0,200.0,8.0,0.56981,0.0091672
0.8,1.0,6.0,200.0,8.0,0.63929,0.010477
0.8,1.0,6.0,200.0,8.0,0.70226,0.011786
0.8,1.0,6.0,300.0,8.0,0.095317,0.00098501
0.8,1.0,6.0,300.0,8.0,0.81901,0.0098501
0.8,1.0,6.0,300.0,8.0,0.86042,0.010835
0.8,1.0,6.0,300.0,8.0,0.8907,0.01182
0.8,1.0,6.0,300.0,8.0,0.91603,0.012805
0.8,1.0,6.0,300.0,8.0,0.92948,0.01379
0.8,1.0,6.0,300.0,8.0,0.94293,0.014775
0.8,1.0,6.0,300.0,8.0,0.95232,0.01576
0.8,1.0,6.0,300.0,8.0,0.96128,0.016745
0.8,1.0,6.0,300.0,8.0,0.96941,0.01773
0.8,1.0,6.0,300.0,8.0,0.97656,0.018715
0.8,1.0,6.0,300.0,8.0,0.19029,0.00197
0.8,1.0,6.0,300.0,8.0,0.98372,0.0197
0.8,1.0,6.0,300.0,8.0,0.28447,0.002955
0.8,1.0,6.0,300.0,8.0,0.37711,0.00394
0.8,1.0,6.0,300.0,8.0,0.46707,0.004925
0.8,1.0,6.0,300.0,8.0,0.55306,0.00591
0.8,1.0,6.0,300.0,8.0,0.63231,0.006895
0.8,1.0,6.0,300.0,8.0,0.70414,0.00788
0.8,1.0,6.0,300.0,8.0,0.76675,0.0088651
0.8,1.0,6.0,500.0,8.0,0.13403,0.0008314
0.8,1.0,6.0,500.0,8.0,0.93062,0.008314
0.8,1.0,6.0,500.0,8.0,0.94666,0.0091454
0.8,1.0,6.0,500.0,8.0,0.95963,0.0099768
0.8,1.0,6.0,500.0,8.0,0.97081,0.010808
0.8,1.0,6.0,500.0,8.0,0.9807,0.01164
0.8,1.0,6.0,500.0,8.0,0.98975,0.012471
0.8,1.0,6.0,500.0,8.0,0.99803,0.013302
0.8,1.0,6.0,500.0,8.0,1.0057,0.014134
0.8,1.0,6.0,500.0,8.0,1.0131,0.014965
0.8,1.0,6.0,500.0,8.0,1.0205,0.015797
0.8,1.0,6.0,500.0,8.0,0.26703,0.0016628
0.8,1.0,6.0,500.0,8.0,1.0281,0.016628
0.8,1.0,6.0,500.0,8.0,0.39725,0.0024942
0.8,1.0,6.0,500.0,8.0,0.52161,0.0033256
0.8,1.0,6.0,500.0,8.0,0.63504,0.004157
0.8,1.0,6.0,500.0,8.0,0.73243,0.0049884
0.8,1.0,6.0,500.0,8.0,0.81063,0.0058198
0.8,1.0,6.0,500.0,8.0,0.86926,0.0066512
0.8,1.0,6.0,500.0,8.0,0.90858,0.0074826
0.8,1.0,6.0,700.0,8.0,0.15683,0.00069518
0.8,1.0,6.0,700.0,8.0,0.95465,0.0069518
0.8,1.0,6.0,700.0,8.0,0.96799,0.007647
0.8,1.0,6.0,700.0,8.0,0.97992,0.0083422
0.8,1.0,6.0,700.0,8.0,0.99036,0.0090374
0.8,1.0,6.0,700.0,8.0,0.99975,0.0097325
0.8,1.0,6.0,700.0,8.0,1.0087,0.010428
0.8,1.0,6.0,700.0,8.0,1.0175,0.011123
0.8,1.0,6.0,700.0,8.0,1.0266,0.011818
0.8,1.0,6.0,700.0,8.0,1.0356,0.012513
0.8,1.0,6.0,700.0,8.0,1.0446,0.013208
0.8,1.0,6.0,700.0,8.0,0.31188,0.0013904
0.8,1.0,6.0,700.0,8.0,1.0534,0.013904
0.8,1.0,6.0,700.0,8.0,0.46192,0.0020855
0.8,1.0,6.0,700.0,8.0,0.60035,0.0027807
0.8,1.0,6.0,700.0,8.0,0.71956,0.0034759
0.8,1.0,6.0,700.0,8.0,0.81231,0.0041711
0.8,1.0,6.0,700.0,8.0,0.87667,0.0048663
0.8,1.0,6.0,700.0,8.0,0.91622,0.0055615
0.8,1.0,6.0,700.0,8.0,0.93954,0.0062566
